# Blender 4.5.3 LTS
# www.blender.org
o higherpoly_bunny
v -0.003410 0.130320 0.021754
v -0.081719 0.152501 0.029656
v -0.030543 0.124779 0.001098
v -0.024902 0.112111 0.037560
v -0.018406 0.178431 -0.024220
v 0.019068 0.121449 0.031968
v 0.006041 0.124944 0.032653
v -0.013469 0.162994 -0.012000
v -0.034393 0.172367 -0.000982
v -0.084314 0.109573 0.003710
v -0.042234 0.172116 -0.004180
v -0.063308 0.156606 -0.013839
v -0.076904 0.167080 -0.026931
v -0.072254 0.115396 0.051670
v 0.012981 0.113664 0.038303
v -0.037857 0.170101 0.001424
v 0.004869 0.037962 0.045868
v -0.057181 0.040919 0.046301
v -0.045209 0.038839 0.044504
v -0.033761 0.126179 0.001713
v -0.050242 0.157737 0.009394
v -0.021217 0.158879 -0.004692
v -0.056473 0.157784 0.008179
v -0.052802 0.041320 0.046170
v -0.049960 0.043102 0.044463
v -0.029749 0.036540 0.052493
v -0.003544 0.042660 0.047542
v 0.004930 0.041983 0.045723
v -0.039088 0.168720 -0.011925
v -0.056901 0.045437 0.043237
v -0.041245 0.043099 0.042130
v -0.026472 0.045035 0.051219
v -0.021867 0.044023 0.053244
v -0.036996 0.168993 0.001326
v -0.067217 0.161713 -0.013734
v 0.049760 0.070235 0.023732
v -0.049187 0.046411 0.041170
v -0.044590 0.043798 0.042685
v -0.043686 0.047155 0.040286
v -0.022492 0.046514 0.051885
v -0.006517 0.045036 0.047503
v 0.000377 0.044936 0.046520
v 0.034024 0.113539 0.024595
v -0.026468 0.181043 -0.008081
v -0.017533 0.047964 0.048830
v -0.007001 0.046417 0.047486
v 0.005986 0.046689 0.049074
v 0.009101 0.048474 0.049353
v -0.035454 0.112448 0.035055
v -0.075983 0.138208 0.049217
v 0.034838 0.043153 0.028954
v -0.052656 0.048494 0.038731
v -0.047379 0.048457 0.039127
v -0.038934 0.046364 0.040365
v -0.026469 0.047816 0.049323
v -0.022366 0.048074 0.050126
v -0.013373 0.047892 0.047884
v -0.012193 0.049470 0.049484
v -0.000634 0.047193 0.049137
v 0.002066 0.050105 0.052290
v -0.022749 0.049884 0.046606
v -0.018002 0.049918 0.046948
v -0.007804 0.050169 0.050989
v -0.002684 0.051247 0.053187
v -0.063876 0.161401 -0.020064
v 0.032434 0.045334 0.030317
v -0.088065 0.124968 0.000574
v -0.041504 0.167485 0.003277
v -0.064457 0.153429 -0.005118
v -0.034303 0.050520 0.038286
v -0.022949 0.051021 0.043926
v -0.014355 0.054428 0.050710
v 0.001377 0.052303 0.053149
v 0.003629 0.053199 0.053423
v 0.008072 0.051574 0.051774
v -0.072666 0.130056 0.051668
v 0.037993 0.049793 0.031902
v 0.038497 0.048062 0.031737
v 0.021504 0.125640 0.021253
v -0.076481 0.148274 -0.008938
v -0.087240 0.119672 -0.000178
v -0.043720 0.168227 0.002342
v -0.040652 0.122665 0.026290
v -0.046686 0.054571 0.037587
v -0.044072 0.051058 0.038978
v -0.038144 0.050600 0.039302
v -0.019876 0.051608 0.046142
v -0.016911 0.051844 0.048459
v -0.016249 0.054292 0.050307
v -0.010447 0.053686 0.051959
v -0.004309 0.054468 0.053908
v 0.007815 0.055051 0.052750
v 0.037955 0.104887 -0.003203
v -0.079004 0.128505 0.053149
v -0.079779 0.134489 0.050990
v -0.059130 0.150397 0.034490
v -0.065692 0.149618 0.038161
v -0.031952 0.125184 0.019401
v -0.069373 0.160618 -0.009191
v -0.045226 0.129355 0.020378
v -0.041879 0.056164 0.039797
v -0.030615 0.054413 0.036694
v -0.024788 0.052606 0.040840
v -0.021589 0.056837 0.045467
v -0.000243 0.054536 0.054641
v -0.080901 0.125587 0.052155
v -0.029996 0.178111 -0.005236
v 0.035515 0.050450 0.031440
v 0.043316 0.052146 0.032492
v -0.063939 0.152627 0.034481
v -0.044489 0.061078 0.039545
v -0.038980 0.057996 0.040151
v -0.079088 0.170445 -0.041373
v -0.004625 0.057760 0.053991
v -0.001499 0.055925 0.054631
v 0.005198 0.057018 0.053424
v 0.000031 0.123157 0.034750
v 0.033568 0.115237 0.021798
v 0.038686 0.056451 0.031189
v -0.034386 0.054096 0.038060
v -0.008531 0.060159 0.055309
v -0.000440 0.058343 0.054483
v -0.091079 0.115060 0.040142
v 0.040775 0.054557 0.032015
v 0.045637 0.057403 0.031992
v 0.020359 0.124487 0.025906
v -0.014170 0.127679 0.001308
v -0.011988 0.057493 0.052752
v 0.003251 0.059829 0.055464
v -0.012395 0.122647 0.033588
v 0.013814 0.123222 0.032503
v -0.077004 0.155213 0.024535
v -0.028001 0.061075 0.037471
v -0.000855 0.060594 0.055825
v -0.038050 0.115271 0.033179
v -0.016231 0.123829 0.029577
v -0.025374 0.158400 -0.001480
v -0.067819 0.154544 0.030234
v -0.004308 0.061419 0.055688
v -0.003196 0.119125 0.038350
v -0.006429 0.122011 0.035741
v 0.042313 0.059099 0.030848
v 0.048510 0.061781 0.030347
v 0.050412 0.060313 0.030245
v -0.039186 0.063075 0.041383
v -0.034449 0.060781 0.039544
v -0.014746 0.065584 0.053731
v 0.002665 0.062700 0.056525
v -0.013992 0.119626 0.036252
v 0.019659 0.112362 0.037545
v -0.032597 0.174987 -0.002595
v -0.002151 0.099437 0.049850
v -0.056001 0.061831 0.027931
v -0.054707 0.063462 0.031671
v -0.051308 0.060522 0.031435
v -0.041979 0.069630 0.041825
v -0.030272 0.062475 0.037982
v -0.011388 0.064742 0.054918
v 0.006954 0.064700 0.055599
v 0.043015 0.097691 0.001026
v 0.040636 0.061575 0.029841
v 0.046184 0.061910 0.030223
v 0.037553 0.106853 0.026303
v -0.078641 0.163872 -0.028388
v -0.061996 0.147615 -0.004326
v -0.005750 0.065489 0.056173
v 0.000254 0.065741 0.056569
v -0.020543 0.119795 0.033004
v 0.004316 0.127826 0.028647
v -0.046550 0.067652 0.039636
v -0.017421 0.069659 0.054090
v -0.015242 0.070910 0.055005
v -0.010283 0.068926 0.055290
v -0.000113 0.069288 0.056580
v -0.036309 0.118769 0.030674
v -0.070326 0.063368 0.019809
v 0.043023 0.063796 0.028039
v 0.042831 0.085556 0.027874
v 0.016982 0.127150 0.022931
v -0.042121 0.128251 0.001075
v 0.016329 0.122519 0.031375
v -0.081264 0.153812 0.025898
v -0.032258 0.088193 -0.025131
v -0.013775 0.070888 0.054696
v 0.005293 0.068006 0.055670
v 0.007696 0.072376 0.056062
v 0.003483 0.120026 0.036912
v 0.006653 0.116736 0.038716
v 0.046087 0.066474 0.026809
v 0.052327 0.064327 0.028282
v -0.061898 0.122971 -0.008773
v -0.006393 0.105245 -0.022842
v -0.035218 0.068560 0.041381
v -0.032690 0.067730 0.040124
v -0.029245 0.069552 0.039369
v -0.005002 0.069655 0.056893
v 0.016574 0.118902 0.035042
v -0.089385 0.099024 0.017522
v 0.045719 0.069489 0.023549
v 0.054537 0.068797 0.024518
v -0.044989 0.071577 0.041929
v -0.004244 0.129149 0.025829
v -0.073880 0.120916 0.053396
v -0.074034 0.144069 0.044995
v 0.050400 0.067292 0.026851
v -0.054057 0.156716 -0.002487
v 0.026148 0.120147 0.027308
v -0.010736 0.129903 0.010994
v -0.045079 0.087261 -0.021866
v -0.038341 0.068844 0.041846
v -0.029256 0.075169 0.041186
v -0.047311 0.162960 0.006074
v -0.011866 0.073184 0.056250
v -0.006373 0.072184 0.057973
v -0.002994 0.072186 0.058167
v -0.025781 0.093778 -0.028388
v -0.016693 0.115686 0.037853
v -0.084123 0.108320 0.024731
v -0.074294 0.163568 -0.015534
v -0.094297 0.126177 0.019225
v -0.035207 0.125052 0.021636
v -0.049496 0.073436 0.041674
v -0.033064 0.076655 0.041278
v -0.007316 0.073920 0.057972
v 0.000022 0.073496 0.057697
v 0.004193 0.072915 0.056299
v -0.077256 0.145659 0.043123
v 0.041073 0.088724 -0.009788
v 0.037419 0.108508 0.000340
v -0.055111 0.074688 0.041940
v -0.042740 0.076995 0.042804
v -0.068531 0.156300 0.020998
v -0.009944 0.076343 0.057389
v -0.003248 0.075711 0.058715
v 0.013414 0.093074 0.051468
v -0.073504 0.093883 -0.014752
v -0.074472 0.135075 0.050689
v -0.025851 0.121829 0.026080
v -0.034023 0.175971 -0.003727
v -0.075406 0.168391 -0.026793
v -0.036658 0.075087 0.042007
v -0.017795 0.077486 0.056087
v -0.011379 0.079877 0.057699
v -0.000104 0.076882 0.058191
v 0.002738 0.079106 0.056719
v 0.005568 0.076397 0.056327
v -0.061896 0.154242 -0.019019
v -0.072647 0.140989 0.046977
v 0.015800 0.129014 0.013237
v -0.011703 0.097356 0.051592
v -0.058922 0.077545 0.042961
v -0.053121 0.077912 0.043335
v -0.050746 0.076148 0.043138
v -0.047402 0.075550 0.042630
v -0.045056 0.078796 0.042341
v -0.039518 0.078128 0.042919
v -0.015246 0.082941 0.056935
v -0.014558 0.076582 0.056493
v -0.005941 0.079038 0.057970
v 0.037177 0.110644 0.018811
v 0.002393 0.131627 0.011955
v -0.093644 0.117894 0.018662
v -0.063940 0.078622 0.042084
v -0.045376 0.082384 0.043282
v -0.036505 0.081152 0.043162
v -0.033244 0.082267 0.041852
v -0.030801 0.080068 0.041798
v -0.002058 0.080998 0.057554
v 0.008185 0.080756 0.055375
v -0.012953 0.115936 0.038920
v -0.078081 0.123519 0.052137
v -0.026581 0.155677 -0.004196
v -0.082472 0.116241 -0.002324
v -0.027538 0.079965 0.047697
v 0.001256 0.083846 0.057446
v 0.006151 0.083406 0.056463
v -0.062433 0.084035 0.044203
v -0.059867 0.080541 0.043277
v -0.055238 0.081999 0.044985
v -0.054000 0.080568 0.044601
v -0.050027 0.081311 0.044264
v -0.041996 0.081084 0.042456
v -0.039358 0.083631 0.043502
v -0.086161 0.108386 0.018245
v -0.086723 0.099917 0.003554
v -0.022414 0.083284 0.055591
v -0.016993 0.082556 0.057524
v -0.012406 0.085223 0.057268
v -0.007444 0.116934 0.039284
v -0.002145 0.111433 0.042437
v -0.075718 0.125227 0.053087
v -0.077057 0.131935 0.052462
v -0.061121 0.155697 0.022517
v -0.037539 0.127441 0.015321
v -0.002052 0.100935 0.045626
v -0.064992 0.084551 0.044120
v -0.057862 0.083944 0.044186
v -0.045681 0.084988 0.044159
v -0.035023 0.082888 0.042913
v -0.029982 0.085402 0.043745
v -0.088892 0.099209 0.009570
v -0.019135 0.083475 0.057217
v -0.083490 0.107247 0.000758
v -0.070113 0.117904 0.052714
v -0.035526 0.175956 -0.004868
v -0.070831 0.122544 0.053275
v 0.045134 0.093631 0.006234
v -0.053617 0.085347 0.045332
v -0.049001 0.086222 0.045352
v -0.036745 0.086084 0.043613
v -0.010873 0.088827 0.056665
v -0.003845 0.084788 0.057198
v -0.049020 0.117713 0.031581
v -0.042914 0.118360 0.030645
v -0.057685 0.155617 0.012983
v -0.025412 0.124725 0.000129
v 0.019012 0.127362 0.017787
v -0.059499 0.088845 0.045109
v -0.056931 0.088101 0.044693
v 0.003577 0.131390 0.007209
v -0.016683 0.087267 0.056741
v -0.008498 0.083990 0.057605
v 0.003508 0.086340 0.057048
v -0.028399 0.180707 -0.007847
v -0.076566 0.116740 0.051489
v 0.017869 0.090899 0.048713
v -0.040342 0.116696 0.032460
v 0.005911 0.131409 0.016824
v -0.085778 0.091701 -0.000047
v -0.050372 0.088845 0.045188
v -0.044434 0.087655 0.043478
v -0.042056 0.086712 0.042535
v -0.033058 0.086186 0.042560
v -0.029242 0.090453 0.044237
v -0.006896 0.084433 0.057169
v -0.006621 0.090415 0.056880
v -0.001244 0.089093 0.056552
v 0.009408 0.090328 0.054214
v 0.040195 0.102316 -0.002005
v -0.086227 0.114668 0.002210
v -0.089495 0.095632 0.014235
v -0.067132 0.157094 -0.006203
v -0.052936 0.090914 0.044569
v -0.036745 0.088887 0.043312
v -0.013626 0.089788 0.056674
v 0.023337 0.123534 0.024874
v -0.037054 0.127151 0.000355
v -0.073697 0.156130 0.014360
v -0.065592 0.091042 0.044092
v -0.058997 0.092031 0.045335
v -0.033239 0.088574 0.043697
v -0.031835 0.090723 0.044173
v -0.020022 0.088032 0.055589
v -0.011214 0.092366 0.056105
v 0.039108 0.108291 0.013142
v 0.028676 0.119596 0.024546
v -0.068940 0.156528 -0.001972
v -0.062615 0.091127 0.045091
v 0.030445 0.118864 0.020822
v -0.015241 0.091822 0.055817
v -0.005622 0.093235 0.055894
v 0.004799 0.091655 0.054715
v -0.068282 0.092377 0.042389
v -0.055624 0.092187 0.045055
v -0.051901 0.095458 0.043938
v -0.048809 0.091084 0.044457
v -0.045412 0.091002 0.043253
v -0.044515 0.094860 0.042972
v -0.039430 0.089598 0.043178
v -0.035642 0.092617 0.044238
v -0.000122 0.093201 0.055398
v 0.009510 0.095484 0.050911
v 0.021442 0.091355 0.048043
v -0.008983 0.169264 -0.022683
v -0.073019 0.156021 0.022419
v -0.064760 0.153116 -0.002037
v -0.069369 0.095243 0.042129
v -0.060117 0.095553 0.044184
v -0.029242 0.094290 0.044821
v -0.026561 0.093290 0.044975
v -0.014394 0.094588 0.053993
v -0.008869 0.095400 0.054446
v -0.001219 0.096202 0.053816
v 0.004048 0.095817 0.052937
v -0.004602 0.124285 0.033472
v -0.078436 0.139280 0.048329
v 0.010775 0.130792 0.014342
v -0.056624 0.096322 0.043668
v -0.036299 0.095696 0.043580
v -0.024380 0.095866 0.044435
v 0.010916 0.126336 0.029857
v -0.005862 0.097350 0.052744
v 0.016973 0.097107 0.047441
v -0.067232 0.099174 0.041594
v -0.054994 0.099641 0.042955
v -0.048618 0.096453 0.044183
v -0.055369 0.154425 0.016161
v -0.094244 0.122074 0.023568
v 0.013243 0.096738 0.048750
v 0.020639 0.096602 0.046971
v 0.007343 0.120982 0.035973
v -0.013494 0.128824 0.005969
v -0.020111 0.125045 0.023588
v -0.069438 0.164799 -0.017219
v -0.064028 0.097839 0.042565
v -0.051996 0.099708 0.042717
v -0.043991 0.099425 0.042383
v -0.039738 0.102154 0.040574
v -0.035931 0.099810 0.042336
v -0.030868 0.096915 0.044651
v -0.028342 0.097783 0.043761
v -0.025623 0.098713 0.044211
v -0.085237 0.110774 0.024538
v 0.007194 0.098859 0.048420
v 0.009651 0.101088 0.047373
v 0.013487 0.100764 0.047454
v 0.007739 0.131475 0.011683
v 0.000809 0.116333 0.040168
v -0.072653 0.165679 -0.018212
v -0.005601 0.130767 0.010516
v -0.026304 0.125189 0.017393
v -0.047590 0.100812 0.042349
v -0.041461 0.098545 0.041779
v -0.033582 0.103839 0.040738
v -0.022870 0.102847 0.043545
v -0.022362 0.098208 0.044766
v -0.018871 0.098973 0.044489
v -0.071434 0.077574 0.038061
v -0.073001 0.118267 0.053035
v -0.068466 0.134981 -0.008336
v -0.074684 0.107861 -0.009048
v -0.064959 0.158520 -0.012595
v -0.078932 0.150931 0.035152
v -0.074114 0.099443 0.038338
v -0.070457 0.100988 0.039794
v -0.059059 0.100413 0.042725
v -0.049187 0.104520 0.040301
v -0.029151 0.101974 0.042633
v -0.011600 0.101078 0.044192
v 0.005145 0.101639 0.045423
v -0.051496 0.104967 0.040347
v -0.020218 0.102144 0.043701
v 0.004252 0.105237 0.042564
v 0.016833 0.103375 0.045287
v -0.025661 0.125627 0.004554
v -0.072142 0.105367 0.037523
v -0.064985 0.103716 0.040648
v -0.060652 0.104672 0.040906
v -0.055309 0.103654 0.041517
v -0.044243 0.104317 0.041340
v -0.015513 0.104361 0.042919
v -0.007632 0.103045 0.043711
v -0.007805 0.105166 0.043825
v 0.009716 0.105235 0.043604
v 0.030300 0.115536 0.028685
v -0.047497 0.106357 0.040166
v -0.038979 0.106830 0.038248
v -0.025869 0.104267 0.042208
v -0.018058 0.105039 0.042803
v -0.015180 0.108077 0.042350
v -0.003898 0.105662 0.044047
v 0.000027 0.104467 0.043776
v 0.011978 0.104036 0.045396
v 0.015005 0.107269 0.041812
v 0.026488 0.122303 0.020398
v -0.036226 0.106342 0.038645
v -0.021127 0.109323 0.040715
v -0.012820 0.104571 0.043466
v 0.005285 0.109437 0.041675
v 0.008940 0.107106 0.041243
v -0.051840 0.160620 0.007142
v -0.054201 0.114517 0.034844
v 0.013226 0.129581 0.019690
v -0.069382 0.108658 0.037508
v -0.067691 0.107341 0.038018
v -0.063782 0.110373 0.037580
v -0.050749 0.109287 0.038298
v -0.009394 0.107428 0.043455
v 0.001176 0.109325 0.042663
v 0.009802 0.110040 0.039945
v 0.020131 0.107328 0.040324
v -0.002787 0.105775 -0.022459
v -0.054997 0.107742 0.039425
v -0.045967 0.109051 0.038754
v -0.042325 0.107373 0.039456
v -0.032161 0.108965 0.038103
v -0.030770 0.115973 0.032859
v -0.011609 0.109837 0.042475
v -0.029428 0.093167 -0.024932
v -0.080044 0.092080 -0.009420
v -0.049797 0.113421 0.035118
v -0.043724 0.161914 0.005771
v -0.057982 0.109432 0.037998
v -0.041491 0.112248 0.035873
v -0.024930 0.115928 0.034095
v -0.020882 0.114095 0.037873
v -0.007552 0.111838 0.042040
v 0.003767 0.112405 0.041495
v -0.062830 0.151895 -0.009237
v -0.059196 0.113208 0.036235
v -0.051079 0.093893 -0.021762
v -0.073945 0.084375 -0.015154
v -0.072146 0.134864 -0.007759
v -0.019409 0.170411 -0.020995
v -0.055530 0.149055 -0.001960
v 0.016688 0.036977 0.043001
v -0.052277 0.117751 0.033769
v -0.069201 0.093039 -0.016486
v 0.026579 0.117024 0.030868
v -0.023574 0.037037 0.054145
v -0.007378 0.038988 0.048929
v 0.013235 0.038453 0.044501
v 0.019487 0.040809 0.042641
v -0.063954 0.146947 0.038484
v -0.049579 0.036097 0.045955
v -0.043324 0.036286 0.044042
v -0.029047 0.125563 0.007762
v -0.001734 0.039477 0.047263
v -0.031358 0.153622 -0.004674
v 0.002582 0.107476 -0.020606
v -0.056802 0.145147 0.031740
v -0.056464 0.037683 0.046820
v -0.050965 0.038312 0.046286
v -0.050980 0.134866 0.027585
v -0.025647 0.038861 0.054161
v -0.022542 0.040616 0.053986
v -0.017618 0.038911 0.052403
v -0.019712 0.168291 -0.013021
v 0.023780 0.095223 0.046347
v 0.014744 0.042717 0.044510
v 0.021691 0.040162 0.040846
v -0.064067 0.090172 -0.018856
v 0.020319 0.100420 0.045761
v -0.036425 0.093631 -0.023535
v -0.014981 0.042571 0.051405
v -0.057335 0.123401 0.040231
v -0.054173 0.123379 0.037576
v 0.022625 0.043622 0.040905
v 0.028811 0.043352 0.032158
v -0.042764 0.157275 0.005202
v 0.009223 0.044125 0.045057
v 0.015048 0.045756 0.043794
v -0.063757 0.102511 -0.017484
v -0.034070 0.161490 -0.013787
v -0.082191 0.075610 0.016543
v -0.066299 0.123371 0.050616
v -0.015510 0.045283 0.050653
v 0.018928 0.044250 0.043010
v 0.025822 0.046327 0.038277
v 0.027269 0.044548 0.036153
v -0.045301 0.156951 0.007204
v 0.023856 0.106166 0.039378
v 0.021633 0.048127 0.040694
v 0.043785 0.048804 0.031343
v 0.048075 0.048970 0.028165
v 0.052663 0.047674 0.021201
v -0.052722 0.044723 0.044143
v -0.030072 0.172583 -0.006360
v -0.034508 0.154475 0.001650
v 0.010630 0.046712 0.046472
v 0.016743 0.048439 0.043679
v 0.028827 0.092133 0.043920
v -0.059937 0.127262 0.040771
v -0.036752 0.158021 0.004186
v -0.037885 0.161997 0.000247
v -0.022048 0.183486 -0.012095
v -0.024365 0.180968 -0.009831
v -0.044882 0.150530 0.007645
v 0.026997 0.051318 0.038752
v 0.047736 0.052751 0.030797
v 0.051704 0.048857 0.024148
v -0.067504 0.114241 0.048036
v -0.016258 0.160313 -0.009693
v -0.063926 0.167924 -0.040730
v -0.041665 0.149961 0.004540
v -0.035203 0.164936 -0.002681
v 0.041319 0.099497 0.024276
v 0.014055 0.052524 0.048594
v 0.019421 0.051321 0.044799
v 0.023678 0.051474 0.041053
v 0.034258 0.051931 0.032758
v 0.055957 0.053147 0.023198
v -0.039938 0.149228 0.001602
v -0.046989 0.126008 0.026985
v -0.027708 0.090081 -0.031911
v 0.019205 0.055167 0.047722
v 0.021886 0.053928 0.045102
v 0.031286 0.052864 0.036914
v 0.046661 0.054719 0.031977
v 0.051824 0.053277 0.027927
v -0.029265 0.161404 -0.002104
v -0.068701 0.144635 0.043042
v -0.056070 0.150007 0.029868
v 0.044718 0.094803 0.012025
v -0.041804 0.155821 0.006455
v -0.068369 0.122893 0.052438
v -0.064115 0.095510 -0.018115
v -0.018383 0.185437 -0.017136
v 0.011745 0.056678 0.051914
v -0.059375 0.119982 0.040548
v 0.059092 0.057957 0.020270
v 0.043548 0.097389 0.017315
v -0.026292 0.159634 -0.000518
v 0.014905 0.056350 0.049523
v 0.024286 0.054959 0.043087
v 0.028953 0.056125 0.040389
v -0.049508 0.129495 0.030259
v 0.040825 0.095170 0.028658
v 0.017775 0.058244 0.048865
v 0.033574 0.058515 0.038311
v 0.036385 0.056996 0.033601
v -0.064205 0.122439 0.048008
v -0.065425 0.140113 0.041309
v 0.050801 0.057308 0.030001
v 0.056672 0.056971 0.024292
v -0.049350 0.149135 0.011274
v -0.069761 0.134429 0.048265
v 0.019537 0.060004 0.048576
v 0.027014 0.059953 0.043454
v 0.057679 0.061393 0.024202
v -0.056917 0.126235 0.039427
v 0.023469 0.116563 0.033537
v -0.058299 0.138855 0.032937
v 0.006460 0.060297 0.054780
v 0.010406 0.059162 0.052484
v 0.023184 0.058654 0.045871
v 0.033040 0.061774 0.039781
v -0.064348 0.126281 0.046650
v -0.057031 0.115620 0.036495
v 0.054452 0.058343 0.027653
v -0.030134 0.170113 -0.007359
v -0.037077 0.159864 0.001610
v -0.056033 0.137311 0.031971
v -0.067676 0.141503 0.043868
v 0.009991 0.062735 0.054009
v 0.014522 0.061383 0.050501
v 0.030052 0.062170 0.041546
v 0.037519 0.061063 0.034366
v 0.053944 0.061392 0.028269
v 0.059120 0.063129 0.021562
v -0.024366 0.176933 -0.011720
v -0.013253 0.166272 -0.014120
v 0.039219 0.106693 0.020450
v -0.017969 0.180780 -0.018103
v 0.021902 0.060876 0.047282
v 0.035342 0.061630 0.037606
v -0.062146 0.135998 0.036701
v 0.056821 0.063691 0.025286
v -0.032800 0.159487 0.002196
v 0.011212 0.066584 0.053982
v 0.012920 0.064204 0.052441
v 0.020127 0.063851 0.047920
v 0.035972 0.066670 0.037781
v 0.039907 0.064361 0.031687
v -0.066702 0.132106 0.045481
v -0.041601 0.159780 0.003537
v 0.033045 0.107663 0.031916
v 0.024672 0.063694 0.045205
v 0.026109 0.068008 0.043903
v 0.033364 0.067055 0.039729
v 0.042916 0.066708 0.026995
v 0.054715 0.064697 0.026980
v -0.016531 0.163250 -0.009248
v -0.017892 0.161138 -0.006707
v 0.041118 0.097491 -0.003976
v 0.023387 0.070076 0.047013
v 0.038103 0.065678 0.035133
v 0.010145 0.122217 0.034719
v 0.058392 0.066741 0.021979
v 0.038302 0.084549 -0.014479
v 0.034126 0.097054 0.037590
v -0.031356 0.158099 0.001913
v -0.058260 0.140995 0.032441
v -0.066817 0.119515 0.051490
v -0.068090 0.116471 0.051151
v 0.016568 0.066270 0.051010
v 0.029363 0.066510 0.042289
v 0.037027 0.093950 -0.011674
v 0.056413 0.067660 0.023969
v -0.061296 0.145200 0.037138
v 0.008387 0.113362 0.039793
v 0.011807 0.070921 0.054240
v 0.029742 0.070647 0.041654
v 0.036294 0.071221 0.037115
v 0.039900 0.070295 0.032720
v -0.062763 0.137780 0.036679
v -0.015815 0.175049 -0.018654
v -0.092269 0.114752 0.017017
v -0.000950 0.101411 0.044290
v -0.063713 0.112742 0.038007
v -0.061096 0.117017 0.039654
v 0.020992 0.069335 0.049004
v 0.025659 0.070550 0.044540
v 0.032979 0.073501 0.040487
v 0.042156 0.069718 0.028318
v -0.055517 0.129561 0.036598
v -0.040802 0.164361 0.003745
v -0.006255 0.101217 0.044322
v -0.010987 0.166212 -0.016048
v -0.030351 0.164482 -0.005329
v 0.026111 0.100890 0.041733
v -0.065600 0.113295 0.042319
v 0.028815 0.096713 0.042258
v 0.015263 0.071572 0.052717
v 0.028982 0.074088 0.043447
v 0.044873 0.075517 0.023155
v -0.078225 0.149625 -0.002502
v -0.046095 0.152968 0.009003
v -0.052369 0.146829 0.018935
v -0.021592 0.157634 -0.006862
v 0.017177 0.073066 0.051827
v 0.022688 0.075149 0.049312
v 0.035472 0.073077 0.038482
v -0.089481 0.138400 0.025061
v -0.053217 0.132220 0.032978
v -0.037777 0.155519 0.004370
v -0.090549 0.135119 0.021681
v -0.063367 0.130371 0.041670
v 0.014074 0.076652 0.054221
v 0.018110 0.075807 0.052488
v 0.042210 0.078861 0.029187
v -0.052116 0.141799 0.020510
v 0.029063 0.111496 0.033806
v -0.054731 0.142672 0.028980
v 0.025904 0.075536 0.046417
v 0.031299 0.075907 0.042699
v 0.038446 0.075649 0.035051
v 0.046352 0.074080 0.018354
v -0.047657 0.130775 0.025524
v -0.011447 0.171311 -0.019603
v -0.036647 0.166401 -0.000282
v -0.046654 0.159178 0.007802
v -0.045570 0.146636 0.005651
v 0.041439 0.092365 -0.007459
v -0.064287 0.134636 0.039946
v -0.061129 0.131783 0.038916
v -0.047844 0.122151 0.028833
v -0.049537 0.124913 0.031778
v -0.071135 0.138177 0.047854
v 0.010114 0.076468 0.055257
v 0.017897 0.079517 0.052760
v 0.021741 0.080251 0.050425
v 0.025272 0.078725 0.048027
v 0.030885 0.078999 0.043389
v -0.062442 0.140848 0.036966
v -0.062165 0.156668 -0.017838
v 0.020657 0.104168 0.043005
v -0.063603 0.115715 0.042572
v 0.014424 0.080086 0.053756
v 0.028779 0.082553 0.044527
v 0.044450 0.081847 0.024553
v 0.045542 0.083338 0.019701
v -0.049666 0.120638 0.032163
v -0.029177 0.176200 -0.005624
v -0.058203 0.132710 0.036919
v 0.038997 0.097088 -0.007780
v -0.054726 0.120713 0.037451
v 0.013189 0.084211 0.053066
v -0.019926 0.164897 -0.009990
v 0.020153 0.118497 0.034271
v -0.055860 0.117743 0.037253
v 0.018045 0.083623 0.051286
v -0.063757 0.159122 -0.050156
v -0.018528 0.176532 -0.017044
v 0.028734 0.103601 0.038035
v 0.041414 0.102842 0.016579
v 0.024412 0.098017 0.044687
v 0.020925 0.086311 0.049433
v 0.030445 0.084960 0.043011
v 0.033030 0.083782 0.041637
v 0.036975 0.079876 0.037198
v -0.077721 0.113559 0.048156
v 0.029250 0.106519 0.036590
v -0.053078 0.137547 0.028266
v -0.062991 0.119995 0.045236
v -0.065398 0.117520 0.048736
v 0.033374 0.112279 0.027788
v 0.038414 0.087490 0.035186
v -0.061946 0.164792 -0.056648
v -0.022876 0.173928 -0.013431
v 0.043766 0.088390 -0.003571
v 0.039292 0.101260 0.027551
v 0.010936 0.086027 0.054733
v 0.024109 0.084493 0.048292
v 0.036758 0.099195 0.032838
v -0.051942 0.125660 0.034588
v -0.031582 0.166418 -0.005732
v 0.007641 0.086427 0.056118
v 0.016771 0.088645 0.050523
v 0.034405 0.086933 0.040574
v 0.036144 0.084439 0.037937
v 0.041259 0.103611 0.002676
v 0.024766 0.110811 0.036728
v -0.022602 0.162504 -0.006072
v -0.012894 0.178790 -0.022625
v -0.024939 0.170311 -0.011330
v -0.048469 0.145596 0.008366
v 0.012534 0.089594 0.053395
v 0.025873 0.088482 0.046655
v 0.032756 0.088969 0.042215
v -0.023344 0.161034 -0.003186
v -0.092595 0.119438 0.026803
v -0.074315 0.137617 -0.006670
v -0.092499 0.121315 0.029256
v -0.077378 0.157643 -0.014134
v -0.092907 0.123070 0.036523
v 0.028423 0.088011 0.044234
v 0.035252 0.090837 0.039184
v 0.015761 0.093204 0.049939
v 0.038786 0.094954 0.032520
v -0.061511 0.123736 0.043063
v -0.068145 0.127487 0.050149
v -0.020617 0.182376 -0.014299
v 0.015137 0.115715 0.037032
v -0.050718 0.152763 0.011817
v 0.030169 0.100487 0.039405
v -0.087426 0.095470 0.004031
v -0.060010 0.142845 0.035450
v -0.058603 0.146372 0.033809
v 0.032412 0.093736 0.040890
v -0.075918 0.149977 -0.016842
v 0.018597 0.035294 -0.008678
v 0.017210 0.035259 -0.014685
v 0.044327 0.090818 0.022098
v 0.038336 0.038831 0.003094
v 0.022193 0.036775 -0.002092
v 0.019636 0.038234 -0.012508
v 0.023682 0.039763 0.037149
v 0.046693 0.042465 0.006565
v 0.021621 0.037657 -0.004702
v 0.016639 0.038196 -0.019885
v -0.090254 0.113663 0.037720
v -0.090594 0.113731 0.010277
v -0.062542 0.176795 -0.057822
v -0.011092 0.179921 -0.025996
v -0.062263 0.152199 -0.022579
v -0.042277 0.094983 -0.022562
v 0.043293 0.041864 0.002063
v 0.043780 0.044531 -0.001262
v 0.021697 0.040427 -0.009463
v -0.011184 0.164500 -0.016152
v -0.062373 0.153130 -0.028997
v -0.009249 0.177259 -0.028270
v 0.041477 0.085509 -0.009158
v -0.081269 0.108794 0.029441
v 0.049576 0.043816 0.014583
v 0.052988 0.047748 0.005042
v 0.021978 0.042855 -0.014536
v 0.018506 0.038294 -0.017137
v -0.035101 0.152034 -0.000133
v 0.048749 0.045265 0.002302
v 0.031913 0.099870 -0.014621
v -0.014223 0.161674 -0.013349
v -0.048664 0.136385 0.006806
v -0.009584 0.174261 -0.028391
v 0.052802 0.046540 0.010428
v 0.051434 0.048485 0.001040
v 0.023911 0.098022 -0.020807
v 0.024567 0.044130 -0.010821
v 0.020357 0.043662 -0.020456
v -0.021882 0.110874 -0.019695
v -0.053832 0.149817 0.025067
v 0.054114 0.047773 0.017484
v 0.056731 0.050516 0.010627
v 0.045942 0.048139 -0.003872
v -0.083818 0.111091 0.028524
v 0.029208 0.047450 -0.008508
v 0.028455 0.048067 -0.012847
v 0.026637 0.047607 -0.016428
v 0.022040 0.044992 -0.017529
v 0.019120 0.047168 -0.022115
v -0.015782 0.100730 -0.023724
v -0.062514 0.172131 -0.052788
v -0.062346 0.147455 -0.007660
v 0.045598 0.088152 0.013124
v -0.049423 0.142835 0.008973
v -0.082762 0.111623 0.044221
v -0.052166 0.150137 0.017449
v -0.063617 0.148014 -0.020170
v -0.051493 0.137964 0.023662
v -0.061518 0.175174 -0.060632
v 0.056525 0.050126 0.015564
v 0.055258 0.051416 0.003206
v 0.050318 0.052786 -0.003417
v -0.062682 0.167441 -0.045714
v 0.056520 0.051180 0.019941
v 0.056908 0.051578 0.007254
v 0.052854 0.051899 -0.000621
v -0.038921 0.033767 -0.029043
v 0.029741 0.050325 -0.013991
v -0.068796 0.035118 -0.005207
v 0.058826 0.055504 0.018648
v -0.026161 0.123100 -0.004474
v -0.053342 0.144012 0.024261
v 0.058177 0.052821 0.015182
v 0.059798 0.056840 0.013343
v 0.054550 0.056045 -0.000662
v 0.026775 0.051423 -0.020234
v -0.008696 0.172916 -0.026709
v -0.077040 0.071967 0.026405
v -0.063070 0.158975 -0.042952
v 0.035707 0.056083 -0.008999
v 0.032600 0.053708 -0.011006
v 0.029740 0.052538 -0.016225
v 0.059239 0.056363 0.009453
v 0.057422 0.056012 0.004025
v 0.029063 0.055211 -0.018042
v -0.017224 0.095214 -0.032085
v -0.085911 0.109688 0.007658
v 0.060595 0.061677 0.015592
v 0.059532 0.060505 0.005840
v 0.057306 0.059945 0.001889
v 0.038829 0.059840 -0.006425
v 0.030663 0.057300 -0.016518
v -0.027762 0.120685 -0.009015
v -0.088195 0.103146 0.017509
v 0.060779 0.061647 0.010464
v 0.035915 0.059916 -0.011967
v 0.024252 0.056457 -0.024255
v -0.061954 0.168653 -0.052621
v -0.090558 0.112760 0.016141
v -0.088469 0.111243 0.012679
v 0.059558 0.063099 0.005947
v 0.030940 0.060518 -0.018133
v -0.093576 0.124746 0.026213
v -0.093190 0.120199 0.037914
v -0.009230 0.173145 -0.024198
v -0.081739 0.076861 0.023314
v -0.036993 0.150639 -0.002037
v 0.060094 0.065693 0.018533
v 0.059837 0.066423 0.008514
v 0.040706 0.064475 -0.005592
v 0.034746 0.063261 -0.014647
v -0.061880 0.160004 -0.025806
v -0.076538 0.153449 -0.012899
v 0.038111 0.064812 -0.011142
v 0.031909 0.064657 -0.018473
v -0.083159 0.146743 0.003076
v -0.087056 0.105628 0.009765
v -0.071448 0.181053 -0.055479
v -0.085632 0.124611 -0.002734
v 0.060729 0.065807 0.013975
v 0.039910 0.068172 -0.009570
v 0.034982 0.067741 -0.015683
v -0.091822 0.127473 0.036459
v -0.062425 0.163666 -0.049667
v -0.071169 0.147402 -0.027591
v -0.050365 0.137158 0.001953
v -0.050493 0.141599 0.016292
v 0.059887 0.068513 0.016172
v -0.061407 0.172688 -0.058266
v 0.024991 0.065897 -0.023568
v -0.074853 0.149931 -0.027753
v -0.062226 0.060265 0.020449
v -0.062002 0.036435 0.043919
v 0.058375 0.071186 0.013073
v -0.036125 0.122867 -0.008293
v 0.029217 0.067850 -0.020419
v -0.041682 0.125751 -0.007019
v -0.074227 0.164370 -0.038240
v -0.009785 0.169285 -0.024757
v -0.089578 0.120783 0.003523
v -0.062312 0.163711 -0.040624
v 0.043515 0.091520 -0.002647
v -0.048434 0.137550 0.013245
v -0.089313 0.136530 0.030459
v -0.074230 0.156527 -0.025167
v 0.037379 0.073093 -0.012635
v 0.026322 0.070241 -0.023879
v -0.048024 0.144266 0.004250
v -0.092020 0.116115 0.035843
v -0.071306 0.073899 0.035970
v -0.062059 0.156978 -0.033785
v -0.009702 0.167389 -0.019360
v 0.043342 0.071676 -0.002230
v 0.041772 0.069568 -0.006160
v 0.033505 0.072810 -0.017035
v 0.029665 0.071507 -0.021282
v -0.029460 0.155503 -0.001191
v -0.086396 0.104794 0.005982
v -0.054911 0.146623 0.028439
v 0.044204 0.085204 -0.002117
v 0.043264 0.075811 -0.003884
v 0.013097 0.091126 -0.029270
v -0.067069 0.091145 -0.017426
v -0.090822 0.122769 0.006100
v 0.045620 0.074684 0.002607
v -0.093040 0.120264 0.011217
v 0.044636 0.092794 0.017832
v -0.011243 0.164575 -0.018241
v 0.045511 0.086953 0.003887
v 0.046253 0.077374 0.006914
v 0.040282 0.072637 -0.009288
v 0.043218 0.099487 0.005015
v -0.051108 0.145202 0.014279
v 0.044693 0.092689 0.002247
v 0.043423 0.091860 0.024538
v 0.040751 0.105547 0.007507
v -0.085613 0.096277 -0.000665
v 0.040721 0.078476 -0.008213
v 0.035538 0.076063 -0.014435
v -0.092737 0.120731 0.032693
v -0.062279 0.151666 -0.014673
v 0.044960 0.080943 0.000611
v 0.037815 0.079698 -0.013290
v 0.033864 0.078657 -0.017632
v -0.091044 0.141999 0.021730
v -0.074004 0.178185 -0.053916
v -0.061769 0.160680 -0.034046
v -0.049747 0.141125 0.005294
v 0.041065 0.090461 0.029889
v -0.072916 0.065057 0.018795
v -0.090950 0.138954 0.017371
v 0.042879 0.100938 0.009475
v -0.072455 0.176107 -0.053535
v -0.075863 0.150713 -0.009021
v -0.085270 0.102678 0.001394
v -0.077026 0.113968 -0.004617
v 0.046281 0.078702 0.014786
v 0.042107 0.081533 -0.006669
v 0.036524 0.081992 -0.016230
v -0.037420 0.045428 -0.024227
v -0.085149 0.139655 0.002481
v -0.063313 0.165033 -0.032895
v -0.061591 0.156816 -0.025946
v 0.045919 0.087036 0.008424
v 0.044631 0.084178 0.000827
v -0.044843 0.146294 0.001711
v -0.064124 0.179536 -0.058730
v -0.067070 0.180727 -0.056619
v -0.064794 0.178853 -0.055883
v -0.064371 0.172962 -0.049226
v -0.070382 0.180712 -0.053173
v -0.075269 0.152329 0.034374
v -0.016273 0.128445 0.016684
v -0.062116 0.156008 0.018034
v -0.056011 0.153817 0.025369
v -0.037278 0.172891 -0.000866
v -0.074159 0.179873 -0.050795
v -0.079040 0.155374 0.015142
v -0.072506 0.154595 0.029589
v -0.067738 0.177289 -0.050376
v -0.007535 0.100213 0.047489
v -0.059576 0.154724 0.026373
v -0.077383 0.153466 0.030895
v -0.081497 0.154731 0.019697
v -0.072223 0.158967 -0.005424
v -0.013709 0.184912 -0.025550
v -0.043465 0.124511 0.022519
v -0.069104 0.155595 0.001637
v -0.073748 0.155393 0.002349
v -0.068192 0.174398 -0.045366
v -0.060053 0.152803 0.032888
v -0.023459 0.126154 0.016614
v -0.072777 0.178545 -0.048209
v -0.076596 0.177532 -0.047118
v 0.013906 0.127908 0.025110
v -0.086368 0.109065 0.011981
v -0.031359 0.121410 0.025971
v -0.049105 0.136669 0.019314
v -0.042931 0.129284 0.009270
v -0.065320 0.153903 0.000914
v -0.037606 0.124226 0.024314
v 0.009508 0.130419 0.020715
v -0.001798 0.131173 0.016361
v 0.003623 0.130768 0.021169
v -0.092675 0.117019 0.011890
v -0.065740 0.155653 0.026018
v -0.086562 0.142492 0.008433
v -0.070732 0.155700 0.006906
v -0.008084 0.130305 0.016872
v -0.044286 0.126066 0.020795
v -0.070222 0.151435 0.036719
v -0.015211 0.184636 -0.022057
v -0.017271 0.186996 -0.019978
v -0.083561 0.152559 0.007681
v -0.088130 0.097541 0.005679
v -0.088399 0.138990 0.010641
v -0.067781 0.156145 0.014276
v -0.006586 0.126417 0.030226
v -0.088746 0.136256 0.007148
v -0.077207 0.156400 -0.018973
v -0.093176 0.118210 0.023362
v -0.023507 0.126720 0.010997
v -0.066547 0.171711 -0.042128
v -0.069136 0.172478 -0.039013
v 0.057180 0.071108 0.008031
v -0.075391 0.179528 -0.052402
v -0.031829 0.126391 0.010013
v -0.008989 0.129523 0.022027
v 0.034326 0.111933 -0.002241
v -0.081415 0.097100 -0.006875
v -0.023299 0.183243 -0.017923
v -0.061642 0.155820 0.011100
v -0.088826 0.090483 0.021205
v 0.058373 0.068068 0.005725
v -0.043046 0.127851 0.016842
v 0.030836 0.115542 -0.003179
v -0.088631 0.094881 0.007934
v -0.091715 0.117100 0.030809
v -0.072084 0.174998 -0.041930
v -0.069541 0.153085 0.033866
v 0.060079 0.068129 0.011454
v -0.040081 0.126284 0.019607
v 0.032820 0.116556 0.004446
v -0.072823 0.145106 -0.015655
v -0.085270 0.105518 0.023291
v -0.076051 0.111038 -0.006272
v -0.086538 0.151548 0.025875
v 0.055888 0.072579 0.010670
v -0.054642 0.155230 0.012612
v 0.036730 0.111168 0.003867
v 0.031502 0.117252 0.001686
v -0.078752 0.095240 -0.010601
v -0.089408 0.143528 0.030925
v -0.020891 0.185953 -0.015037
v -0.070864 0.161365 -0.009732
v -0.070920 0.171367 -0.032764
v -0.030771 0.125641 0.016595
v -0.054454 0.152977 0.022505
v -0.001554 0.127547 0.029233
v 0.029131 0.120274 0.006112
v 0.025726 0.121227 -0.000036
v -0.089319 0.099547 0.013418
v -0.075429 0.170956 -0.032880
v -0.028596 0.119012 0.029888
v 0.021070 0.124978 0.001100
v -0.092241 0.118168 0.041202
v 0.002409 0.100168 0.046938
v -0.056628 0.152706 0.029629
v -0.057265 0.155062 0.019322
v -0.036452 0.121999 0.027671
v -0.074108 0.173557 -0.037987
v 0.051537 0.073497 0.012699
v -0.066096 0.155325 0.007156
v 0.036102 0.112661 0.010492
v 0.016715 0.126899 0.000223
v -0.080768 0.143014 -0.001531
v -0.091758 0.143346 0.017791
v -0.086825 0.152808 0.015521
v -0.065808 0.167643 -0.030559
v -0.078217 0.168740 -0.033564
v -0.072567 0.147532 0.041714
v 0.058440 0.070201 0.017780
v 0.056848 0.072017 0.017139
v 0.054919 0.073162 0.015224
v 0.047447 0.073691 0.012430
v 0.012319 0.129038 0.001334
v -0.079791 0.103517 -0.006628
v -0.076655 0.155098 0.007969
v 0.021747 0.121185 0.030879
v -0.075260 0.149386 0.039176
v -0.025920 0.182728 -0.013541
v -0.067984 0.169748 -0.031628
v 0.016831 0.124871 0.028426
v 0.054016 0.072884 0.018678
v 0.050523 0.073398 0.016167
v -0.059582 0.156233 0.007921
v 0.025344 0.123747 0.009982
v 0.019263 0.126894 0.005555
v -0.090759 0.142234 0.026008
v -0.046548 0.133208 0.016890
v -0.024107 0.183809 -0.011545
v 0.008678 0.128946 0.026157
v 0.002492 0.129836 0.024847
v 0.057345 0.069483 0.021154
v -0.085330 0.153399 0.020378
v 0.032877 0.116915 0.009296
v 0.024247 0.123778 0.004876
v -0.047766 0.133020 0.022874
v -0.063542 0.163321 -0.025913
v -0.066605 0.164774 -0.020671
v -0.068504 0.167320 -0.023960
v -0.072759 0.169659 -0.027013
v 0.048207 0.072699 0.016995
v -0.027383 0.123243 0.021659
v -0.045077 0.131244 0.011146
v 0.029253 0.120577 0.012299
v 0.013678 0.129673 0.006933
v 0.008421 0.130910 0.006275
v 0.000968 0.130643 0.002587
v 0.003080 0.098307 0.050536
v -0.052420 0.153101 0.012927
v -0.070360 0.169070 -0.026144
v 0.054359 0.071467 0.021381
v 0.045161 0.071030 0.022531
v 0.019320 0.127383 0.011296
v -0.093281 0.126911 0.013505
v -0.087405 0.105940 0.013646
v -0.022852 0.090635 0.052280
v -0.062099 0.154067 0.030837
v -0.045852 0.120730 0.027665
v 0.050782 0.072155 0.020680
v -0.089607 0.139711 0.029309
v -0.053323 0.152735 0.016214
v -0.015227 0.127849 0.021545
v 0.033664 0.115742 0.017181
v 0.024000 0.124688 0.015518
v -0.084167 0.097757 -0.003276
v -0.036224 0.127775 0.009850
v -0.039190 0.128282 0.005035
v -0.033674 0.177744 -0.008180
v -0.074489 0.156494 -0.002595
v -0.046756 0.132843 0.008121
v -0.084970 0.153223 0.012654
v -0.010866 0.126917 0.027575
v -0.003107 0.130729 0.005643
v -0.088761 0.097037 0.021079
v -0.064811 0.034531 0.015508
v -0.064300 0.035086 0.024272
v -0.066727 0.035896 0.033849
v 0.019839 0.096519 -0.022786
v -0.038671 0.160702 -0.012358
v -0.076890 0.130419 -0.006957
v -0.072540 0.035399 0.007030
v -0.069209 0.035455 0.012042
v -0.064161 0.035901 0.017688
v -0.066804 0.037378 0.033296
v -0.062928 0.039062 0.042708
v -0.071752 0.036789 0.008697
v -0.065171 0.037290 0.025954
v -0.066392 0.037712 0.029622
v -0.064559 0.039640 0.039412
v -0.060146 0.041202 0.044294
v -0.060318 0.038443 0.045246
v -0.036756 0.088663 -0.023869
v -0.039495 0.037552 0.042871
v -0.072016 0.037573 0.003979
v -0.071694 0.039461 0.006014
v -0.071166 0.039366 0.008114
v -0.069000 0.038468 0.010769
v -0.067253 0.038142 0.013534
v -0.061126 0.037790 0.019711
v -0.039180 0.042407 0.041476
v -0.035146 0.038586 0.047733
v -0.028951 0.039286 0.053309
v -0.018224 0.097495 0.046848
v -0.066916 0.122789 -0.008908
v -0.063755 0.038250 0.016593
v -0.064416 0.041284 0.028243
v -0.085856 0.097025 0.027415
v -0.037501 0.040222 0.044297
v -0.034334 0.040924 0.048426
v -0.031173 0.040294 0.051312
v -0.069997 0.042073 0.006690
v -0.080379 0.097801 0.033646
v -0.026273 0.077631 0.048356
v -0.037501 0.042737 0.042988
v -0.026177 0.042499 0.053315
v -0.069637 0.041881 0.003183
v -0.067157 0.041973 0.010241
v -0.087406 0.102052 0.022020
v -0.023944 0.078800 0.053535
v -0.060902 0.043430 0.042679
v -0.031218 0.043848 0.049781
v -0.075729 0.103540 0.036071
v -0.062425 0.041886 0.014647
v -0.061052 0.044392 0.012422
v 0.025855 0.089611 -0.022702
v -0.077645 0.082215 0.035798
v -0.060381 0.045921 0.040089
v -0.024982 0.081778 0.053421
v -0.034454 0.044564 0.045423
v -0.029843 0.046782 0.047747
v -0.015120 0.099930 0.044500
v -0.067306 0.044177 0.007596
v -0.057853 0.046445 0.011063
v -0.051815 0.163926 0.001749
v -0.055174 0.048384 0.038518
v -0.078849 0.118674 0.050623
v -0.027229 0.087991 0.047910
v -0.075537 0.159771 -0.010439
v -0.036151 0.046505 0.040741
v -0.025439 0.090678 0.048852
v -0.080050 0.116704 0.048762
v -0.052514 0.047578 0.014858
v -0.032044 0.050462 0.039342
v -0.031488 0.046930 0.045253
v -0.020321 0.094000 0.051589
v -0.072145 0.091556 0.041495
v -0.053644 0.049358 0.012202
v -0.082404 0.121866 0.049365
v -0.049754 0.049738 0.037037
v -0.032332 0.048673 0.042524
v -0.023123 0.094516 0.047359
v -0.086347 0.091722 0.026811
v -0.057713 0.048718 0.007277
v -0.086970 0.088912 0.024880
v -0.092238 0.124885 0.040787
v -0.015863 0.097022 0.050139
v -0.027720 0.050502 0.043341
v -0.085919 0.142634 0.039850
v -0.075097 0.090074 0.039581
v -0.089431 0.147306 0.027695
v -0.053288 0.051926 0.011730
v -0.050169 0.053462 0.016255
v -0.085986 0.146709 0.034827
v -0.069937 0.086077 0.042176
v -0.050399 0.051831 0.034037
v -0.083299 0.149608 0.033741
v -0.029175 0.052265 0.037637
v -0.088764 0.119449 0.046560
v -0.077693 0.173680 -0.041479
v -0.083418 0.094127 0.030898
v -0.056068 0.053471 0.007372
v -0.078936 0.148172 0.039463
v -0.067903 0.087817 0.043527
v -0.044111 0.092884 -0.022373
v -0.086605 0.132268 0.046783
v -0.092654 0.120840 0.041630
v -0.050887 0.052728 0.014456
v -0.049763 0.056241 0.033624
v -0.089771 0.129049 0.043023
v -0.028054 0.054551 0.036787
v -0.025867 0.056689 0.039182
v -0.083702 0.122264 -0.003730
v -0.081455 0.130122 0.052118
v -0.051459 0.055878 0.015900
v -0.078598 0.174416 -0.046608
v -0.052910 0.057043 0.020988
v -0.052979 0.059554 0.026212
v -0.052131 0.056303 0.026672
v -0.047715 0.061945 0.036706
v -0.083540 0.081170 0.027014
v -0.018340 0.057490 0.049763
v -0.080070 0.090586 0.034593
v -0.083812 0.086338 0.029223
v -0.055437 0.059420 0.023019
v -0.082228 0.145138 0.040600
v -0.024188 0.072269 0.047681
v -0.025353 0.062567 0.040642
v -0.091132 0.122821 0.044115
v -0.046076 0.168197 0.000737
v -0.087829 0.143515 0.035708
v -0.086991 0.138123 0.042317
v -0.015716 0.060823 0.052365
v -0.083804 0.125611 0.050440
v -0.062787 0.112742 -0.013605
v -0.081034 0.084698 0.033106
v -0.088564 0.116245 0.045393
v -0.020268 0.062267 0.048212
v -0.012620 0.061635 0.054424
v -0.070491 0.081818 0.040610
v -0.083883 0.133315 0.049114
v -0.056560 0.048356 0.036607
v 0.009944 0.109197 -0.019473
v -0.055928 0.035917 0.046376
v -0.076003 0.163613 -0.018021
v -0.083799 0.102907 0.028038
v -0.088252 0.126927 0.046141
v -0.079127 0.106199 0.032051
v -0.088206 0.094486 0.023744
v -0.089110 0.138514 0.037659
v -0.019321 0.092124 0.053821
v -0.058266 0.090926 -0.020949
v -0.027046 0.067014 0.039672
v -0.021416 0.179777 -0.021733
v -0.007824 0.109241 -0.022186
v -0.023988 0.085996 0.053716
v -0.060484 0.155680 0.004334
v -0.086389 0.121685 0.048412
v -0.074084 0.149877 -0.032610
v -0.020581 0.079573 0.056014
v -0.083838 0.139279 0.044894
v -0.022934 0.035633 0.052865
v -0.086154 0.127356 0.048564
v -0.065729 0.107098 -0.014318
v -0.021481 0.074194 0.052858
v -0.076424 0.157363 -0.009035
v -0.077216 0.085595 0.037421
v -0.084151 0.129550 0.050484
v -0.081221 0.081003 0.031256
v -0.081704 0.101672 0.030940
v -0.086253 0.101068 0.025414
v -0.080945 0.139036 0.047359
v -0.078908 0.094831 0.035435
v -0.073440 0.095413 0.040211
v -0.052676 0.088221 -0.021886
v -0.076441 0.077511 0.033748
v -0.021791 0.106580 -0.022327
v -0.088361 0.149967 0.026044
v -0.024079 0.067907 0.045178
v -0.020018 0.067569 0.051565
v -0.083578 0.120526 0.049177
v -0.014656 0.174565 -0.025973
v -0.027396 0.084108 0.048746
v -0.041934 0.088463 -0.022126
v -0.031694 0.102613 -0.022352
v -0.027890 0.104407 -0.022831
v -0.073790 0.120167 -0.007885
v -0.046124 0.105064 -0.020458
v -0.027413 0.073269 0.042641
v -0.045533 0.034736 -0.021363
v -0.044993 0.039017 -0.021098
v -0.046463 0.036800 -0.017779
v -0.088366 0.113619 0.005823
v 0.051746 0.072897 0.009065
v -0.070385 0.037450 -0.000932
v -0.060923 0.038622 0.022469
v -0.077697 0.170279 -0.043118
v -0.043793 0.169555 -0.007303
v -0.077587 0.177179 -0.050221
v -0.040542 0.038886 -0.027365
v -0.044216 0.036131 -0.024252
v -0.066635 0.040430 -0.005018
v -0.069242 0.041474 0.000193
v -0.075641 0.159304 -0.026908
v -0.063087 0.039614 0.025182
v -0.072303 0.151867 -0.041544
v -0.041051 0.041529 -0.024061
v -0.046991 0.038892 -0.014017
v -0.089560 0.128517 0.004546
v -0.076987 0.153694 -0.002297
v -0.070122 0.168826 -0.051174
v -0.064793 0.041725 0.031617
v -0.042148 0.124096 -0.009560
v -0.048070 0.124930 -0.008408
v -0.042150 0.043344 -0.021509
v -0.067315 0.044034 0.001574
v -0.073387 0.154634 -0.029944
v -0.055353 0.042936 0.019135
v -0.060068 0.041419 0.022953
v -0.065488 0.040938 0.035315
v -0.080066 0.150396 0.000605
v -0.044031 0.041949 -0.017994
v -0.045187 0.042453 -0.014194
v -0.083109 0.102654 -0.003293
v -0.065473 0.045628 0.004558
v -0.075428 0.152012 -0.014394
v -0.054473 0.045938 0.023613
v -0.062464 0.043722 0.028493
v -0.062833 0.045183 0.034623
v -0.063538 0.043524 0.037974
v -0.060255 0.044750 -0.004132
v -0.063242 0.045550 0.000484
v -0.062249 0.046540 0.007190
v -0.091004 0.148857 0.021507
v -0.057094 0.045997 0.026865
v -0.057276 0.047300 0.029890
v -0.039520 0.173859 -0.007575
v -0.089641 0.138419 0.034142
v -0.092601 0.130187 0.025184
v -0.092281 0.127621 0.029752
v -0.033957 0.041025 -0.029660
v -0.090200 0.116575 0.005675
v -0.058516 0.047731 0.000212
v -0.071724 0.146174 -0.021568
v -0.052390 0.045449 0.017686
v -0.059414 0.047278 0.034172
v -0.057521 0.158776 0.004162
v -0.080959 0.109267 -0.002019
v -0.051904 0.046100 0.019421
v -0.051830 0.048569 0.021647
v -0.077650 0.156580 -0.016599
v -0.037416 0.047682 -0.017147
v -0.078876 0.153470 0.003988
v -0.057635 0.050426 0.004611
v -0.052625 0.050435 0.029047
v -0.052999 0.049169 0.033968
v -0.073503 0.168719 -0.044792
v -0.054421 0.047837 -0.005919
v -0.052313 0.051085 0.024486
v -0.079130 0.167366 -0.035506
v 0.009412 0.123503 -0.009829
v -0.032716 0.108966 -0.018941
v -0.031133 0.049607 -0.019407
v 0.045997 0.069814 0.003014
v 0.033525 0.109662 -0.006989
v -0.055047 0.052768 -0.003946
v -0.056898 0.049656 -0.001532
v -0.050290 0.049099 0.017165
v -0.050595 0.049923 0.019174
v -0.051887 0.053325 0.028706
v -0.067684 0.165336 -0.055466
v -0.030271 0.052106 -0.017676
v -0.009109 0.111417 -0.020543
v -0.057069 0.054424 0.002340
v -0.032748 0.177599 -0.011627
v -0.029010 0.051265 -0.022176
v -0.031383 0.051791 -0.013887
v -0.055674 0.056984 -0.003351
v -0.050916 0.053814 0.019753
v -0.088875 0.151694 0.020087
v -0.077153 0.173787 -0.047868
v -0.078578 0.164206 -0.031826
v -0.027546 0.054022 -0.025147
v -0.054464 0.055357 0.010327
v -0.087041 0.130589 0.000912
v -0.090009 0.132781 0.005922
v -0.092233 0.131954 0.015431
v -0.048640 0.164725 -0.005059
v -0.054066 0.059959 -0.007599
v -0.057434 0.057684 0.008726
v -0.086795 0.138507 0.004558
v -0.092990 0.130923 0.019919
v -0.091282 0.133119 0.024689
v 0.021815 0.117705 -0.010015
v -0.029647 0.058104 -0.021311
v -0.031290 0.055209 -0.014388
v -0.059002 0.059235 0.002614
v -0.090242 0.135760 0.014149
v -0.061569 0.170849 -0.061679
v -0.066070 0.165578 -0.058644
v -0.024540 0.180059 -0.018727
v -0.016132 0.182988 -0.026037
v -0.030809 0.056998 -0.017835
v 0.010464 0.096180 -0.025899
v -0.057492 0.059530 -0.001079
v -0.089146 0.136505 0.025953
v 0.004371 0.103919 -0.021515
v -0.090377 0.132525 0.031083
v -0.090795 0.138552 0.020563
v -0.094238 0.126154 0.022201
v -0.090337 0.131198 0.038139
v -0.045083 0.122184 -0.011569
v 0.011348 0.098244 -0.023024
v -0.039228 0.099185 -0.021913
v -0.065510 0.158573 -0.055600
v -0.077410 0.162605 -0.020755
v -0.048580 0.166892 -0.002526
v -0.076923 0.153514 -0.009079
v -0.067751 0.157348 -0.053982
v 0.052906 0.065230 -0.000511
v -0.029055 0.061084 -0.024918
v -0.031067 0.065059 -0.022751
v 0.024250 0.102662 -0.018314
v -0.055474 0.160502 0.001376
v -0.066643 0.160409 -0.056843
v -0.078200 0.160732 -0.024000
v -0.018321 0.119686 -0.011111
v 0.021713 0.109563 -0.015081
v -0.068383 0.159802 -0.054209
v -0.025446 0.060209 -0.030865
v -0.026540 0.065084 -0.031665
v -0.028426 0.062200 -0.027939
v -0.032606 0.061265 -0.015453
v -0.070872 0.116116 -0.007956
v -0.069781 0.159386 -0.049418
v -0.030325 0.067695 -0.027655
v -0.032977 0.066365 -0.018386
v 0.013533 0.102554 -0.021579
v 0.044409 0.069759 0.000948
v -0.002200 0.112159 -0.019659
v -0.072029 0.067047 -0.000723
v -0.078700 0.173139 -0.042720
v -0.083212 0.150721 0.004213
v -0.087439 0.133749 0.002397
v 0.026348 0.084562 -0.023152
v -0.074901 0.070419 -0.002285
v -0.054576 0.091563 -0.022099
v -0.073243 0.152313 -0.035704
v -0.074551 0.172187 -0.047551
v -0.028681 0.068283 -0.030610
v 0.017373 0.102460 -0.021488
v -0.081257 0.073025 0.007102
v -0.074982 0.154078 -0.018974
v -0.091556 0.131963 0.010638
v -0.000824 0.095165 -0.032056
v -0.077619 0.073999 -0.005326
v -0.079859 0.072755 0.003042
v -0.081627 0.073471 0.011162
v -0.073679 0.147860 -0.020236
v -0.091310 0.148486 0.016270
v -0.090850 0.146256 0.014809
v -0.068544 0.175130 -0.057188
v -0.027254 0.107475 -0.021280
v 0.021444 0.122738 -0.002932
v -0.079061 0.073724 -0.000845
v -0.082064 0.075994 0.001762
v -0.083737 0.076772 0.008959
v -0.090206 0.149478 0.013035
v 0.000848 0.116700 -0.017337
v -0.074578 0.151640 -0.028648
v -0.029087 0.072925 -0.033354
v -0.031184 0.073990 -0.030340
v -0.032607 0.071956 -0.024867
v -0.080576 0.076608 -0.002988
v -0.089491 0.143926 0.012488
v -0.077388 0.146564 -0.004354
v -0.072896 0.158350 -0.034109
v 0.007135 0.114682 -0.018346
v -0.034503 0.076130 -0.022373
v -0.083891 0.080790 0.002295
v -0.083740 0.077240 0.004667
v -0.086205 0.080931 0.010535
v -0.086062 0.079931 0.014441
v -0.081543 0.077951 0.026727
v 0.026666 0.112686 -0.010510
v -0.076041 0.156631 -0.021420
v -0.090012 0.150833 0.015753
v -0.071157 0.163351 -0.045361
v -0.033211 0.076873 -0.027708
v -0.073263 0.079984 -0.013750
v -0.079286 0.080049 -0.007013
v -0.086035 0.082646 0.019543
v -0.084335 0.080730 0.022180
v -0.071351 0.157271 -0.042183
v -0.073548 0.161208 -0.035288
v 0.016733 0.109912 -0.017020
v -0.030979 0.077021 -0.032816
v -0.062359 0.175448 -0.061486
v -0.017588 0.114913 -0.017205
v -0.082354 0.080876 -0.002404
v -0.078579 0.140501 -0.004603
v -0.028931 0.079248 -0.035050
v -0.031226 0.080413 -0.032182
v -0.033259 0.079622 -0.027146
v -0.044697 0.117915 -0.014726
v -0.079724 0.084227 -0.008761
v -0.085042 0.083818 -0.000078
v -0.086776 0.084345 0.012419
v -0.086675 0.082665 0.015174
v -0.085106 0.085177 0.025679
v -0.076976 0.082936 -0.011451
v -0.082776 0.083431 -0.004369
v -0.086180 0.082572 0.006364
v -0.091161 0.141444 0.015674
v -0.074639 0.143985 -0.007150
v -0.083448 0.133933 -0.001687
v -0.075805 0.151345 -0.019881
v -0.074924 0.152730 -0.019397
v -0.052314 0.121596 -0.010798
v -0.030734 0.085428 -0.030507
v -0.032591 0.081943 -0.029100
v -0.086455 0.086940 0.000917
v -0.012502 0.106344 -0.022360
v -0.088586 0.146059 0.009878
v -0.085610 0.147125 0.006598
v -0.087511 0.150615 0.010152
v -0.060114 0.035550 0.044908
v -0.088284 0.086869 0.008103
v -0.088813 0.087765 0.014227
v -0.088001 0.086626 0.015467
v -0.086991 0.086445 0.022421
v -0.074610 0.147278 -0.014172
v -0.034708 0.084036 -0.024302
v -0.084965 0.089963 -0.003007
v -0.088091 0.087742 0.004849
v -0.091490 0.145432 0.022277
v -0.094380 0.121839 0.017904
v -0.029165 0.085393 -0.033667
v -0.030558 0.088626 -0.027551
v -0.077771 0.087845 -0.011695
v -0.080728 0.088204 -0.007800
v -0.083273 0.089477 -0.005650
v -0.089399 0.089539 0.011646
v -0.089698 0.139713 0.013775
v -0.077135 0.151512 -0.005582
v -0.051121 0.163741 -0.002664
v -0.086443 0.127674 -0.001486
v -0.069606 0.154908 -0.050189
v -0.087265 0.092110 0.004206
v -0.089086 0.092377 0.010570
v -0.089612 0.091600 0.017812
v -0.082732 0.141969 0.001253
v -0.072618 0.143681 -0.010987
v -0.077677 0.166110 -0.036777
v -0.015078 0.093863 -0.034317
v -0.071057 0.154769 -0.045779
v -0.092332 0.125239 0.009159
v -0.076047 0.091037 -0.013643
v -0.082943 0.093292 -0.006186
v -0.010411 0.094592 -0.033785
v -0.029331 0.114762 -0.015845
v -0.037218 0.115942 -0.015173
v -0.012430 0.102860 -0.023822
v 0.006651 0.088145 -0.032946
v -0.006412 0.092876 -0.034818
v 0.015800 0.119966 -0.011416
v 0.029103 0.102475 -0.015768
v 0.042081 0.063481 -0.002541
v 0.028723 0.097943 -0.017497
v -0.019988 0.102783 -0.023393
v 0.033748 0.083644 -0.018630
v -0.018686 0.186896 -0.020249
v 0.006415 0.117902 -0.016283
v 0.056305 0.067770 0.002652
v -0.005361 0.112894 -0.019613
v 0.045769 0.064629 -0.001217
v -0.010091 0.098230 -0.027731
v -0.060459 0.117556 -0.011355
v 0.012934 0.118873 -0.013979
v 0.015236 0.094978 -0.024437
v -0.030893 0.047409 -0.024954
v -0.017766 0.185723 -0.023049
v -0.013035 0.110029 -0.020161
v -0.071207 0.038609 0.000772
v 0.017905 0.106277 -0.017729
v -0.033623 0.118404 -0.011927
v -0.049907 0.117883 -0.014402
v -0.006688 0.117472 -0.015359
v -0.015451 0.185976 -0.024796
v -0.030604 0.038038 -0.030124
v -0.013220 0.183972 -0.027519
v -0.047859 0.111627 -0.017482
v -0.013099 0.090776 -0.036659
v -0.063117 0.154254 0.002973
v -0.055140 0.110516 -0.017673
v -0.011097 0.182023 -0.028042
v -0.026569 0.034696 -0.029114
v -0.006640 0.102222 -0.023519
v -0.056996 0.157417 0.000602
v 0.019077 0.091871 -0.024890
v 0.013473 0.124299 -0.006836
v -0.021730 0.098411 -0.024307
v -0.017142 0.098057 -0.024924
v -0.058698 0.151373 -0.000658
v 0.003564 0.127649 -0.004467
v -0.008537 0.099921 -0.024351
v -0.012172 0.181251 -0.029061
v -0.061114 0.153052 0.001000
v -0.029571 0.117139 -0.013676
v 0.030530 0.112212 -0.008186
v -0.031714 0.035112 -0.030659
v -0.013691 0.179147 -0.028126
v 0.011621 0.115490 -0.016386
v -0.061994 0.150281 -0.001630
v 0.036684 0.100996 -0.009849
v 0.048513 0.071798 0.006000
v -0.000466 0.119837 -0.013611
v 0.016747 0.090114 -0.027127
v 0.006983 0.097730 -0.024800
v -0.043227 0.046264 -0.011772
v -0.008356 0.113736 -0.018240
v -0.012354 0.115568 -0.016487
v 0.046834 0.074354 0.010139
v 0.025319 0.109317 -0.013580
v -0.042459 0.113925 -0.016188
v 0.057745 0.064158 0.002628
v -0.059711 0.036536 -0.009495
v -0.003208 0.109621 -0.021524
v 0.027021 0.061346 -0.022292
v 0.007103 0.101912 -0.021231
v -0.038226 0.124655 -0.007326
v 0.025942 0.115764 -0.008219
v -0.061298 0.033900 -0.009322
v -0.059467 0.147440 -0.001889
v 0.010507 0.100877 -0.022110
v 0.033081 0.102734 -0.012787
v 0.012518 0.104754 -0.019916
v 0.023088 0.093999 -0.022211
v 0.031555 0.092485 -0.018204
v 0.006272 0.099910 -0.022297
v -0.040917 0.046122 -0.017943
v 0.035407 0.098189 -0.012009
v 0.009414 0.121219 -0.012938
v 0.053735 0.072027 0.006801
v 0.025620 0.118807 -0.005033
v -0.038150 0.042467 -0.026894
v -0.028212 0.111169 -0.018002
v -0.060254 0.143391 -0.003791
v 0.019017 0.104015 -0.019333
v 0.007545 0.091682 -0.031643
v -0.007076 0.122401 -0.011364
v -0.019048 0.096562 -0.027580
v -0.016953 0.106693 -0.022003
v -0.000673 0.101199 -0.022858
v -0.009018 0.125280 -0.007791
v -0.068136 0.180061 -0.058816
v -0.023600 0.115138 -0.015577
v -0.059831 0.042842 -0.006647
v 0.053124 0.059012 -0.002885
v -0.036932 0.037107 -0.029714
v -0.056215 0.141392 -0.002803
v 0.036696 0.103728 -0.007962
v -0.035885 0.120400 -0.010640
v -0.009357 0.085424 -0.038113
v -0.060127 0.120414 -0.009379
v -0.039843 0.121561 -0.011570
v 0.028322 0.108480 -0.012623
v -0.001873 0.115939 -0.017169
v 0.038648 0.090153 -0.012550
v -0.001736 0.092244 -0.034310
v 0.050001 0.061612 -0.003465
v 0.055859 0.062910 0.000690
v 0.020462 0.115154 -0.013104
v -0.015166 0.117981 -0.014466
v -0.070860 0.071510 0.033895
v 0.022674 0.086606 -0.024925
v 0.035359 0.087439 -0.017109
v 0.018401 0.121455 -0.007680
v -0.025426 0.041421 -0.029205
v -0.008209 0.096777 -0.030810
v -0.056811 0.033874 -0.011166
v -0.034589 0.044745 -0.027123
v -0.040252 0.118275 -0.013674
v 0.016387 0.114023 -0.015497
v 0.042635 0.060797 -0.003458
v -0.050687 0.035936 -0.012381
v 0.007345 0.094510 -0.029683
v -0.019707 0.092917 -0.034637
v -0.012083 0.122192 -0.009712
v 0.048806 0.068458 0.001695
v -0.003087 0.098403 -0.027403
v -0.053199 0.136729 -0.001658
v -0.047290 0.130554 0.001691
v 0.004465 0.120440 -0.013931
v -0.002385 0.122905 -0.010382
v -0.024833 0.095858 -0.025162
v -0.042297 0.036292 -0.027254
v -0.054388 0.134049 -0.003992
v -0.050539 0.133367 -0.001087
v 0.002604 0.096943 -0.028407
v -0.007816 0.128212 -0.001943
v 0.006511 0.130025 0.000929
v 0.034743 0.092274 -0.015655
v -0.067788 0.180889 -0.058191
v -0.033715 0.111516 -0.018078
v 0.004463 0.124273 -0.009429
v -0.023370 0.093393 -0.032032
v -0.048982 0.129806 -0.001323
v -0.000782 0.128229 -0.003249
v 0.002496 0.089858 -0.033628
v 0.007455 0.111968 -0.019554
v 0.028791 0.091157 -0.020370
v -0.053590 0.124375 -0.007347
v -0.047744 0.120644 -0.012813
v -0.019616 0.121092 -0.009549
v -0.065047 0.179991 -0.059759
v -0.051704 0.037620 -0.011763
v -0.052124 0.129298 -0.004119
v -0.045334 0.128915 0.001582
v -0.003047 0.129195 -0.001069
v 0.007213 0.127220 -0.005207
v 0.011669 0.127202 -0.003185
v 0.053056 0.069709 0.003129
v -0.063021 0.178110 -0.060394
v 0.028205 0.064391 -0.020698
v 0.034400 0.105030 -0.010225
v 0.030975 0.107902 -0.011058
v -0.048984 0.114805 -0.015967
v -0.032822 0.123005 -0.005909
v -0.050793 0.127165 -0.004818
v -0.035302 0.125478 -0.003154
v 0.056455 0.069951 0.004919
v -0.016240 0.125122 -0.003650
v -0.016970 0.111198 -0.019586
v -0.054088 0.039781 -0.010545
v -0.034190 0.047514 -0.022302
v 0.013699 0.093914 -0.026428
v 0.000880 0.099235 -0.024356
v -0.046459 0.127240 -0.004884
v -0.041736 0.126876 -0.004174
v -0.021000 0.123136 -0.006119
v -0.012130 0.125726 -0.005201
v -0.004382 0.126408 -0.006950
v 0.001409 0.034782 -0.023265
v -0.014846 0.035071 -0.026072
v -0.021399 0.034795 -0.027959
v 0.012009 0.035962 -0.021736
v 0.003825 0.036129 -0.023878
v -0.051140 0.096618 -0.022095
v -0.054813 0.098102 -0.021425
v -0.027597 0.169798 -0.018170
v 0.013360 0.039377 -0.022496
v 0.004392 0.038674 -0.024170
v -0.006848 0.036445 -0.025177
v -0.013280 0.037700 -0.026392
v -0.047673 0.036117 -0.013301
v -0.045590 0.108538 -0.018797
v -0.050096 0.109909 -0.018505
v -0.065767 0.036470 -0.007207
v -0.023456 0.168247 -0.018823
v -0.004592 0.038405 -0.025413
v -0.024954 0.037441 -0.029153
v 0.029008 0.037358 -0.000275
v -0.007947 0.041490 -0.025911
v -0.016804 0.039754 -0.027565
v -0.065156 0.140345 -0.007685
v -0.047080 0.040701 -0.011870
v -0.068471 0.037478 -0.004956
v 0.037327 0.040210 -0.000859
v 0.035350 0.041257 -0.002808
v 0.005182 0.041536 -0.024066
v 0.018661 0.100308 -0.022127
v -0.060511 0.107484 -0.017042
v -0.062374 0.040146 -0.007404
v 0.025457 0.039484 -0.004025
v -0.000228 0.043395 -0.025124
v -0.008109 0.043439 -0.026140
v -0.017362 0.043237 -0.027665
v -0.026417 0.044674 -0.028210
v 0.003806 0.109443 -0.020204
v -0.058232 0.095690 -0.020616
v -0.066122 0.042341 -0.002754
v -0.060960 0.094173 -0.019016
v 0.031352 0.042649 -0.004675
v -0.033541 0.036343 0.049090
v 0.017253 0.044336 -0.023067
v 0.010638 0.044162 -0.024926
v 0.004384 0.045807 -0.026789
v -0.008251 0.045149 -0.028441
v -0.015748 0.045044 -0.027878
v 0.028990 0.044698 -0.006186
v 0.008169 0.045053 -0.025179
v -0.000963 0.045378 -0.027308
v -0.001703 0.047819 -0.029929
v -0.031536 0.044740 -0.028079
v -0.033620 0.156915 -0.011025
v -0.050751 0.043110 -0.010019
v 0.036891 0.047353 -0.006106
v 0.024976 0.042645 -0.007017
v 0.024562 0.048370 -0.019673
v 0.013964 0.045579 -0.024707
v 0.013376 0.048630 -0.026552
v 0.003731 0.048128 -0.029026
v -0.008795 0.047057 -0.029882
v -0.013754 0.051865 -0.032243
v -0.021201 0.046657 -0.027951
v 0.039694 0.045659 -0.004527
v 0.033627 0.048718 -0.006390
v -0.065352 0.099295 -0.016820
v 0.001287 0.050384 -0.030357
v -0.008180 0.049846 -0.031071
v -0.017184 0.048210 -0.029742
v -0.026049 0.047692 -0.026150
v -0.084747 0.110784 0.039488
v -0.051317 0.048271 -0.007931
v -0.082507 0.127655 -0.004680
v 0.038664 0.051697 -0.006691
v -0.075643 0.099440 -0.011928
v 0.020284 0.051349 -0.024895
v 0.005944 0.050977 -0.029119
v -0.025528 0.051473 -0.026885
v -0.035563 0.049400 -0.012865
v -0.042819 0.162202 -0.010338
v -0.065594 0.176657 -0.060505
v -0.034151 0.174428 -0.013313
v 0.043673 0.050162 -0.005984
v -0.050342 0.155462 -0.005193
v 0.025464 0.054030 -0.021691
v 0.010150 0.049259 -0.027751
v -0.022043 0.053612 -0.030136
v -0.032876 0.051678 -0.010889
v -0.037614 0.049535 -0.011626
v -0.040751 0.049285 -0.011286
v -0.046385 0.047491 -0.010086
v 0.044473 0.053293 -0.006333
v 0.033206 0.051021 -0.007238
v 0.015678 0.051169 -0.026398
v 0.006834 0.055010 -0.030561
v 0.002142 0.055503 -0.031334
v 0.000593 0.052868 -0.030514
v -0.003648 0.051869 -0.031458
v -0.009425 0.055399 -0.033654
v -0.019302 0.058225 -0.033920
v -0.061084 0.133862 -0.007225
v -0.043310 0.055657 -0.011402
v -0.061081 0.168338 -0.059192
v 0.047575 0.052944 -0.005130
v -0.037403 0.111508 -0.018243
v 0.019972 0.054410 -0.027108
v 0.005397 0.058383 -0.030904
v -0.010604 0.053603 -0.033403
v -0.034998 0.052332 -0.010347
v -0.046471 0.051304 -0.009830
v -0.067945 0.114936 -0.009511
v -0.071048 0.151611 -0.044679
v -0.005890 0.034791 -0.024224
v 0.016842 0.055556 -0.028285
v 0.010711 0.054688 -0.029768
v -0.001183 0.059492 -0.033361
v -0.005233 0.055689 -0.032840
v -0.051706 0.052471 -0.007405
v -0.052626 0.060044 -0.008957
v -0.072599 0.097763 -0.014435
v 0.044331 0.055818 -0.006036
v 0.038463 0.054935 -0.006182
v 0.038839 0.057808 -0.005258
v -0.009202 0.059510 -0.034437
v -0.035263 0.055285 -0.010545
v -0.038336 0.054504 -0.010905
v -0.017728 0.036290 0.052222
v 0.050006 0.058096 -0.004621
v 0.046134 0.059279 -0.004777
v 0.015110 0.059820 -0.028646
v 0.010312 0.057587 -0.029995
v -0.006135 0.060257 -0.034696
v -0.012318 0.059396 -0.035269
v -0.014467 0.063136 -0.036866
v -0.046650 0.059841 -0.012136
v -0.056572 0.124803 -0.007189
v -0.079237 0.120554 -0.005674
v -0.079335 0.125607 -0.006118
v 0.022340 0.058492 -0.026014
v 0.007627 0.062098 -0.031136
v 0.003310 0.060457 -0.032481
v -0.016812 0.061275 -0.035929
v -0.032492 0.057196 -0.012105
v -0.034108 0.061467 -0.013053
v -0.033897 0.057025 -0.011048
v -0.038624 0.058303 -0.011506
v -0.045008 0.062724 -0.013390
v -0.056896 0.133987 -0.005627
v -0.044854 0.157460 -0.008673
v -0.078610 0.069657 0.011811
v -0.023730 0.101862 -0.023836
v -0.028123 0.099322 -0.023580
v -0.050077 0.149977 -0.003642
v -0.033048 0.095959 -0.023426
v 0.019520 0.062065 -0.027292
v -0.038865 0.103340 -0.020641
v -0.048953 0.056281 -0.010221
v -0.053993 0.144987 -0.001109
v -0.045531 0.098511 -0.021730
v -0.050911 0.100746 -0.021619
v 0.023246 0.062793 -0.025048
v 0.009741 0.063181 -0.031141
v -0.000866 0.064560 -0.034491
v -0.008526 0.064002 -0.035850
v -0.048451 0.064794 -0.013030
v -0.052325 0.106148 -0.019271
v -0.055265 0.102167 -0.019897
v -0.059042 0.099032 -0.019223
v -0.057847 0.104335 -0.018526
v -0.027113 0.173322 -0.018539
v 0.022832 0.067083 -0.026298
v 0.014519 0.064596 -0.029856
v 0.011471 0.067581 -0.030901
v -0.017739 0.066261 -0.037657
v -0.065060 0.134521 -0.008090
v -0.075829 0.142446 -0.005809
v -0.041362 0.061637 -0.012814
v -0.056148 0.061922 -0.005754
v -0.062126 0.062845 -0.004520
v -0.037292 0.164491 -0.013627
v -0.019819 0.165095 -0.017609
v 0.006288 0.065416 -0.032563
v -0.005925 0.069516 -0.035933
v -0.010539 0.067999 -0.036517
v -0.035386 0.066817 -0.015435
v -0.053994 0.064639 -0.009325
v -0.063852 0.065572 -0.006939
v -0.063921 0.127742 -0.008549
v -0.026941 0.036184 0.053352
v 0.019619 0.067007 -0.028356
v 0.012275 0.069934 -0.031553
v 0.005427 0.068248 -0.032731
v -0.004408 0.066619 -0.034870
v -0.021911 0.067145 -0.036536
v -0.045643 0.154669 -0.007297
v -0.051673 0.066851 -0.012120
v -0.058105 0.066466 -0.010044
v -0.056992 0.143119 -0.002240
v -0.080651 0.131199 -0.004440
v -0.056544 0.128509 -0.006201
v 0.017758 0.070139 -0.029405
v 0.006498 0.070792 -0.033525
v 0.000758 0.070434 -0.034463
v -0.013236 0.069293 -0.037917
v -0.067391 0.118897 -0.008730
v -0.038120 0.064162 -0.013829
v 0.001853 0.113034 -0.019794
v -0.075951 0.068171 0.018118
v -0.010002 0.072671 -0.037661
v -0.017976 0.070614 -0.038444
v -0.023036 0.072778 -0.038073
v -0.026120 0.071177 -0.035452
v -0.068535 0.139294 -0.007805
v -0.035263 0.071068 -0.018012
v -0.041558 0.069774 -0.016774
v -0.052832 0.070299 -0.014865
v -0.066979 0.067639 -0.006809
v -0.010244 0.178958 -0.029539
v -0.075273 0.126801 -0.008024
v -0.087360 0.112483 0.042049
v 0.008750 0.074302 -0.033398
v -0.064250 0.160450 -0.057041
v -0.044354 0.073372 -0.017874
v -0.045763 0.069445 -0.015929
v -0.047957 0.072543 -0.016107
v -0.057823 0.069538 -0.014416
v -0.072072 0.071538 -0.007471
v 0.025473 0.074094 -0.024939
v 0.015720 0.073756 -0.029748
v 0.004821 0.073764 -0.034552
v -0.002253 0.073921 -0.035887
v -0.007383 0.074800 -0.037224
v -0.020225 0.077095 -0.039044
v -0.034016 0.072101 -0.020823
v -0.038493 0.072840 -0.017502
v -0.064393 0.073116 -0.015335
v -0.064481 0.070187 -0.012262
v -0.023854 0.161645 -0.014504
v 0.022104 0.072693 -0.026900
v 0.015532 0.076587 -0.029607
v 0.011574 0.074861 -0.031384
v -0.014732 0.077641 -0.038491
v -0.016019 0.074289 -0.038864
v -0.051104 0.073072 -0.016243
v -0.057990 0.074018 -0.017522
v -0.069608 0.072323 -0.010934
v -0.075996 0.117141 -0.006558
v -0.037988 0.107515 -0.019976
v 0.010696 0.079889 -0.032010
v -0.005343 0.078265 -0.037477
v -0.026082 0.076191 -0.036780
v -0.039161 0.157189 -0.010581
v -0.065610 0.075860 -0.016750
v -0.070178 0.075663 -0.013839
v -0.074291 0.074808 -0.009354
v -0.063429 0.171854 -0.061412
v 0.030685 0.075727 -0.020778
v 0.019305 0.079018 -0.027744
v -0.008599 0.079339 -0.037905
v -0.023200 0.076568 -0.038387
v -0.038118 0.076390 -0.018644
v -0.044231 0.077664 -0.019027
v -0.051025 0.075705 -0.018187
v -0.070595 0.129948 -0.008763
v 0.028148 0.078785 -0.022432
v 0.007602 0.079436 -0.033715
v 0.004950 0.078027 -0.034410
v -0.015858 0.081166 -0.039186
v -0.018502 0.083344 -0.039011
v -0.079739 0.136069 -0.004148
v -0.030980 0.166347 -0.016241
v -0.035750 0.077248 -0.019374
v -0.048945 0.079086 -0.019576
v -0.055066 0.078089 -0.019755
v 0.023706 0.080240 -0.025450
v 0.012254 0.083457 -0.030772
v 0.001855 0.084693 -0.034839
v -0.000209 0.078941 -0.035782
v -0.000427 0.082947 -0.036381
v -0.004410 0.082795 -0.037467
v -0.033202 0.105783 -0.020648
v -0.039207 0.081536 -0.020571
v -0.060355 0.079767 -0.019376
v -0.041772 0.103967 -0.020833
v -0.011204 0.082713 -0.038490
v -0.023181 0.081687 -0.038329
v -0.027233 0.080571 -0.036621
v -0.035470 0.080196 -0.022326
v -0.044864 0.081998 -0.020474
v -0.050648 0.082309 -0.021366
v -0.055523 0.081928 -0.021354
v -0.088090 0.111355 0.018516
v -0.072036 0.111079 0.045361
v -0.033360 0.169864 -0.015449
v -0.066839 0.062171 0.021577
v 0.030731 0.081969 -0.020040
v 0.016224 0.086480 -0.028952
v -0.069856 0.100279 -0.014848
v -0.063836 0.081705 -0.018909
v -0.067915 0.080136 -0.017128
v -0.045752 0.163408 -0.008178
v 0.011728 0.088011 -0.030860
v 0.007333 0.085270 -0.032829
v -0.003436 0.087018 -0.036461
v -0.026964 0.084513 -0.036362
v -0.036553 0.085316 -0.022576
v -0.038791 0.085233 -0.021918
v -0.057677 0.086258 -0.021098
v -0.062582 0.086395 -0.019169
v -0.071395 0.124688 -0.008594
v 0.014802 0.099041 -0.022843
v -0.021163 0.174919 -0.021977
v -0.014824 0.087289 -0.038317
v -0.023286 0.089468 -0.036027
v -0.051596 0.084422 -0.021601
v -0.069481 0.085656 -0.017198
v -0.070917 0.107548 -0.011497
v 0.030145 0.086284 -0.020408
v -0.055578 0.115677 -0.014646
v -0.008098 0.089070 -0.036552
v -0.081206 0.112051 -0.000883
v -0.018772 0.089838 -0.036992
v -0.021100 0.086588 -0.037849
v -0.025810 0.088890 -0.035082
v -0.048985 0.090732 -0.021817
v -0.035875 0.034776 -0.030845
v -0.033164 0.033607 -0.029722
v -0.025964 0.033487 -0.026321
v -0.016718 0.033612 -0.024625
v -0.005349 0.033829 -0.022600
v 0.006484 0.034293 -0.020855
v 0.013950 0.034880 -0.018613
v -0.042466 0.034189 -0.027261
v -0.033241 0.033579 -0.026719
v 0.006281 0.034166 -0.018764
v -0.044266 0.033664 -0.021914
v -0.023671 0.033631 -0.023218
v -0.011559 0.033895 -0.021054
v -0.002041 0.034054 -0.019331
v 0.001732 0.034460 -0.016608
v -0.027316 0.033910 -0.021354
v -0.013371 0.034362 -0.019024
v 0.009589 0.034207 -0.015424
v -0.014982 0.035878 -0.017992
v -0.002347 0.035903 -0.015930
v 0.002254 0.036412 -0.014784
v -0.035199 0.033835 -0.020508
v -0.026075 0.035919 -0.019405
v 0.008274 0.035645 -0.012649
v 0.010474 0.034743 -0.011263
v 0.014055 0.034483 -0.014496
v -0.036971 0.035680 -0.015008
v -0.002472 0.038409 -0.014159
v -0.039482 0.033618 -0.023612
v -0.041092 0.034006 -0.011998
v -0.031590 0.035592 -0.019204
v -0.020086 0.038064 -0.017221
v -0.011113 0.038290 -0.015646
v 0.004452 0.037705 -0.012958
v 0.015870 0.034416 -0.002967
v -0.047872 0.034136 -0.015418
v -0.047522 0.033623 -0.012805
v -0.033407 0.037577 -0.016158
v -0.027851 0.038404 -0.017210
v -0.008507 0.039029 -0.013001
v 0.006455 0.038165 -0.010165
v 0.007415 0.034659 -0.003012
v 0.011966 0.034335 -0.005957
v 0.020415 0.035568 -0.003781
v -0.019289 0.038763 -0.014203
v -0.001139 0.039177 -0.010381
v 0.003815 0.039024 -0.008083
v 0.007521 0.036733 -0.006761
v 0.019968 0.034844 -0.001898
v -0.045058 0.033600 -0.012528
v -0.030755 0.038640 -0.014051
v -0.051500 0.033729 -0.012083
v -0.023757 0.038586 -0.011093
v 0.003973 0.038209 -0.003796
v 0.009549 0.034233 0.001716
v 0.029087 0.035800 0.003563
v -0.055965 0.033530 -0.009125
v -0.019524 0.038505 -0.004543
v 0.016363 0.034395 0.002295
v 0.021325 0.034624 0.005644
v -0.039670 0.036174 -0.007340
v -0.014252 0.038648 -0.004303
v 0.002326 0.035348 0.002325
v 0.014014 0.035704 0.003888
v 0.015323 0.036240 0.003663
v 0.023753 0.034671 0.003989
v 0.032369 0.035816 0.007025
v -0.063716 0.033777 -0.008007
v -0.064267 0.033563 -0.005125
v -0.038067 0.038519 -0.007308
v -0.009431 0.038888 -0.007485
v 0.003968 0.034200 0.004975
v 0.009429 0.036030 0.004528
v 0.029859 0.034980 0.009835
v -0.052730 0.033498 -0.001812
v -0.041271 0.033855 -0.001880
v -0.003111 0.038946 -0.002779
v 0.006219 0.035134 0.006549
v 0.020898 0.035937 0.008785
v 0.035606 0.036527 0.009816
v -0.067078 0.033840 -0.006169
v -0.000811 0.037424 0.004772
v 0.003149 0.034125 0.011762
v 0.004917 0.033997 0.009167
v 0.025131 0.034547 0.011013
v 0.028249 0.035046 0.016017
v -0.067033 0.065146 0.027293
v -0.046380 0.033605 -0.000894
v -0.033163 0.038195 -0.000525
v -0.032074 0.038323 -0.000421
v -0.021693 0.038266 0.004510
v 0.023931 0.034817 0.017739
v 0.042719 0.039977 0.008932
v -0.058604 0.033462 -0.000217
v -0.037314 0.033633 0.004572
v -0.010424 0.038489 0.006229
v -0.001390 0.038651 0.002397
v -0.000308 0.035462 0.008261
v -0.001409 0.036193 0.012945
v 0.022253 0.036583 0.013980
v -0.070962 0.034346 -0.000784
v -0.069066 0.033718 -0.000198
v -0.064826 0.033506 0.002822
v -0.047060 0.033502 0.003565
v -0.003695 0.038173 0.013047
v 0.033476 0.036447 0.016267
v 0.037250 0.037510 0.014816
v -0.045676 0.033704 0.006430
v -0.038639 0.033937 0.008551
v -0.009506 0.038353 0.015571
v 0.021500 0.035807 0.018169
v 0.044876 0.041231 0.016008
v -0.072474 0.036256 0.001553
v -0.071498 0.034453 0.004203
v -0.027791 0.038063 0.007938
v -0.016556 0.038286 0.010216
v 0.008104 0.034843 0.018135
v 0.023589 0.035891 0.025338
v 0.041261 0.040585 0.020752
v -0.051351 0.033646 0.008033
v -0.047104 0.035549 0.008080
v -0.001410 0.037000 0.016982
v 0.000917 0.034803 0.015635
v 0.002889 0.034636 0.018850
v 0.013279 0.034380 0.021424
v 0.014323 0.034426 0.021593
v 0.017490 0.034646 0.022041
v 0.029868 0.036249 0.019872
v -0.039222 0.036326 0.010790
v -0.030307 0.033995 0.014706
v 0.020081 0.035173 0.028019
v 0.024989 0.038105 0.029430
v 0.033584 0.038304 0.022929
v 0.049016 0.044574 0.020659
v -0.058226 0.066607 0.035050
v -0.067331 0.033846 0.008727
v -0.034692 0.033829 0.012439
v -0.029803 0.034287 0.016353
v 0.001702 0.036311 0.021180
v 0.045137 0.044625 0.025517
v -0.068876 0.110222 0.039005
v -0.057681 0.033623 0.014040
v -0.053211 0.033585 0.013987
v -0.035712 0.035892 0.015503
v -0.028862 0.035397 0.017350
v -0.026580 0.037743 0.015705
v -0.001097 0.038148 0.020427
v 0.035048 0.040974 0.026970
v -0.069685 0.034479 0.009798
v -0.054019 0.033310 0.015848
v 0.004482 0.037118 0.024755
v 0.006661 0.035205 0.024316
v 0.008383 0.034749 0.024057
v 0.038883 0.041033 0.024977
v -0.002644 0.038727 0.025131
v 0.003222 0.038708 0.025899
v 0.009002 0.036891 0.028482
v 0.013197 0.034836 0.031631
v 0.022292 0.037053 0.033101
v 0.028948 0.039160 0.027235
v -0.087773 0.111814 0.037144
v -0.017870 0.038204 0.020243
v 0.010087 0.037048 0.030822
v 0.042297 0.045436 0.029041
v -0.084341 0.113880 0.046513
v -0.073796 0.108956 0.039217
v -0.051243 0.064239 0.034258
v -0.061777 0.034018 0.016901
v -0.036665 0.035304 0.023032
v -0.014930 0.038644 0.029378
v -0.080895 0.109672 0.037910
v -0.089823 0.113872 0.032845
v -0.069656 0.068728 0.031128
v -0.078450 0.109888 0.042518
v -0.075824 0.107949 0.037129
v -0.055741 0.034128 0.026674
v -0.038280 0.035429 0.024381
v -0.035283 0.034180 0.022745
v -0.025798 0.037865 0.019981
v 0.006906 0.039004 0.029549
v 0.015449 0.034852 0.036985
v 0.019128 0.035641 0.036642
v -0.063665 0.066048 0.031828
v 0.039605 0.044940 0.029992
v -0.080294 0.071702 0.015995
v -0.054185 0.067323 0.036936
v -0.073110 0.148472 -0.028748
v -0.059000 0.073752 0.041197
v -0.059521 0.061040 -0.002375
v -0.062792 0.034597 0.023506
v -0.041896 0.033668 0.026940
v 0.008981 0.037639 0.033901
v 0.008529 0.034888 0.036265
v -0.089804 0.114981 0.042772
v -0.065545 0.074430 0.039168
v -0.064644 0.061723 0.000226
v 0.005250 0.039507 0.033271
v 0.020250 0.037033 0.039327
v -0.067006 0.063293 -0.001749
v -0.064480 0.060651 0.004234
v -0.057220 0.057000 0.004918
v -0.074363 0.072437 0.031430
v -0.062019 0.034343 0.031883
v -0.046871 0.034444 0.030513
v -0.020814 0.038401 0.027868
v 0.016439 0.035635 0.041281
v -0.069087 0.112050 0.045320
v -0.071812 0.148613 -0.034640
v -0.069539 0.063075 0.003576
v -0.084864 0.078392 0.016462
v -0.091189 0.115889 0.024706
v -0.088828 0.113592 0.023874
v -0.071303 0.113254 0.049445
v -0.054877 0.070282 0.038828
v -0.077209 0.107159 0.034738
v -0.061242 0.059007 0.008092
v -0.065886 0.035025 0.029417
v -0.057889 0.034420 0.036266
v -0.051848 0.034470 0.034635
v -0.034835 0.034721 0.034578
v -0.030985 0.038192 0.032390
v -0.004961 0.039365 0.036702
v 0.012224 0.035177 0.042621
v -0.074898 0.114589 0.050776
v -0.080469 0.113580 0.046643
v -0.074108 0.069586 0.027264
v -0.079003 0.076339 0.029248
v -0.065297 0.034779 0.033744
v -0.033656 0.034344 0.036914
v 0.004932 0.034815 0.043462
v 0.011347 0.036213 0.044652
v -0.060569 0.071155 0.038654
v -0.088979 0.114509 0.028446
v -0.068544 0.061090 0.010558
v -0.082711 0.116490 0.048519
v -0.041913 0.034468 0.033200
v -0.011290 0.039529 0.038844
v -0.002826 0.034885 0.045611
v -0.064561 0.059484 0.013062
v -0.058581 0.057801 0.013430
v -0.023320 0.039170 0.038473
v -0.018160 0.039322 0.039403
v -0.016471 0.034813 0.043685
v 0.003291 0.035833 0.046025
v -0.085230 0.112007 0.030417
v -0.085645 0.111317 0.034235
v -0.074530 0.066681 0.004695
v -0.071113 0.062751 0.008800
v -0.061149 0.058834 0.016539
v -0.046912 0.034627 0.039740
v -0.040760 0.034668 0.040493
v -0.026323 0.034658 0.043473
v -0.003184 0.036230 0.047873
v -0.079940 0.109167 0.034120
v -0.059712 0.063165 0.028789
v -0.051177 0.068062 0.037398
v -0.050127 0.070933 0.039481
v -0.072790 0.064400 0.015206
v -0.068511 0.061215 0.015354
v -0.039343 0.035440 0.042493
v -0.008131 0.035008 0.047502
v -0.066081 0.070203 0.035553
v -0.068603 0.149923 -0.040051
v -0.071722 0.067023 0.024960
v -0.075115 0.066557 0.010244
v -0.065147 0.035946 0.039775
v -0.036899 0.035925 0.044794
v -0.009478 0.035978 0.049434
v -0.085176 0.117068 0.048139
v -0.063366 0.062790 0.025648
v -0.066633 0.061002 0.018101
v -0.058168 0.059985 0.022606
v -0.064212 0.034993 0.039402
v -0.053426 0.034560 0.042782
v -0.018031 0.034860 0.049265
v -0.011440 0.037641 0.050276
v -0.075165 0.111543 0.046707
v -0.077168 0.069826 0.005061
v -0.072801 0.064383 0.012089
v -0.078022 0.070995 0.021322
v -0.061263 0.034690 0.041995
v -0.054404 0.035007 0.044875
v -0.045754 0.035207 0.043518
v -0.033832 0.035169 0.046958
v -0.028658 0.035083 0.050549
v -0.015306 0.035246 0.050134
v -0.065284 0.155924 -0.049866
v -0.066468 0.148715 -0.031579
v -0.062096 0.163883 -0.058386
v -0.063275 0.152457 -0.032222
v -0.043756 0.147734 -0.002143
v -0.065697 0.145616 -0.018975
v -0.066714 0.153588 -0.049097
v -0.010483 0.166683 -0.021746
v -0.062745 0.163975 -0.059398
v -0.070413 0.141292 -0.008459
v -0.061530 0.140376 -0.006273
v -0.011452 0.172206 -0.026845
v -0.063731 0.165770 -0.060104
v -0.028219 0.157581 -0.011000
v -0.018471 0.159677 -0.011170
v -0.066701 0.152368 -0.045266
v -0.049896 0.146709 -0.001861
v -0.031450 0.154605 -0.007680
v -0.067448 0.155077 -0.051594
v -0.010907 0.176493 -0.029246
v -0.072084 0.149656 -0.039266
v -0.064231 0.148778 -0.025900
v -0.063057 0.143416 -0.007491
v -0.053043 0.140925 -0.000474
v -0.039269 0.152052 -0.006620
v -0.064797 0.152106 -0.036186
v -0.064400 0.158344 -0.054256
v -0.066178 0.142183 -0.009377
v -0.067751 0.146052 -0.023333
v -0.064732 0.154101 -0.040465
v -0.024266 0.156877 -0.007851
v -0.015723 0.163123 -0.016397
v -0.070888 0.144046 -0.014908
v -0.044342 0.151138 -0.005686
v -0.062897 0.146948 -0.013099
v -0.063755 0.144289 -0.011396
v -0.068215 0.143909 -0.014984
v -0.050271 0.143366 0.001515
v -0.028536 0.162085 -0.014786
v -0.065811 0.143591 -0.012585
v -0.056179 0.137744 -0.004067
v -0.068867 0.147233 -0.028740
v -0.060965 0.170021 -0.060839
v -0.013895 0.167872 -0.021897
v -0.069413 0.151218 -0.044539
v -0.055040 0.057310 0.016991
vn -0.8653 0.0937 -0.4924
vn -0.9008 -0.0252 -0.4335
vn -0.8626 -0.1258 -0.4900
vn -0.9590 0.2808 -0.0380
vn -0.9488 0.2116 -0.2346
vn -0.9573 0.2477 -0.1489
vn -0.1381 0.9578 0.2520
vn -0.0881 0.9203 0.3811
vn -0.2233 0.8775 0.4245
vn 0.1465 0.8712 0.4686
vn 0.3356 0.8537 0.3981
vn 0.5258 0.7050 0.4760
vn 0.1171 0.8542 0.5065
vn -0.2032 0.7745 0.5990
vn -0.6115 0.5108 0.6043
vn -0.2073 0.7160 0.6667
vn -0.5388 0.7584 0.3669
vn -0.0882 0.9933 0.0745
vn -0.1729 0.9824 0.0702
vn -0.0917 0.9771 0.1918
vn 0.5535 0.8045 0.2156
vn 0.6680 0.6167 0.4164
vn 0.7690 0.6171 0.1666
vn -0.8495 -0.5274 -0.0157
vn -0.8144 -0.5638 0.1374
vn -0.9428 -0.3271 -0.0637
vn 0.3504 -0.9024 -0.2508
vn 0.0341 -0.9180 -0.3951
vn 0.3037 -0.9051 -0.2975
vn -0.9157 -0.3981 0.0542
vn -0.9911 -0.0930 0.0957
vn -0.9890 -0.1289 -0.0725
vn 0.7551 0.5899 0.2862
vn 0.6666 0.6010 0.4409
vn 0.8317 0.2915 0.4726
vn -0.5043 0.8619 0.0532
vn -0.6123 0.7530 -0.2411
vn -0.4297 0.8487 0.3083
vn -0.2048 0.9514 0.2298
vn -0.7641 -0.6342 -0.1183
vn -0.8680 -0.4411 -0.2279
vn 0.2551 0.9000 0.3534
vn -0.1294 0.9185 0.3737
vn 0.3013 0.8599 0.4121
vn 0.8000 0.5378 0.2660
vn 0.7603 0.5428 0.3568
vn 0.8547 0.4293 0.2918
vn 0.7558 0.5447 0.3635
vn 0.6556 0.6985 0.2869
vn 0.8558 0.4863 0.1765
vn -0.6782 0.1525 -0.7189
vn 0.5197 0.8190 0.2431
vn 0.2573 0.9185 0.3004
vn 0.6930 0.6872 0.2181
vn 0.4922 0.8257 0.2756
vn 0.3044 0.7546 0.5812
vn 0.1093 0.8702 0.4805
vn 0.0669 0.6697 0.7396
vn -0.1508 0.8930 0.4241
vn -0.2242 0.2187 -0.9497
vn -0.1666 0.1961 -0.9663
vn -0.1548 0.2034 -0.9668
vn -0.3087 0.9092 0.2796
vn -0.3336 0.8729 0.3561
vn -0.3197 0.8179 0.4784
vn -0.9260 0.3776 0.0038
vn -0.9564 0.2678 0.1168
vn -0.9276 0.3641 -0.0832
vn -0.1777 0.9300 -0.3218
vn -0.2135 0.9663 -0.1436
vn -0.1326 0.9814 -0.1388
vn -0.8522 0.1341 -0.5057
vn -0.8106 0.2805 -0.5140
vn -0.7400 0.1089 -0.6638
vn -0.8997 -0.4301 -0.0740
vn -0.9947 -0.0675 -0.0780
vn -0.9900 -0.0947 0.1042
vn -0.8653 -0.4379 0.2440
vn -0.9239 -0.3408 0.1740
vn -0.2037 0.9783 -0.0369
vn -0.1423 0.9890 -0.0402
vn -0.3317 0.9055 -0.2648
vn -0.1790 0.6261 -0.7589
vn -0.3201 0.8735 -0.3667
vn -0.2364 0.9639 -0.1228
vn -0.2255 0.9733 -0.0430
vn -0.0855 0.9956 -0.0384
vn -0.3933 0.3426 -0.8532
vn -0.3441 0.0206 -0.9387
vn -0.1600 0.0679 -0.9848
vn -0.9843 0.1652 -0.0614
vn -0.9504 0.3106 -0.0153
vn -0.0829 0.9404 -0.3297
vn -0.6847 0.6427 0.3436
vn -0.4828 0.7476 0.4560
vn -0.5047 0.8084 0.3031
vn 0.0937 0.6441 0.7592
vn 0.2575 0.5833 0.7704
vn 0.1543 0.7866 0.5978
vn -0.2637 0.9630 0.0551
vn -0.1796 0.9700 0.1640
vn -0.9867 0.1510 -0.0600
vn -0.9700 0.1499 -0.1915
vn -0.0375 0.9993 -0.0065
vn -0.1920 0.8928 0.4074
vn -0.2883 0.9408 0.1781
vn -0.3089 0.9248 0.2219
vn -0.3697 0.8617 0.3476
vn -0.0381 0.9686 -0.2458
vn 0.0048 0.9938 -0.1115
vn -0.8007 -0.5825 0.1397
vn -0.8345 -0.5501 0.0329
vn 0.5891 0.7107 0.3846
vn 0.6455 0.6862 0.3354
vn 0.8741 0.4720 0.1145
vn -0.8755 0.2682 -0.4021
vn -0.8706 0.4010 -0.2849
vn -0.7798 0.2632 -0.5680
vn 0.0933 0.9459 -0.3107
vn 0.2465 0.7472 -0.6172
vn 0.2869 0.5087 -0.8117
vn 0.2911 0.7435 -0.6020
vn 0.4944 0.8168 0.2972
vn -0.1572 0.8799 0.4484
vn -0.2597 0.8655 0.4283
vn -0.6232 0.7266 0.2891
vn -0.6532 0.7123 0.2566
vn 0.0066 0.9388 0.3443
vn -0.1114 0.9218 0.3714
vn -0.0304 0.8465 0.5316
vn -0.9735 -0.0417 -0.2249
vn -0.9992 0.0104 -0.0375
vn -0.9714 0.1474 -0.1862
vn -0.5149 0.7822 0.3509
vn -0.6909 -0.7205 -0.0589
vn -0.6795 -0.7307 0.0665
vn -0.7918 -0.5648 -0.2325
vn -0.1480 0.8330 0.5331
vn -0.0638 0.7678 0.6376
vn 0.5099 0.2350 0.8275
vn 0.1907 0.5189 0.8333
vn 0.4430 0.4024 0.8012
vn -0.8867 -0.4130 0.2080
vn -0.9811 -0.1120 0.1577
vn -0.9492 -0.3144 0.0151
vn -0.3865 -0.3094 0.8688
vn -0.1520 0.0468 0.9873
vn -0.4128 0.1880 0.8912
vn 0.0511 0.2952 0.9541
vn -0.2755 0.4429 0.8532
vn -0.0143 0.9929 0.1179
vn -0.2216 0.9309 0.2903
vn 0.2041 0.9181 0.3396
vn -0.3325 0.7508 0.5708
vn -0.3019 0.8258 0.4763
vn 0.0076 0.5406 0.8412
vn -0.2060 0.6997 0.6841
vn 0.3449 0.9343 0.0899
vn -0.8253 -0.5630 0.0437
vn -0.3518 -0.2380 0.9053
vn -0.2027 0.5797 0.7892
vn -0.2321 0.6901 0.6855
vn -0.4343 0.5587 0.7065
vn 0.2348 0.9476 0.2164
vn 0.3500 0.7766 0.5239
vn -0.4550 0.7846 0.4212
vn -0.5189 0.4786 0.7083
vn -0.5957 0.2008 0.7777
vn -0.3738 0.5250 0.7646
vn -0.9296 0.3083 -0.2020
vn 0.0471 -0.5733 -0.8180
vn -0.0372 -0.4321 -0.9011
vn 0.0767 -0.4916 -0.8675
vn 0.1359 0.0856 -0.9870
vn -0.0990 0.0616 -0.9932
vn -0.0250 0.1124 -0.9933
vn 0.1660 0.8826 0.4399
vn 0.0849 0.9786 0.1872
vn 0.3424 0.8800 0.3291
vn -0.0588 0.0231 0.9980
vn 0.0356 0.5162 0.8558
vn 0.9252 0.2118 -0.3149
vn 0.8383 0.2824 -0.4664
vn 0.8632 0.3092 -0.3991
vn -0.9129 -0.3725 -0.1671
vn -0.9438 -0.3304 0.0106
vn -0.2088 0.9632 -0.1693
vn -0.2461 0.9692 0.0103
vn -0.9866 0.0255 -0.1610
vn -0.9944 -0.0664 -0.0820
vn 0.8440 0.4992 0.1958
vn 0.1371 0.9904 -0.0202
vn 0.0617 0.9931 0.0998
vn 0.0469 0.6361 0.7702
vn -0.6644 0.5293 0.5277
vn -0.9486 0.2788 0.1496
vn -0.8572 -0.0286 0.5142
vn 0.1584 0.9772 -0.1416
vn -0.4051 -0.3860 0.8288
vn -0.1436 -0.0949 0.9851
vn 0.3440 0.2620 0.9017
vn 0.2492 0.3887 0.8870
vn 0.0333 0.2871 -0.9573
vn 0.0472 0.4828 -0.8744
vn 0.1442 0.1921 -0.9707
vn 0.5340 -0.7869 0.3091
vn 0.4636 -0.8850 -0.0442
vn 0.5633 -0.7509 0.3448
vn -0.9331 0.0642 -0.3539
vn -0.9116 0.2695 -0.3103
vn -0.8469 0.3652 -0.3865
vn 0.1151 -0.0279 -0.9930
vn 0.0478 -0.2816 -0.9583
vn -0.0376 -0.1379 -0.9897
vn -0.2596 0.1061 -0.9599
vn -0.2397 -0.0594 -0.9690
vn -0.0811 -0.2765 0.9576
vn -0.1372 0.8046 0.5777
vn 0.0524 0.7142 0.6980
vn -0.7926 0.2258 -0.5664
vn -0.8717 0.0897 -0.4817
vn -0.9536 -0.1283 -0.2724
vn 0.2989 0.1137 -0.9475
vn 0.3071 -0.0819 -0.9481
vn 0.4906 0.1681 -0.8550
vn 0.2118 0.0990 0.9723
vn 0.2346 0.5187 0.8221
vn -0.2150 -0.6399 0.7378
vn 0.0464 -0.5777 0.8149
vn 0.8430 0.1171 -0.5251
vn 0.7397 0.2484 -0.6253
vn 0.8558 0.1120 -0.5051
vn -0.9479 0.0191 -0.3181
vn -0.2928 -0.2397 -0.9256
vn -0.2094 -0.4233 -0.8814
vn -0.0771 -0.5309 -0.8439
vn 0.9183 0.2956 -0.2632
vn 0.8778 0.4347 -0.2012
vn 0.9375 0.3309 -0.1079
vn 0.5676 -0.3300 -0.7543
vn 0.6680 -0.4254 -0.6106
vn 0.6199 -0.6034 -0.5016
vn -0.1803 -0.3971 -0.8999
vn 0.4535 -0.8598 -0.2346
vn 0.8217 -0.5461 -0.1631
vn 0.9312 -0.3267 -0.1618
vn 0.1988 0.3083 0.9303
vn 0.1909 0.4749 0.8591
vn 0.0666 0.5002 0.8634
vn 0.4503 -0.5434 -0.7084
vn 0.8767 0.4793 -0.0397
vn 0.9297 0.3680 0.0167
vn 0.7494 -0.2360 -0.6187
vn 0.6717 0.2917 -0.6809
vn 0.8557 0.2346 -0.4613
vn 0.6861 0.3669 -0.6282
vn -0.2640 0.9593 0.0999
vn 0.0135 0.9792 0.2023
vn -0.2057 0.1585 0.9657
vn -0.3717 0.3165 0.8728
vn -0.5374 0.1981 0.8197
vn 0.2472 -0.2914 0.9241
vn -0.0123 -0.2638 0.9645
vn 0.0557 -0.5700 0.8197
vn 0.0525 -0.1723 0.9836
vn 0.3940 0.5008 0.7707
vn 0.5674 -0.8222 0.0449
vn 0.4571 -0.8869 -0.0670
vn 0.5333 -0.8304 -0.1614
vn 0.8166 -0.0824 -0.5713
vn 0.8681 -0.2904 -0.4025
vn 0.9620 0.0186 -0.2725
vn 0.9853 0.0540 -0.1618
vn 0.9924 0.0502 -0.1122
vn -0.5996 0.6079 -0.5206
vn -0.6005 0.7110 -0.3659
vn -0.6039 0.6217 -0.4988
vn -0.9251 0.2294 -0.3025
vn -0.8782 0.2197 -0.4247
vn -0.8445 0.3039 -0.4411
vn -0.7504 -0.6558 -0.0826
vn -0.7304 -0.6344 -0.2532
vn -0.7037 -0.7095 -0.0389
vn -0.6980 -0.6866 -0.2032
vn -0.6952 -0.6851 -0.2174
vn -0.2454 0.2641 0.9327
vn -0.2067 0.3239 0.9232
vn -0.3446 0.2984 0.8901
vn -0.1439 0.1917 0.9708
vn 0.0188 0.2057 0.9784
vn 0.0868 0.2145 0.9729
vn 0.0367 0.4238 0.9050
vn 0.2581 0.4059 0.8767
vn 0.3750 0.4642 0.8025
vn 0.2429 0.5956 0.7657
vn 0.3169 -0.3432 0.8842
vn 0.1109 -0.1346 0.9847
vn 0.1155 -0.4343 0.8933
vn 0.5778 0.3554 0.7347
vn 0.4293 0.1809 0.8849
vn 0.9185 0.3867 -0.0821
vn 0.9932 0.1050 0.0507
vn -0.9606 0.2723 0.0555
vn -0.9580 0.2549 0.1313
vn -0.9440 0.3197 0.0817
vn -0.8194 -0.0324 -0.5723
vn -0.7961 0.0593 -0.6022
vn -0.0037 0.9097 -0.4153
vn 0.0384 0.8530 0.5204
vn -0.2214 0.3686 0.9029
vn 0.8355 -0.5188 -0.1810
vn 0.7951 -0.5599 -0.2332
vn 0.9575 -0.2683 -0.1060
vn -0.0441 -0.7843 0.6189
vn -0.0702 -0.7390 0.6701
vn -0.1059 -0.7007 0.7055
vn 0.0833 0.5844 0.8072
vn 0.0687 0.7470 0.6613
vn 0.0877 0.6048 0.7915
vn 0.9122 -0.3747 0.1656
vn 0.6701 -0.7299 0.1352
vn 0.8276 -0.3830 0.4103
vn -0.9832 0.1536 0.0987
vn -0.0081 -0.5950 -0.8037
vn -0.0973 -0.5994 -0.7945
vn 0.2483 -0.8410 -0.4807
vn 0.9730 0.2254 0.0492
vn 0.9775 0.2008 -0.0648
vn 0.9963 0.0837 -0.0204
vn -0.2191 0.9374 -0.2708
vn -0.9287 -0.3637 -0.0724
vn 0.2775 0.9174 -0.2853
vn 0.0242 -0.9979 0.0604
vn 0.0254 -0.9967 0.0770
vn 0.0164 -0.9981 0.0600
vn 0.3218 -0.4025 0.8570
vn 0.2747 -0.6711 0.6886
vn 0.1407 -0.7071 0.6929
vn 0.1292 0.0805 0.9883
vn 0.1435 -0.0393 0.9889
vn 0.1702 0.0163 0.9853
vn 0.9905 -0.0700 -0.1181
vn 0.9434 0.2117 -0.2554
vn 0.9176 0.3709 -0.1429
vn 0.7833 -0.4652 -0.4123
vn 0.9228 -0.3742 -0.0916
vn 0.8718 -0.4436 -0.2079
vn 0.9637 -0.2606 0.0578
vn -0.3148 0.1291 0.9404
vn -0.4439 0.0081 0.8961
vn -0.3496 0.1610 0.9230
vn 0.2185 0.5831 0.7825
vn 0.3912 0.5988 0.6988
vn 0.0911 0.6128 0.7850
vn 0.1405 0.1825 0.9731
vn 0.2274 0.3920 0.8914
vn 0.2443 -0.1573 0.9569
vn 0.1933 -0.2860 0.9385
vn 0.6537 0.2734 0.7056
vn 0.2796 0.6065 0.7443
vn 0.9590 -0.0231 -0.2826
vn 0.9718 0.0392 -0.2324
vn 0.8927 -0.0943 -0.4408
vn 0.1672 0.9605 0.2224
vn 0.3341 0.9360 -0.1111
vn 0.4605 0.8871 -0.0314
vn 0.4561 0.8792 -0.1376
vn -0.2827 -0.3768 0.8821
vn -0.2425 -0.2227 0.9442
vn -0.4600 -0.3252 0.8262
vn -0.4708 -0.1482 0.8697
vn -0.2192 0.2578 0.9410
vn 0.9133 -0.0441 -0.4048
vn 0.9301 -0.0139 -0.3672
vn -0.0178 -0.2773 0.9606
vn -0.0831 -0.3795 0.9214
vn -0.0544 -0.2748 0.9600
vn -0.0886 0.5278 0.8447
vn -0.1393 0.6968 0.7036
vn 0.1059 0.6573 0.7461
vn 0.1564 -0.0833 0.9842
vn 0.2193 -0.0758 0.9727
vn 0.1613 0.0216 0.9867
vn 0.5189 0.2764 0.8089
vn 0.5327 0.2844 0.7971
vn 0.3445 0.5871 0.7326
vn -0.0808 -0.2754 0.9579
vn -0.2373 -0.1868 0.9533
vn 0.7410 -0.1797 0.6470
vn 0.7613 -0.2741 0.5876
vn 0.7034 -0.0773 0.7066
vn -0.8062 -0.3611 0.4687
vn -0.8449 -0.0863 0.5278
vn 0.8649 0.3891 0.3170
vn 0.8555 0.5042 0.1182
vn 0.8274 0.4868 0.2800
vn -0.5190 -0.1745 -0.8368
vn -0.4386 -0.1729 -0.8819
vn -0.5486 -0.3638 -0.7528
vn -0.0593 -0.2430 0.9682
vn -0.2093 0.1177 0.9708
vn -0.0680 0.3127 0.9474
vn 0.1136 -0.1094 0.9875
vn 0.3472 -0.4647 0.8145
vn 0.5045 -0.3304 0.7977
vn -0.3423 -0.4317 -0.8345
vn -0.5238 -0.3440 -0.7793
vn -0.2936 -0.6230 -0.7250
vn -0.1747 0.0512 0.9833
vn 0.8704 -0.4489 -0.2023
vn 0.7745 0.5656 0.2834
vn 0.7339 0.5015 0.4581
vn 0.8200 0.4277 0.3804
vn -0.0904 0.3019 0.9491
vn -0.0693 0.4341 0.8982
vn -0.0849 0.4401 0.8939
vn -0.0258 -0.3012 0.9532
vn -0.1528 -0.0560 0.9867
vn -0.1900 -0.0253 0.9815
vn 0.4830 0.2848 -0.8280
vn 0.6308 0.0594 -0.7737
vn -0.9742 -0.1628 0.1562
vn -0.9882 -0.0719 0.1354
vn -0.9483 0.2707 -0.1655
vn -0.3188 0.7128 0.6248
vn 0.3354 -0.6655 -0.6668
vn 0.2294 -0.8298 -0.5088
vn 0.4836 -0.7798 -0.3975
vn -0.2929 -0.8039 -0.5177
vn -0.3037 -0.8607 -0.4086
vn -0.3198 -0.9067 -0.2750
vn -0.1744 -0.3312 0.9273
vn -0.1847 -0.2166 0.9586
vn 0.0162 -0.1206 0.9926
vn 0.0014 0.1266 0.9919
vn -0.1388 0.7183 0.6818
vn 0.0023 0.5025 0.8646
vn 0.2934 0.1383 0.9459
vn -0.7195 -0.2217 -0.6582
vn -0.7027 -0.1602 -0.6933
vn -0.9043 -0.0956 -0.4161
vn -0.1508 -0.1140 0.9820
vn 0.0448 0.2581 0.9651
vn 0.0734 0.4412 0.8944
vn 0.4914 -0.2086 0.8456
vn 0.0954 -0.2065 0.9738
vn 0.5523 -0.1476 0.8205
vn 0.0040 0.1077 0.9942
vn -0.6395 -0.2733 -0.7186
vn -0.1147 0.3704 0.9218
vn 0.1219 0.4175 0.9005
vn -0.1660 0.2390 0.9567
vn -0.1524 0.6255 0.7652
vn -0.4697 0.1347 -0.8725
vn -0.7451 0.3066 -0.5923
vn -0.5913 0.5469 -0.5926
vn 0.0164 -0.0653 0.9977
vn 0.4208 -0.5694 0.7062
vn -0.4374 -0.3175 0.8414
vn -0.7124 -0.1652 0.6820
vn -0.4944 -0.1179 0.8612
vn 0.2487 0.9637 0.0968
vn 0.3756 0.8581 0.3501
vn -0.2727 0.3255 -0.9053
vn -0.3649 0.4202 -0.8308
vn -0.3151 0.3475 -0.8831
vn -0.1644 -0.5279 0.8333
vn -0.0585 -0.4881 0.8708
vn 0.1836 0.1598 0.9699
vn 0.0422 0.4151 0.9088
vn 0.1779 -0.0399 0.9832
vn 0.2333 0.1445 0.9616
vn 0.2582 0.1880 0.9476
vn 0.1490 0.2055 0.9672
vn 0.9950 -0.0670 -0.0745
vn 0.9894 0.1441 0.0179
vn 0.9659 -0.2291 -0.1204
vn -0.0402 0.6645 0.7462
vn -0.1279 -0.5241 0.8420
vn -0.0648 0.8797 0.4711
vn -0.1712 -0.8755 -0.4519
vn -0.2826 -0.7888 -0.5459
vn -0.0583 0.0242 -0.9980
vn 0.1072 0.2032 -0.9732
vn -0.1236 -0.1468 0.9814
vn -0.0265 0.5096 0.8600
vn 0.2960 0.0485 0.9539
vn 0.0674 0.1012 0.9926
vn -0.0420 0.0919 0.9949
vn 0.9871 -0.0949 0.1291
vn 0.9913 0.1299 0.0211
vn 0.9518 0.1417 0.2721
vn 0.1323 0.3335 0.9334
vn -0.2409 0.3463 0.9067
vn 0.0742 0.7760 0.6264
vn -0.0813 0.6739 0.7343
vn 0.1451 0.0877 -0.9855
vn 0.3170 -0.8976 -0.3065
vn 0.0220 -0.9396 -0.3416
vn -0.0598 -0.5756 0.8156
vn 0.0442 -0.3079 0.9504
vn -0.0708 -0.0301 0.9970
vn 0.0247 0.2839 0.9585
vn 0.0687 0.5603 0.8255
vn 0.0830 0.2131 0.9735
vn -0.1462 0.1649 0.9754
vn 0.2755 0.2101 0.9381
vn 0.2420 0.2615 0.9344
vn 0.2362 0.2430 0.9408
vn 0.0751 0.6721 0.7366
vn 0.3744 -0.9187 0.1256
vn 0.3492 -0.9364 -0.0338
vn -0.1736 0.9354 0.3081
vn -0.3472 0.2169 -0.9124
vn -0.0123 -0.3407 0.9401
vn 0.0263 0.1405 0.9897
vn -0.1864 -0.5664 0.8028
vn 0.2315 0.4623 0.8560
vn 0.1200 0.4033 0.9072
vn -0.1390 0.4957 0.8573
vn -0.0659 0.6285 0.7750
vn 0.3523 0.2424 0.9039
vn 0.4226 0.2569 0.8691
vn 0.1296 0.4891 0.8626
vn 0.1202 0.4321 0.8938
vn -0.1425 0.7929 0.5925
vn 0.6760 -0.6918 -0.2539
vn 0.8468 -0.4857 -0.2170
vn 0.8140 -0.5751 -0.0813
vn 0.3547 0.4236 0.8335
vn -0.5676 0.7718 -0.2867
vn -0.4637 0.7530 -0.4669
vn -0.6983 0.5779 -0.4223
vn 0.7711 0.4837 0.4141
vn 0.8557 0.3559 0.3755
vn -0.1484 -0.2864 0.9466
vn -0.3768 -0.2079 0.9027
vn -0.3699 -0.3424 0.8637
vn -0.4548 0.1045 0.8844
vn -0.5377 -0.0899 0.8384
vn 0.1425 -0.2268 0.9635
vn -0.0501 0.1739 0.9835
vn 0.0176 0.3480 0.9373
vn -0.0104 0.5224 0.8527
vn 0.0560 0.6288 0.7756
vn -0.1307 -0.0991 0.9864
vn 0.1230 -0.1569 0.9799
vn -0.0883 -0.3231 0.9422
vn 0.3005 0.5345 0.7899
vn 0.2802 0.4759 0.8337
vn 0.2044 0.4468 0.8710
vn 0.8818 0.4405 0.1685
vn 0.8361 0.5369 0.1127
vn -0.0182 -0.3439 0.9388
vn 0.0944 0.4285 0.8986
vn 0.2425 -0.0002 0.9701
vn 0.0408 0.5353 0.8437
vn -0.0601 0.9024 0.4266
vn 0.0899 0.7280 0.6797
vn -0.2019 0.5938 0.7789
vn 0.1804 -0.0376 0.9829
vn 0.0408 0.1748 0.9838
vn 0.1804 0.1336 0.9745
vn 0.1308 0.3972 0.9084
vn 0.1571 0.3674 0.9167
vn 0.0184 0.3415 0.9397
vn 0.9984 -0.0351 0.0442
vn 0.9529 0.2492 0.1728
vn 0.9983 -0.0362 0.0462
vn 0.2535 0.4778 0.8411
vn 0.9180 0.0097 0.3964
vn 0.1758 -0.9540 -0.2428
vn 0.0636 -0.9737 -0.2187
vn 0.5277 -0.8144 -0.2413
vn -0.0881 0.4204 0.9031
vn 0.3406 -0.0855 0.9363
vn -0.2161 0.9149 0.3410
vn -0.1501 0.8779 0.4546
vn 0.1728 -0.7095 -0.6832
vn 0.1349 -0.7116 -0.6895
vn -0.9413 -0.1769 -0.2876
vn 0.1129 0.2086 0.9715
vn 0.0282 0.3263 0.9449
vn 0.0845 -0.5736 0.8148
vn 0.0025 -0.4253 0.9051
vn 0.0758 -0.2810 0.9567
vn -0.1817 -0.2821 0.9420
vn 0.2632 0.2018 0.9434
vn 0.2125 0.2323 0.9491
vn 0.3170 0.1699 0.9331
vn -0.1747 0.5997 0.7809
vn -0.6283 0.0610 0.7756
vn -0.7986 0.4070 0.4434
vn -0.7065 0.5001 0.5008
vn 0.1861 -0.2297 0.9553
vn 0.1278 -0.6133 0.7795
vn -0.1376 0.4057 0.9036
vn 0.0141 0.5619 0.8271
vn 0.4915 -0.8271 -0.2727
vn 0.2035 -0.8523 -0.4818
vn 0.4666 -0.8375 -0.2844
vn -0.2152 0.1419 0.9662
vn 0.2741 -0.1890 0.9429
vn 0.3671 -0.1313 0.9208
vn 0.2859 0.0787 0.9550
vn 0.3045 0.0630 0.9504
vn -0.9884 0.0605 0.1392
vn -0.9511 -0.0206 -0.3083
vn -0.9982 -0.0002 -0.0607
vn 0.3983 -0.5745 0.7151
vn -0.2407 0.7268 0.6432
vn 0.1910 0.4754 0.8588
vn 0.3833 0.1279 0.9147
vn 0.6661 0.2776 0.6923
vn 0.5223 0.3298 0.7864
vn 0.3503 0.5305 -0.7719
vn 0.3884 0.4893 -0.7809
vn 0.3626 0.5175 -0.7750
vn 0.1535 0.1283 0.9798
vn -0.2688 -0.7571 -0.5954
vn -0.0076 -0.8854 -0.4648
vn 0.3754 0.3020 0.8763
vn -0.8459 0.3572 -0.3960
vn -0.7681 0.1991 -0.6086
vn 0.0028 0.4402 0.8979
vn 0.4723 0.8199 0.3235
vn 0.7050 -0.1314 -0.6969
vn 0.5615 0.0086 -0.8274
vn 0.5484 -0.0231 -0.8359
vn -0.1943 -0.2732 0.9421
vn 0.1363 -0.1116 0.9844
vn 0.1737 0.1619 0.9714
vn 0.1583 0.3408 0.9267
vn -0.0656 0.7203 0.6906
vn -0.1121 0.7605 0.6396
vn -0.1452 -0.5888 -0.7952
vn -0.0019 -0.8076 -0.5897
vn 0.2531 -0.8614 -0.4403
vn 0.1428 -0.7580 -0.6364
vn 0.2785 -0.9194 -0.2778
vn 0.5366 0.2509 0.8057
vn 0.3772 0.2261 0.8981
vn -0.1030 -0.0309 0.9942
vn 0.0643 0.6012 0.7965
vn 0.0175 0.6416 0.7669
vn 0.9374 -0.2777 0.2103
vn 0.9479 0.0769 0.3090
vn 0.6576 -0.7494 -0.0771
vn 0.1273 0.3513 0.9276
vn -0.1236 -0.1617 0.9791
vn -0.0790 -0.0423 0.9960
vn 0.2069 0.4443 0.8717
vn 0.7324 -0.6555 -0.1840
vn 0.2903 -0.0373 0.9562
vn 0.0292 -0.0035 0.9996
vn 0.1116 0.4646 0.8785
vn -0.9658 -0.2218 0.1341
vn -0.1362 -0.1176 0.9837
vn 0.3557 0.0129 0.9345
vn 0.0742 0.2074 0.9754
vn -0.9657 0.2107 0.1519
vn 0.9818 -0.1885 -0.0214
vn 0.0372 0.1713 0.9845
vn -0.0431 0.8743 0.4834
vn 0.2641 0.3190 0.9102
vn 0.1431 -0.1878 0.9717
vn 0.0428 -0.1695 0.9846
vn 0.0072 -0.1014 0.9948
vn 0.9922 0.0475 0.1156
vn -0.6848 0.7283 -0.0255
vn -0.4480 0.8907 -0.0770
vn 0.0263 0.0783 0.9966
vn -0.0834 0.2048 0.9752
vn -0.1744 -0.0100 0.9846
vn -0.0283 0.3047 0.9520
vn 0.1017 0.1386 0.9851
vn 0.0586 -0.0659 0.9961
vn -0.1589 -0.0397 0.9865
vn -0.3104 0.0394 0.9498
vn -0.2299 0.0358 0.9726
vn 0.0149 0.3676 0.9299
vn 0.9357 0.3006 -0.1845
vn 0.9757 0.2182 0.0188
vn 0.9353 0.3492 0.0578
vn 0.8090 -0.5221 -0.2699
vn 0.8318 -0.5326 -0.1566
vn 0.8017 -0.4797 -0.3567
vn 0.4091 -0.9102 -0.0651
vn 0.4806 -0.7131 0.5105
vn 0.1707 -0.1203 0.9780
vn -0.2365 0.1884 0.9532
vn 0.1901 0.3960 0.8984
vn -0.0120 0.5672 0.8235
vn 0.0731 0.5789 0.8121
vn -0.0005 0.6550 0.7557
vn -0.1041 0.8018 0.5884
vn -0.3779 0.9202 0.1024
vn -0.4414 0.8922 -0.0959
vn -0.6095 0.7835 0.1211
vn 0.5807 0.0276 0.8137
vn 0.5062 0.3283 0.7975
vn -0.1492 0.7114 0.6868
vn -0.0873 0.6454 0.7589
vn -0.0240 0.5785 0.8153
vn 0.0316 0.7027 0.7108
vn -0.1028 0.6798 0.7261
vn 0.2901 0.2441 0.9253
vn 0.9283 0.0829 -0.3624
vn 0.9269 -0.1342 -0.3505
vn 0.4432 0.2688 0.8551
vn 0.2802 -0.1139 0.9532
vn 0.2017 -0.1288 0.9709
vn 0.1124 0.0222 0.9934
vn -0.0315 -0.0940 0.9951
vn -0.1892 0.0036 0.9819
vn -0.2059 0.3788 0.9023
vn -0.1310 0.4910 0.8612
vn 0.2854 -0.1543 0.9459
vn 0.9117 0.3948 0.1139
vn 0.9408 0.3089 0.1395
vn 0.3452 -0.9274 -0.1444
vn 0.6736 -0.7058 -0.2193
vn -0.0336 0.3199 0.9468
vn 0.2377 0.2116 0.9480
vn 0.3317 -0.0588 0.9415
vn 0.3377 -0.1971 0.9204
vn 0.1469 -0.1426 0.9788
vn -0.1770 0.5328 0.8276
vn 0.1855 0.3015 0.9352
vn 0.2799 0.3027 0.9111
vn 0.0248 0.0262 0.9993
vn 0.7671 -0.2089 0.6066
vn 0.7740 -0.2551 0.5795
vn 0.3589 -0.1493 0.9214
vn 0.3228 -0.0431 0.9455
vn -0.1465 -0.2674 0.9524
vn -0.1942 0.4743 0.8587
vn 0.1241 0.4932 0.8610
vn 0.1208 0.4723 0.8731
vn 0.6158 0.4196 0.6669
vn 0.7607 -0.2123 0.6134
vn 0.7404 -0.1093 0.6633
vn 0.7517 0.6248 0.2113
vn 0.4883 0.8587 0.1556
vn 0.3592 -0.1626 0.9190
vn 0.1677 -0.1580 0.9731
vn -0.3294 -0.3588 0.8733
vn -0.0881 0.6389 0.7643
vn -0.0460 0.7746 0.6308
vn -0.0515 -0.1655 0.9849
vn 0.0942 0.0455 0.9945
vn -0.1048 0.5185 0.8487
vn -0.0692 0.4068 0.9109
vn 0.1248 0.0855 0.9885
vn 0.2505 -0.1912 0.9490
vn -0.0190 0.0518 0.9985
vn -0.0342 0.2044 0.9783
vn -0.8920 -0.3643 -0.2677
vn -0.9570 -0.1302 -0.2594
vn -0.9243 -0.1674 -0.3430
vn -0.9842 0.1711 -0.0448
vn -0.1197 -0.1442 0.9823
vn -0.1399 0.4035 0.9042
vn 0.3046 0.4000 0.8644
vn 0.0514 0.6350 0.7708
vn 0.6703 -0.6431 -0.3703
vn -0.0979 -0.2413 0.9655
vn -0.4812 -0.3083 0.8206
vn -0.3183 -0.2408 0.9169
vn -0.0693 -0.1384 0.9880
vn 0.0281 0.2263 0.9736
vn 0.9919 0.1122 0.0594
vn 0.9747 0.1867 0.1233
vn 0.4484 -0.3509 0.8221
vn 0.6180 -0.3764 0.6902
vn 0.5745 -0.4769 0.6652
vn 0.1171 0.0986 0.9882
vn 0.6579 0.0245 0.7527
vn 0.7020 0.1598 0.6940
vn -0.8672 -0.2138 0.4498
vn -0.8784 0.0420 0.4761
vn -0.8734 0.0217 0.4865
vn 0.7798 0.1597 -0.6053
vn 0.8258 0.3972 -0.4004
vn 0.2558 0.9660 0.0377
vn 0.0947 -0.1671 0.9814
vn -0.0408 0.0898 0.9951
vn 0.8432 0.4033 -0.3555
vn 0.8100 0.5065 -0.2956
vn 0.2116 0.8063 0.5524
vn 0.1763 0.6202 0.7644
vn 0.9744 0.0720 0.2127
vn 0.9840 0.0755 0.1612
vn 0.7290 -0.6331 -0.2603
vn 0.8456 -0.4874 -0.2177
vn -0.3144 0.8423 0.4377
vn -0.5072 0.7046 0.4962
vn -0.3158 0.7334 0.6021
vn -0.7031 -0.1191 0.7011
vn -0.6628 -0.2501 0.7058
vn -0.1739 0.1559 0.9723
vn -0.2596 0.5699 0.7796
vn -0.2228 0.4400 0.8699
vn -0.1144 0.7142 -0.6905
vn -0.1141 0.6249 -0.7723
vn -0.1488 0.6082 -0.7797
vn 0.0779 0.0288 0.9965
vn -0.0112 -0.0833 -0.9965
vn 0.9611 -0.2677 -0.0673
vn -0.7733 -0.0289 0.6334
vn -0.6787 0.2163 0.7018
vn -0.7940 -0.1432 0.5909
vn -0.8209 -0.2754 0.5003
vn -0.9333 -0.0381 0.3570
vn -0.9958 -0.0830 0.0397
vn -0.8945 -0.2961 0.3349
vn 0.6729 -0.1997 0.7123
vn 0.8236 -0.1437 0.5486
vn 0.7179 -0.3301 0.6129
vn -0.0465 0.1060 0.9933
vn -0.2127 0.4614 0.8613
vn -0.2770 0.6453 0.7119
vn -0.1592 0.8466 0.5078
vn -0.1917 -0.0956 -0.9768
vn -0.2417 -0.3972 -0.8853
vn -0.0446 0.7920 0.6090
vn 0.1450 0.9055 0.3988
vn 0.3793 0.9252 0.0132
vn -0.1169 0.1065 0.9874
vn 0.2700 -0.1233 0.9550
vn -0.0241 0.6197 0.7845
vn -0.3673 0.7715 0.5195
vn -0.2857 0.8379 0.4650
vn 0.5477 0.2498 0.7985
vn -0.1165 0.3332 0.9356
vn 0.2385 -0.8993 -0.3666
vn 0.1758 -0.8878 -0.4254
vn 0.7104 0.0338 0.7029
vn 0.6379 0.1120 0.7619
vn 0.3536 0.5173 0.7793
vn -0.2933 0.3924 0.8717
vn 0.1034 0.3477 0.9319
vn 0.0121 0.8176 0.5757
vn -0.0633 0.2342 0.9701
vn -0.0364 0.3103 0.9499
vn -0.0374 0.2475 0.9682
vn -0.9474 0.0967 -0.3051
vn 0.1879 0.9002 0.3929
vn 0.7561 0.2866 0.5884
vn 0.8129 0.3756 0.4451
vn 0.8069 0.3927 0.4413
vn -0.0775 0.3283 0.9414
vn 0.4164 -0.1240 0.9007
vn 0.3422 0.9140 0.2180
vn -0.9599 0.2203 -0.1735
vn -0.9881 -0.1082 0.1092
vn -0.9545 -0.2419 -0.1746
vn -0.2754 0.5699 0.7742
vn 0.5906 0.3212 -0.7403
vn 0.7817 0.1997 -0.5908
vn 0.5833 0.2155 0.7832
vn 0.3807 0.2595 0.8875
vn 0.6867 0.3785 -0.6207
vn -0.4735 0.7527 0.4574
vn -0.7705 0.0558 0.6351
vn -0.6453 -0.1540 0.7483
vn -0.7784 -0.1277 0.6147
vn -0.1137 -0.3286 -0.9376
vn -0.6309 -0.3544 -0.6902
vn -0.4733 -0.4117 -0.7788
vn 0.3146 0.7037 0.6371
vn 0.3231 0.6923 0.6452
vn 0.2373 0.5440 0.8048
vn 0.0283 0.2653 0.9637
vn 0.4819 -0.0959 0.8710
vn 0.2546 0.0661 0.9648
vn 0.1573 0.7102 0.6862
vn -0.9747 0.1915 -0.1149
vn -0.8922 0.4167 0.1743
vn -0.7253 0.6789 -0.1146
vn 0.3915 0.8577 -0.3332
vn -0.4599 0.8749 0.1519
vn -0.4840 0.8467 -0.2212
vn 0.5361 -0.8440 0.0129
vn -0.0481 0.3042 0.9514
vn -0.3273 0.2320 -0.9160
vn -0.5885 0.4038 -0.7005
vn -0.1856 0.3123 -0.9317
vn 0.2841 0.0294 0.9583
vn 0.3234 -0.0046 0.9463
vn 0.2747 0.4813 0.8324
vn 0.0029 0.6333 0.7739
vn -0.0696 0.3656 0.9282
vn -0.4977 -0.3595 0.7893
vn 0.0276 0.9952 -0.0936
vn 0.1787 0.9630 0.2018
vn 0.0935 -0.8639 -0.4950
vn -0.5457 0.0423 0.8369
vn -0.3880 -0.2675 0.8820
vn -0.2841 0.0456 0.9577
vn -0.2420 -0.0820 0.9668
vn 0.5442 0.3476 0.7636
vn -0.1512 0.1941 0.9693
vn -0.4134 0.3264 0.8501
vn -0.1290 0.5292 0.8386
vn -0.2702 0.5572 0.7852
vn 0.6963 -0.1594 -0.6998
vn 0.6436 -0.1562 -0.7493
vn 0.5677 0.0114 -0.8232
vn 0.2774 -0.0797 0.9574
vn -0.5834 0.8104 0.0534
vn -0.4806 -0.3565 0.8012
vn -0.2720 -0.2480 0.9298
vn 0.0923 -0.1033 0.9904
vn -0.3899 -0.3983 0.8303
vn -0.6803 -0.1939 0.7068
vn -0.4127 -0.2740 0.8687
vn -0.0368 -0.2503 0.9675
vn -0.2322 0.4406 0.8672
vn -0.4184 0.5192 0.7452
vn 0.3379 0.8742 0.3486
vn -0.0062 -0.9904 0.1380
vn -0.0162 -0.9790 0.2033
vn 0.0029 -0.9951 0.0991
vn -0.1623 0.3098 0.9369
vn -0.2557 0.6324 0.7313
vn -0.2826 -0.5590 0.7796
vn 0.2362 0.6198 0.7483
vn -0.5305 -0.2333 0.8150
vn -0.2907 -0.3599 0.8866
vn -0.2794 -0.1492 0.9485
vn -0.1914 -0.1854 0.9638
vn 0.0236 -0.0257 0.9994
vn 0.3641 -0.3068 0.8794
vn -0.0656 0.2068 0.9762
vn -0.2381 0.6671 0.7059
vn -0.8085 0.1437 -0.5707
vn -0.7944 0.2282 -0.5629
vn 0.3269 0.9320 0.1566
vn -0.1943 0.5059 0.8404
vn -0.2602 0.7539 0.6033
vn 0.5556 -0.7336 -0.3914
vn 0.9281 -0.1270 -0.3501
vn -0.0758 -0.2552 0.9639
vn -0.0706 0.0932 0.9931
vn -0.2635 -0.5270 0.8080
vn 0.5773 -0.6995 -0.4212
vn 0.4594 -0.7609 -0.4582
vn -0.3072 -0.2740 0.9114
vn -0.1427 -0.0479 0.9886
vn -0.1360 0.1557 0.9784
vn -0.1620 0.3627 0.9177
vn 0.3700 0.4684 0.8023
vn -0.2719 -0.3627 0.8914
vn -0.2782 -0.1878 0.9420
vn -0.1995 -0.1132 0.9733
vn -0.0831 0.3903 0.9169
vn -0.0262 0.1514 0.9881
vn 0.9624 0.1798 -0.2037
vn -0.0391 0.1372 0.9898
vn -0.0397 -0.3087 -0.9503
vn 0.0709 0.0373 0.9968
vn -0.3065 0.9481 0.0849
vn -0.2745 -0.0265 0.9612
vn 0.0521 0.1085 0.9927
vn -0.0882 0.9131 0.3981
vn -0.1688 0.8960 0.4107
vn -0.3099 0.8188 0.4833
vn 0.5857 0.0102 -0.8105
vn -0.0292 0.9555 0.2934
vn 0.0002 -0.9674 -0.2534
vn -0.9399 0.3064 0.1508
vn 0.2342 0.2306 0.9444
vn 0.2499 0.0306 0.9678
vn 0.4796 0.0040 0.8775
vn 0.7927 -0.1470 0.5916
vn -0.4807 0.8018 0.3550
vn 0.5916 0.4753 0.6512
vn 0.4811 0.4717 0.7390
vn 0.4578 0.3420 0.8206
vn 0.4404 -0.1611 0.8832
vn 0.5576 -0.4476 0.6991
vn 0.5307 -0.1749 0.8293
vn 0.3943 -0.1840 0.9004
vn 0.4544 -0.2227 0.8625
vn 0.0956 -0.8962 0.4332
vn 0.1675 -0.8264 0.5376
vn 0.1184 -0.8651 0.4874
vn 0.5192 0.3991 0.7557
vn 0.4339 0.2747 0.8581
vn 0.4522 -0.2551 -0.8547
vn 0.5306 0.3236 0.7834
vn 0.5760 0.0796 0.8136
vn 0.4204 -0.2336 0.8768
vn 0.4346 -0.1745 0.8835
vn 0.3043 -0.0688 0.9501
vn 0.6795 -0.1741 0.7127
vn 0.8602 -0.1149 0.4968
vn 0.7979 -0.2568 0.5453
vn 0.9451 0.0739 -0.3184
vn 0.2903 0.0645 0.9548
vn 0.3151 0.0845 0.9453
vn 0.7576 0.1322 0.6392
vn 0.6264 -0.3831 0.6788
vn -0.1880 -0.4952 -0.8482
vn -0.0010 -0.6318 -0.7751
vn 0.4509 -0.4494 0.7712
vn 0.4606 -0.6055 0.6490
vn 0.4465 -0.3423 0.8267
vn 0.6494 -0.6507 -0.3935
vn 0.6622 -0.6887 -0.2951
vn 0.6656 -0.6263 -0.4058
vn 0.6918 -0.0145 -0.7219
vn 0.6773 -0.2735 -0.6830
vn 0.7542 -0.2984 -0.5850
vn 0.1848 0.8428 0.5056
vn 0.1803 0.7915 0.5840
vn 0.1746 0.8032 0.5695
vn 0.4814 -0.1771 0.8584
vn 0.4940 -0.2206 0.8410
vn 0.5045 -0.2378 0.8300
vn 0.9051 0.3435 0.2504
vn -0.2418 0.7199 -0.6506
vn -0.2444 0.2656 -0.9326
vn -0.2757 0.5363 -0.7977
vn 0.4546 0.3682 0.8110
vn 0.4398 -0.2234 0.8699
vn 0.4355 -0.1728 0.8834
vn 0.8072 -0.0540 0.5878
vn 0.0635 -0.6562 0.7519
vn -0.1120 -0.8676 0.4844
vn 0.0655 -0.8422 0.5352
vn 0.6228 0.2785 0.7311
vn 0.7182 0.5166 -0.4662
vn 0.7915 0.4970 -0.3558
vn 0.7967 0.4117 -0.4425
vn 0.7051 0.2114 0.6769
vn -0.9675 0.2407 0.0775
vn -0.9062 0.1105 0.4082
vn -0.9947 0.0829 -0.0615
vn 0.3431 0.5371 0.7706
vn 0.7028 0.3443 0.6225
vn 0.5312 0.3902 0.7521
vn 0.4765 0.4213 0.7716
vn 0.3332 -0.1277 0.9342
vn 0.1677 0.7240 0.6692
vn 0.2090 -0.7106 0.6718
vn 0.3102 -0.8246 0.4731
vn 0.2502 -0.6069 0.7544
vn 0.0281 -0.7039 -0.7097
vn 0.7598 -0.4147 0.5007
vn 0.6100 -0.6084 0.5077
vn -0.7029 -0.7111 -0.0173
vn 0.6411 -0.1389 0.7547
vn 0.7745 0.3011 0.5563
vn 0.6730 0.0834 0.7349
vn 0.7962 -0.3545 0.4903
vn 0.4887 -0.5084 0.7091
vn 0.5627 -0.6919 0.4524
vn 0.0467 0.8768 0.4785
vn 0.8425 0.0403 0.5371
vn 0.9357 0.0007 0.3528
vn 0.4732 -0.7485 0.4646
vn 0.5317 -0.7936 0.2959
vn 0.8478 -0.2133 0.4856
vn 0.7793 0.3261 0.5352
vn 0.8364 -0.0643 0.5443
vn 0.8008 -0.2544 0.5422
vn 0.8129 -0.0931 0.5749
vn 0.6859 -0.0246 0.7273
vn 0.7296 -0.1928 0.6562
vn 0.8161 0.2456 0.5232
vn 0.8354 0.3357 0.4353
vn 0.7586 0.3500 0.5495
vn -0.0915 0.1264 -0.9878
vn -0.0853 0.2334 -0.9686
vn 0.6050 -0.7266 0.3255
vn 0.4097 -0.8485 0.3350
vn 0.7560 -0.5214 0.3957
vn 0.8235 0.0842 0.5610
vn 0.9307 -0.3248 -0.1682
vn 0.6315 0.4477 0.6330
vn 0.8082 -0.0346 0.5878
vn 0.7680 -0.0200 0.6401
vn 0.7067 -0.0607 0.7049
vn 0.6251 0.0931 0.7750
vn 0.6253 0.0331 0.7796
vn 0.5501 0.1197 0.8265
vn 0.3354 0.6463 0.6854
vn 0.6935 0.3911 0.6051
vn 0.5902 -0.2142 0.7783
vn 0.5469 -0.0008 0.8372
vn 0.5489 -0.0456 0.8347
vn 0.7738 -0.0151 0.6332
vn 0.8319 0.0622 0.5515
vn 0.7518 -0.0275 0.6588
vn 0.7435 0.1297 0.6561
vn -0.0024 0.4195 -0.9078
vn 0.0006 0.3907 -0.9205
vn 0.0387 0.2747 -0.9608
vn 0.4122 0.1318 0.9015
vn 0.7315 0.3000 0.6123
vn 0.8637 0.3425 0.3698
vn 0.7940 0.2629 0.5481
vn 0.4626 0.2241 0.8577
vn 0.5130 -0.0847 0.8542
vn 0.5455 -0.5700 0.6144
vn 0.3763 0.5269 0.7621
vn 0.6490 0.4231 0.6323
vn 0.5549 0.2947 0.7780
vn 0.6118 -0.7098 0.3493
vn 0.3128 -0.1773 0.9331
vn 0.3449 -0.2803 0.8958
vn 0.2699 -0.1784 0.9462
vn 0.8782 -0.0148 0.4780
vn 0.7592 0.0689 0.6472
vn 0.0025 0.2364 -0.9716
vn -0.1399 0.4121 -0.9004
vn 0.8433 -0.0419 0.5359
vn 0.4775 -0.3330 0.8130
vn 0.6191 -0.3946 0.6790
vn 0.5381 -0.3743 0.7552
vn 0.4610 -0.1574 0.8733
vn 0.6668 -0.3792 0.6415
vn 0.6116 -0.0185 0.7910
vn 0.5909 -0.1889 0.7843
vn 0.3855 0.1255 0.9141
vn 0.4917 -0.1322 0.8607
vn 0.7260 -0.4085 0.5533
vn 0.5213 -0.6059 -0.6010
vn 0.5822 -0.5211 0.6242
vn 0.5998 -0.3419 0.7234
vn 0.5090 0.3374 0.7919
vn 0.5087 0.4626 0.7261
vn 0.6112 0.3655 0.7021
vn 0.7403 -0.1273 0.6601
vn 0.5960 -0.4160 0.6868
vn 0.5914 -0.0251 0.8060
vn -0.0207 0.3236 -0.9460
vn 0.5787 -0.0316 0.8149
vn -0.1429 -0.0822 0.9863
vn 0.1925 0.0757 0.9784
vn -0.8470 -0.3123 -0.4301
vn 0.2907 0.0014 0.9568
vn 0.6337 -0.6308 0.4478
vn 0.5391 -0.7392 0.4037
vn 0.5323 -0.7707 0.3502
vn 0.3698 0.6272 0.6855
vn 0.6418 0.4768 0.6006
vn -0.1529 -0.7098 -0.6876
vn -0.1409 -0.6335 -0.7608
vn 0.3875 -0.4366 0.8119
vn 0.4419 -0.4232 0.7909
vn 0.6339 0.0502 0.7718
vn 0.7386 0.0408 0.6729
vn 0.4666 -0.4424 0.7659
vn 0.4404 0.5226 0.7300
vn 0.5714 0.2717 0.7744
vn 0.6886 0.0208 0.7248
vn 0.7415 -0.1883 0.6440
vn 0.6345 0.3388 0.6947
vn 0.4742 -0.8701 -0.1345
vn 0.5846 -0.5653 0.5819
vn 0.2424 0.7309 0.6380
vn 0.2528 0.7769 0.5766
vn 0.2905 0.6955 0.6572
vn 0.5537 -0.4211 0.7184
vn 0.6440 -0.2349 0.7281
vn 0.6169 0.3537 0.7031
vn 0.4446 0.5125 0.7346
vn 0.6150 0.3639 0.6995
vn 0.5505 0.2220 0.8048
vn 0.7903 -0.0103 0.6126
vn 0.5384 0.4783 -0.6938
vn 0.0638 -0.7184 -0.6927
vn 0.7016 0.0220 0.7122
vn -0.2030 -0.5181 0.8309
vn 0.3076 0.1695 0.9363
vn 0.4494 -0.8631 0.2305
vn 0.2678 0.6933 0.6690
vn 0.9275 0.2542 0.2741
vn 0.5788 -0.7951 -0.1813
vn 0.5331 0.1314 0.8358
vn 0.6201 -0.0613 0.7821
vn 0.2478 -0.1116 0.9624
vn 0.6728 -0.5310 0.5151
vn 0.6643 0.4081 0.6262
vn 0.7782 -0.0080 0.6280
vn 0.1130 -0.9076 0.4044
vn 0.0095 -0.9233 0.3840
vn 0.0183 -0.9914 0.1295
vn 0.5928 -0.4386 0.6754
vn -0.4715 0.1673 -0.8658
vn -0.3289 0.2212 -0.9181
vn 0.7360 0.1797 0.6527
vn 0.8593 0.1521 0.4883
vn 0.2202 -0.0075 0.9754
vn 0.2593 0.1934 0.9462
vn 0.6707 -0.5665 0.4787
vn 0.7063 0.4087 0.5780
vn 0.5709 0.4816 0.6649
vn 0.7591 -0.0532 0.6488
vn 0.5730 -0.0288 0.8191
vn 0.5808 -0.2233 0.7828
vn 0.5998 -0.1726 0.7813
vn 0.7002 -0.2611 0.6645
vn 0.6133 -0.1659 0.7723
vn 0.4836 -0.1013 0.8694
vn 0.8482 0.1313 0.5131
vn 0.8981 0.0728 0.4337
vn -0.2724 -0.9432 -0.1900
vn -0.4348 -0.8739 -0.2175
vn -0.5228 -0.8432 -0.1253
vn 0.5139 0.0771 0.8544
vn 0.7771 -0.0153 0.6292
vn 0.9010 0.0867 0.4250
vn 0.5061 -0.4672 0.7250
vn 0.5433 -0.1280 0.8297
vn 0.5210 0.0265 0.8531
vn 0.4478 -0.3194 0.8352
vn 0.7918 -0.1532 0.5912
vn 0.1045 -0.5437 -0.8327
vn 0.6022 -0.1192 0.7894
vn 0.5126 -0.1153 0.8508
vn 0.3376 -0.7705 -0.5407
vn 0.4278 -0.6903 -0.5835
vn 0.4723 -0.7943 -0.3822
vn -0.5318 0.3740 0.7598
vn 0.8079 0.3690 0.4595
vn 0.9391 -0.1274 0.3191
vn 0.6187 0.2967 0.7275
vn 0.8606 0.5079 0.0386
vn 0.5808 -0.1403 0.8018
vn 0.5738 0.1404 0.8069
vn -0.8876 -0.0791 -0.4537
vn -0.6629 -0.2064 -0.7197
vn -0.8040 -0.0048 -0.5946
vn 0.8208 0.0957 0.5632
vn 0.7927 0.3094 0.5253
vn 0.4357 0.0971 0.8949
vn 0.5576 -0.2741 0.7835
vn 0.5430 0.1920 0.8175
vn 0.6392 -0.0516 0.7673
vn 0.6430 -0.2519 0.7233
vn 0.5425 -0.0507 0.8385
vn 0.6184 0.0627 0.7834
vn 0.5714 -0.0257 0.8203
vn 0.6467 -0.3316 0.6869
vn 0.5602 0.0586 0.8263
vn 0.5322 0.0497 0.8451
vn 0.9330 0.2082 0.2935
vn -0.7558 -0.6332 0.1667
vn 0.8446 0.2344 0.4814
vn 0.3844 0.4507 0.8057
vn 0.8043 -0.5806 -0.1262
vn 0.7672 -0.5678 -0.2984
vn 0.5851 -0.1801 0.7907
vn -0.9768 -0.1755 0.1230
vn -0.9858 -0.1330 -0.1030
vn 0.6060 0.0036 0.7955
vn 0.6436 -0.2046 0.7375
vn 0.7588 0.1531 0.6330
vn 0.2546 0.0408 0.9662
vn 0.5230 -0.4767 0.7066
vn 0.6812 -0.2114 -0.7009
vn 0.7634 -0.1093 -0.6366
vn 0.6892 -0.3195 -0.6503
vn -0.5071 0.7516 -0.4219
vn -0.6178 0.7028 -0.3527
vn -0.3347 -0.2713 -0.9024
vn 0.8725 0.1392 0.4683
vn -0.4618 0.1430 -0.8754
vn -0.5776 0.2696 -0.7705
vn -0.4372 0.2424 -0.8661
vn 0.1340 -0.9781 -0.1595
vn 0.2158 -0.9355 -0.2798
vn 0.7607 0.1786 0.6240
vn 0.8988 -0.4362 0.0429
vn 0.9562 -0.2929 0.0018
vn 0.6358 -0.0214 0.7716
vn -0.4269 -0.0654 -0.9019
vn -0.6979 -0.0657 0.7132
vn -0.7149 -0.1116 0.6903
vn -0.6454 -0.3386 0.6847
vn -0.9944 -0.0531 0.0916
vn 0.8670 -0.0536 0.4954
vn 0.1788 -0.0156 0.9838
vn -0.1312 -0.6818 -0.7197
vn -0.2821 -0.5471 -0.7881
vn 0.3328 -0.9274 -0.1705
vn -0.2400 0.2390 -0.9409
vn -0.2749 0.2789 -0.9201
vn -0.1156 -0.9700 -0.2139
vn 0.7638 0.6397 -0.0853
vn 0.7560 0.6478 -0.0935
vn 0.1943 -0.6303 0.7517
vn 0.0833 -0.0699 0.9941
vn 0.1335 0.1056 0.9854
vn -0.1419 0.0129 0.9898
vn 0.4188 -0.6891 0.5914
vn 0.8267 -0.5217 -0.2106
vn 0.8001 -0.5252 -0.2897
vn 0.7766 -0.5643 -0.2801
vn -0.9527 -0.2879 0.0972
vn 0.6016 0.7686 -0.2175
vn 0.4401 0.8479 -0.2954
vn 0.6357 0.7460 -0.1983
vn 0.4091 -0.0922 0.9078
vn 0.1319 0.8229 0.5526
vn 0.9250 -0.2025 0.3215
vn 0.7960 -0.5273 0.2972
vn 0.9215 -0.3209 0.2188
vn 0.6260 0.7219 -0.2950
vn 0.5010 0.6918 -0.5201
vn 0.1818 0.8957 -0.4059
vn 0.7879 -0.6134 0.0545
vn 0.7173 0.6955 -0.0430
vn 0.9056 0.3953 0.1538
vn 0.4681 -0.4375 -0.7678
vn 0.4326 -0.4196 -0.7980
vn -0.1935 -0.2840 -0.9391
vn 0.8894 0.2816 0.3600
vn 0.5923 0.7168 0.3678
vn 0.4566 0.7556 0.4697
vn 0.7256 0.3028 -0.6179
vn 0.7118 0.4109 -0.5696
vn 0.3124 -0.0241 0.9497
vn 0.0890 -0.9603 -0.2646
vn -0.8237 0.4957 0.2754
vn -0.5147 0.8021 0.3029
vn 0.5800 0.5118 0.6337
vn 0.3375 0.5991 0.7261
vn 0.7300 0.0739 0.6794
vn 0.6413 -0.1198 0.7579
vn 0.7385 0.2417 0.6295
vn 0.6061 -0.1606 0.7790
vn 0.8099 -0.0525 0.5842
vn 0.5527 0.0528 0.8317
vn 0.9757 0.0905 -0.1994
vn -0.4940 0.1058 -0.8630
vn -0.6245 0.3376 -0.7043
vn -0.5088 0.0718 -0.8579
vn -0.0136 0.3078 0.9513
vn -0.7943 -0.5888 0.1498
vn 0.6178 -0.2903 0.7308
vn 0.9777 0.1460 0.1509
vn 0.8759 0.4223 0.2334
vn 0.9185 0.2920 0.2665
vn 0.5741 -0.6379 -0.5133
vn 0.7167 -0.6648 0.2108
vn 0.2131 -0.9769 -0.0186
vn 0.3859 -0.9136 0.1283
vn -0.2104 0.2703 -0.9395
vn 0.4382 0.7024 0.5610
vn 0.2464 0.7171 0.6520
vn 0.4505 -0.1464 0.8807
vn 0.7282 -0.4597 -0.5083
vn 0.9997 -0.0046 0.0223
vn -0.9209 0.0448 0.3872
vn -0.9581 0.1166 0.2617
vn -0.9486 -0.1894 0.2537
vn -0.2885 0.7376 -0.6105
vn -0.3293 0.6525 -0.6825
vn -0.1538 0.6260 -0.7645
vn 0.9431 0.0285 0.3314
vn 0.8739 0.2344 0.4259
vn 0.3760 0.2068 0.9032
vn 0.1782 -0.8534 0.4900
vn 0.9201 0.0047 0.3917
vn 0.6561 -0.6410 0.3983
vn 0.2135 0.6228 0.7527
vn 0.1853 0.7320 0.6556
vn -0.1209 -0.0118 -0.9926
vn -0.0469 -0.0164 -0.9988
vn -0.1070 0.0014 -0.9943
vn 0.3193 -0.0508 0.9463
vn 0.0172 -0.9996 -0.0225
vn 0.0171 -0.9998 -0.0126
vn 0.0288 -0.9993 -0.0240
vn -0.0772 -0.5230 -0.8488
vn -0.1401 -0.4279 -0.8929
vn 0.9720 0.0650 0.2258
vn -0.1324 0.5923 -0.7947
vn 0.3774 -0.8820 -0.2821
vn 0.2826 -0.0245 0.9589
vn 0.4761 -0.0886 0.8749
vn 0.6012 0.1282 0.7887
vn 0.5371 0.2794 0.7959
vn 0.8334 -0.0723 -0.5479
vn 0.5240 -0.2189 0.8231
vn -0.4860 0.8098 -0.3288
vn -0.4748 0.8419 -0.2566
vn -0.5167 0.7258 -0.4541
vn 0.8931 -0.0579 -0.4461
vn -0.1038 -0.0368 -0.9939
vn 0.0005 0.7987 0.6018
vn 0.4830 -0.2312 0.8445
vn 0.7668 -0.0599 -0.6391
vn 0.8413 -0.0724 -0.5356
vn 0.7471 -0.0568 -0.6623
vn 0.3068 -0.0805 0.9484
vn 0.3647 -0.9188 -0.1513
vn 0.3479 0.5683 0.7457
vn 0.7357 -0.1394 0.6628
vn 0.9923 -0.1239 -0.0074
vn -0.0398 0.7150 0.6979
vn 0.0080 0.5406 0.8412
vn 0.0329 0.4375 0.8986
vn -0.6270 -0.7469 -0.2214
vn -0.0295 0.1621 -0.9863
vn 0.2076 0.8598 0.4665
vn -0.7110 0.6173 0.3368
vn -0.7370 0.6030 0.3052
vn -0.9219 0.3212 0.2164
vn 0.7577 0.0580 0.6500
vn 0.6871 0.2840 0.6687
vn -0.1485 0.1482 -0.9778
vn 0.7746 0.5081 0.3765
vn 0.6723 0.6866 0.2767
vn -0.7112 -0.6823 0.1691
vn 0.8503 0.5052 -0.1474
vn 0.3772 0.2082 0.9024
vn -0.0233 -0.0744 -0.9970
vn -0.0230 -0.0800 -0.9965
vn -0.0282 -0.0329 -0.9991
vn 0.7434 0.1881 0.6418
vn -0.8117 0.4394 0.3848
vn -0.9563 0.1648 0.2413
vn -0.9176 0.2702 0.2915
vn 0.9331 -0.3485 -0.0886
vn -0.8943 -0.3721 0.2485
vn -0.9808 0.1333 0.1425
vn 0.9413 -0.3204 -0.1063
vn 0.9692 -0.2033 -0.1394
vn 0.9993 -0.0367 0.0035
vn 0.9939 0.1069 -0.0278
vn 0.9556 0.2742 0.1075
vn -0.8984 -0.4364 -0.0505
vn -0.5244 0.0479 0.8501
vn -0.7702 0.2084 0.6028
vn -0.6545 -0.0049 0.7560
vn -0.7343 -0.6103 0.2970
vn -0.8359 -0.5286 0.1480
vn -0.4406 -0.0498 0.8963
vn 0.0301 -0.9994 0.0167
vn 0.0251 -0.9994 0.0234
vn -0.8896 0.2921 0.3510
vn -0.8955 -0.0705 0.4395
vn -0.9266 0.3155 0.2046
vn -0.9642 0.0584 0.2586
vn -0.9107 0.3581 0.2061
vn -0.6639 0.7046 -0.2506
vn -0.8659 0.4739 0.1603
vn 0.9923 0.1219 0.0207
vn -0.9975 0.0627 -0.0320
vn 0.6407 0.1896 -0.7441
vn -0.9267 -0.2968 -0.2303
vn 0.6716 -0.2255 -0.7057
vn 0.2400 -0.7656 0.5969
vn 0.3832 -0.7640 0.5190
vn 0.2779 -0.8937 0.3521
vn -0.0159 -0.9993 0.0343
vn -0.0107 -0.9980 0.0630
vn 0.5310 0.0998 -0.8415
vn 0.6334 0.1683 -0.7553
vn 0.8946 0.3918 0.2148
vn 0.8982 0.2615 0.3534
vn 0.9664 0.1734 0.1896
vn -0.9512 -0.0872 -0.2959
vn 0.9880 -0.0256 -0.1522
vn -0.9373 0.2440 0.2489
vn -0.8652 0.2787 0.4168
vn 0.5645 -0.5157 -0.6445
vn -0.6629 0.6385 -0.3910
vn 0.9572 0.2457 0.1531
vn 0.7531 -0.5586 -0.3476
vn -0.8553 0.3310 -0.3987
vn -0.8630 -0.3156 -0.3945
vn 0.5895 -0.5495 -0.5920
vn 0.3663 -0.8662 -0.3399
vn 0.9543 0.2696 0.1289
vn 0.1436 0.8011 -0.5811
vn 0.1866 0.8045 -0.5639
vn 0.2008 0.8351 -0.5122
vn 0.7994 -0.2645 -0.5393
vn 0.7960 -0.0229 -0.6048
vn 0.7211 -0.1600 -0.6741
vn -0.0213 -0.3292 -0.9440
vn 0.7613 -0.4639 -0.4531
vn 0.7123 -0.4029 -0.5747
vn 0.6446 -0.5361 -0.5451
vn 0.7504 -0.6392 0.1683
vn 0.7569 -0.6256 0.1890
vn 0.7573 -0.6253 0.1886
vn 0.3217 -0.6218 -0.7140
vn -0.9128 0.2047 -0.3535
vn 0.7537 0.0512 -0.6552
vn 0.7278 -0.0611 -0.6830
vn 0.7466 -0.0536 -0.6632
vn 0.8490 -0.5168 -0.1104
vn 0.9431 0.1712 0.2851
vn -0.0048 0.4125 -0.9110
vn -0.8785 -0.3230 0.3519
vn -0.7353 -0.5201 -0.4346
vn -0.5992 0.7852 0.1565
vn -0.8403 -0.5336 0.0964
vn 0.8564 0.1379 -0.4975
vn 0.7392 0.2949 -0.6055
vn 0.1077 0.2190 -0.9698
vn 0.0560 0.2863 -0.9565
vn -0.0994 0.2659 -0.9588
vn -0.4417 0.2087 -0.8726
vn -0.4135 0.0153 -0.9104
vn 0.6010 0.0870 -0.7945
vn 0.6814 -0.0155 -0.7318
vn 0.8168 0.3583 0.4522
vn 0.7907 0.2753 -0.5468
vn 0.6897 0.1904 -0.6986
vn 0.7687 0.2604 -0.5842
vn -0.8818 -0.4716 0.0035
vn -0.8859 -0.0521 -0.4609
vn -0.8456 -0.2955 -0.4446
vn 0.7850 -0.1000 -0.6114
vn -0.9409 -0.0464 -0.3354
vn 0.7485 -0.2149 -0.6274
vn 0.8132 -0.2227 -0.5377
vn 0.6880 -0.1418 -0.7117
vn 0.6428 -0.1368 -0.7537
vn 0.6226 -0.0391 -0.7815
vn -0.8951 0.0126 -0.4456
vn 0.1793 0.9332 -0.3114
vn 0.1711 0.9686 -0.1804
vn 0.2738 0.9405 -0.2014
vn -0.0213 0.8288 -0.5592
vn 0.0018 0.8709 -0.4915
vn 0.0152 0.7168 -0.6971
vn -0.3009 -0.5340 -0.7901
vn -0.4351 -0.2617 -0.8615
vn -0.1687 -0.4900 -0.8552
vn -0.1838 0.8208 0.5408
vn 0.5971 -0.7077 0.3776
vn 0.7261 -0.5873 0.3576
vn -0.9931 -0.0959 0.0678
vn -0.9959 0.0792 0.0428
vn 0.6969 0.3571 -0.6220
vn 0.8248 -0.3108 -0.4724
vn 0.8058 -0.4916 -0.3302
vn -0.9765 -0.1343 0.1687
vn 0.7569 -0.5781 -0.3049
vn -0.4870 -0.4152 0.7684
vn -0.3442 -0.5112 0.7875
vn -0.2741 0.9033 -0.3300
vn -0.0969 0.9249 -0.3675
vn -0.3341 0.8886 -0.3143
vn -0.3576 0.8392 -0.4097
vn -0.2395 0.9015 -0.3605
vn -0.5028 0.7603 -0.4113
vn 0.8256 0.0049 -0.5642
vn 0.8466 -0.1344 -0.5151
vn -0.6834 0.2858 -0.6717
vn -0.5476 0.3656 -0.7527
vn 0.8784 -0.2279 -0.4200
vn 0.7690 -0.3436 -0.5391
vn 0.7196 -0.6507 -0.2426
vn 0.6709 -0.6079 -0.4246
vn 0.8276 -0.5579 -0.0608
vn 0.7276 -0.6858 -0.0165
vn -0.5854 0.7101 0.3913
vn -0.8921 0.4158 0.1766
vn -0.7749 0.1634 -0.6106
vn 0.8364 -0.2927 -0.4635
vn 0.4164 -0.5112 0.7519
vn 0.5720 -0.7967 0.1950
vn 0.3929 -0.9074 0.1492
vn -0.3913 0.7820 0.4851
vn -0.4414 0.7169 0.5396
vn -0.4500 0.7663 0.4585
vn -0.9597 0.1168 -0.2556
vn 0.0356 -0.9859 -0.1638
vn 0.1152 -0.7611 -0.6384
vn 0.1116 -0.9367 -0.3320
vn 0.8107 -0.1809 -0.5568
vn 0.7335 0.1193 -0.6691
vn -0.2389 -0.3405 -0.9094
vn -0.2689 -0.3847 -0.8830
vn -0.4772 0.8784 -0.0271
vn -0.3964 0.8601 0.3212
vn -0.4474 0.8524 0.2705
vn -0.9279 -0.1504 -0.3412
vn 0.1825 -0.7890 0.5867
vn -0.2159 -0.6639 -0.7159
vn -0.1721 -0.7399 -0.6504
vn -0.8610 0.1682 -0.4800
vn -0.7868 0.5110 -0.3463
vn -0.6830 0.4162 -0.6002
vn -0.2128 0.6995 -0.6822
vn -0.1244 0.4704 -0.8737
vn -0.3358 0.4984 -0.7993
vn 0.6659 0.4416 -0.6013
vn 0.6070 0.3370 -0.7197
vn 0.5106 -0.4965 -0.7020
vn -0.7176 -0.6560 0.2339
vn 0.9261 0.1848 0.3290
vn -0.3522 -0.4003 0.8460
vn -0.6634 -0.1777 0.7269
vn -0.0100 0.3321 -0.9432
vn 0.0680 -0.8484 -0.5250
vn 0.2711 0.0447 0.9615
vn 0.6054 -0.0211 -0.7956
vn -0.0278 -0.4053 -0.9138
vn 0.0017 -0.3769 -0.9263
vn 0.5622 -0.7577 0.3314
vn 0.8983 0.3075 0.3139
vn -0.0213 0.3540 -0.9350
vn 0.9225 0.3411 0.1808
vn -0.8654 -0.4821 -0.1365
vn -0.8075 0.5470 -0.2210
vn -0.6522 0.7041 0.2808
vn 0.9175 -0.1468 -0.3697
vn 0.8474 0.4735 0.2404
vn -0.0924 0.9034 -0.4187
vn 0.0803 0.8917 -0.4454
vn 0.0059 0.8484 -0.5294
vn -0.7018 -0.4937 -0.5135
vn 0.7725 -0.2809 -0.5695
vn 0.3033 0.4846 -0.8205
vn 0.5960 0.0591 -0.8008
vn 0.1908 0.4481 -0.8734
vn 0.6450 -0.1133 -0.7557
vn -0.8511 0.3992 0.3409
vn 0.8079 0.5683 -0.1559
vn 0.4757 -0.2365 -0.8472
vn -0.0060 -0.9896 0.1436
vn 0.0050 -0.9949 0.1008
vn -0.0146 -0.9610 0.2761
vn 0.0282 -0.9647 0.2618
vn 0.0392 -0.9835 0.1764
vn -0.2990 0.3384 -0.8922
vn -0.6681 -0.4308 -0.6067
vn -0.4278 0.0526 -0.9024
vn -0.4680 0.1022 -0.8778
vn -0.9733 0.1749 -0.1487
vn -0.9804 0.0743 -0.1827
vn -0.9474 0.2895 -0.1366
vn -0.8645 -0.3945 -0.3116
vn 0.8782 0.0093 0.4781
vn 0.7863 -0.0204 0.6175
vn -0.5408 0.1559 -0.8266
vn 0.9052 0.3201 0.2796
vn 0.1852 -0.4561 -0.8704
vn 0.9582 0.1203 0.2597
vn -0.2320 -0.6271 0.7436
vn -0.4055 -0.8140 0.4160
vn -0.2801 -0.7916 0.5431
vn -0.5057 0.6356 0.5833
vn 0.2579 0.4331 -0.8636
vn 0.1202 0.5151 -0.8486
vn 0.1912 0.6870 -0.7011
vn 0.8787 -0.1785 -0.4428
vn 0.2884 -0.1889 -0.9387
vn 0.9610 0.1604 0.2252
vn 0.6785 -0.7229 0.1307
vn -0.2898 -0.2693 -0.9184
vn -0.4803 -0.4318 -0.7635
vn 0.9227 0.2708 0.2742
vn 0.8306 0.4585 0.3161
vn -0.7560 -0.5759 0.3110
vn -0.8639 -0.3860 0.3235
vn -0.7952 -0.5621 0.2272
vn -0.1643 -0.2078 -0.9643
vn -0.2783 -0.2230 -0.9342
vn 0.3236 0.5578 -0.7643
vn -0.2826 -0.0379 -0.9585
vn -0.4930 0.0515 -0.8685
vn 0.6301 -0.6885 0.3591
vn 0.0569 -0.9828 -0.1757
vn -0.0348 -0.9991 -0.0251
vn -0.0763 -0.9049 -0.4186
vn 0.5285 -0.3845 -0.7569
vn 0.8542 0.0568 -0.5169
vn 0.8111 0.5488 0.2026
vn -0.7476 -0.2455 -0.6171
vn -0.7518 -0.2767 -0.5985
vn -0.8369 -0.0022 -0.5474
vn 0.5597 0.7338 0.3850
vn 0.6592 0.7473 0.0834
vn 0.6411 0.6561 0.3981
vn 0.6787 0.7264 0.1085
vn 0.1557 -0.6927 0.7042
vn 0.1038 -0.8618 0.4966
vn -0.5869 -0.7418 -0.3245
vn -0.4756 -0.8077 -0.3485
vn -0.5104 0.7957 0.3260
vn 0.3935 0.8798 -0.2666
vn 0.7444 0.6672 -0.0266
vn 0.5610 0.7968 0.2244
vn 0.3066 0.8025 0.5119
vn -0.0883 0.9903 0.1069
vn -0.0765 0.9559 0.2837
vn -0.5881 0.7991 -0.1248
vn 0.1461 0.9359 0.3206
vn -0.0001 0.9517 0.3070
vn 0.3723 0.9149 -0.1561
vn 0.2857 0.9575 0.0387
vn 0.2074 0.9334 0.2927
vn 0.5994 -0.0287 -0.7999
vn -0.0919 0.9079 0.4090
vn -0.1708 0.9840 0.0498
vn -0.2227 0.7960 0.5628
vn -0.0469 0.6672 0.7434
vn -0.2395 0.7633 0.6000
vn 0.0642 0.9970 -0.0438
vn -0.1352 0.9864 0.0932
vn 0.0580 0.9670 -0.2479
vn -0.1871 0.9561 0.2254
vn 0.6565 0.5558 0.5100
vn 0.6759 0.5608 0.4782
vn 0.6627 0.5649 0.4917
vn 0.7051 0.4712 0.5299
vn 0.7208 0.4457 0.5308
vn -0.6179 0.4223 -0.6632
vn 0.0179 0.9996 -0.0196
vn 0.0106 0.8757 -0.4827
vn 0.6260 0.7771 0.0648
vn 0.0193 0.4130 -0.9105
vn 0.9467 0.3199 -0.0385
vn 0.0968 0.9951 0.0200
vn -0.0150 -0.6816 -0.7315
vn 0.2639 0.9641 -0.0290
vn 0.8372 0.5460 0.0325
vn -0.6702 0.3223 -0.6686
vn -0.4294 0.8057 0.4079
vn -0.3324 0.7513 0.5701
vn -0.4190 0.8904 -0.1778
vn 0.1618 0.9810 0.1071
vn 0.0392 0.9807 0.1916
vn 0.0453 0.9113 0.4092
vn 0.3438 0.8767 -0.3364
vn 0.3463 0.9247 -0.1582
vn 0.1765 0.9618 -0.2090
vn -0.0130 0.9989 -0.0453
vn -0.6810 0.5267 -0.5088
vn 0.0932 0.9874 -0.1280
vn 0.0192 0.9986 -0.0493
vn -0.0247 0.9991 -0.0341
vn 0.2611 0.9652 0.0129
vn 0.4047 0.9140 -0.0294
vn 0.1775 0.9613 0.2106
vn 0.6061 0.7274 0.3217
vn 0.0454 0.8789 0.4749
vn -0.9358 -0.3039 0.1788
vn 0.9070 0.4074 0.1063
vn -0.7831 0.5203 0.3406
vn -0.4570 -0.5960 0.6603
vn -0.8884 -0.1797 0.4225
vn -0.4515 0.8849 0.1150
vn -0.7161 0.6814 0.1512
vn 0.8349 0.5062 0.2161
vn 0.2896 0.5216 0.8025
vn 0.1267 0.9324 0.3384
vn 0.6972 0.5720 0.4322
vn -0.0250 0.9011 0.4329
vn -0.3880 0.9151 0.1103
vn 0.4728 0.8785 -0.0680
vn 0.0052 0.9985 0.0546
vn 0.2268 0.9524 -0.2037
vn 0.0077 0.9437 0.3307
vn -0.7106 0.6121 0.3471
vn 0.0572 0.9745 -0.2170
vn -0.3605 -0.1673 -0.9177
vn -0.9866 0.1206 0.1100
vn 0.0056 0.8217 0.5699
vn -0.4362 0.8950 -0.0933
vn -0.6062 0.7803 -0.1539
vn -0.8797 0.2811 0.3835
vn -0.9178 0.3785 0.1197
vn -0.9894 0.1365 0.0494
vn -0.1304 0.9544 -0.2684
vn 0.2239 0.9700 -0.0945
vn -0.8524 0.5077 -0.1246
vn 0.6509 0.5926 0.4744
vn -0.5203 0.4939 -0.6967
vn -0.5529 0.2228 -0.8029
vn -0.7776 0.2927 -0.5564
vn 0.8132 0.5819 -0.0139
vn -0.8494 0.2534 0.4630
vn -0.9015 0.3058 0.3062
vn 0.7603 0.6222 0.1865
vn -0.9345 0.2648 0.2378
vn -0.5692 0.7660 -0.2987
vn 0.7716 0.6341 0.0494
vn 0.7288 -0.5399 -0.4212
vn -0.0816 -0.1903 -0.9783
vn 0.0415 -0.3378 -0.9403
vn 0.7995 0.2430 0.5493
vn -0.0674 0.8015 0.5942
vn -0.6811 0.7320 0.0170
vn 0.7624 0.5699 -0.3066
vn 0.5355 0.6062 0.5880
vn 0.5681 0.7122 0.4123
vn -0.5937 0.5653 0.5727
vn -0.5538 0.7718 0.3125
vn 0.0484 0.3365 -0.9404
vn 0.0142 0.5067 -0.8620
vn 0.2337 0.3381 -0.9116
vn -0.2562 0.7594 0.5980
vn 0.7482 0.6629 -0.0281
vn 0.6973 0.7050 0.1293
vn 0.6213 0.7288 0.2878
vn -0.5432 0.8387 0.0393
vn -0.5371 0.8410 0.0648
vn 0.7517 0.6438 -0.1433
vn 0.6735 0.7392 0.0067
vn 0.6098 0.7803 0.1389
vn 0.6541 0.6527 -0.3823
vn 0.7200 0.6443 -0.2580
vn -0.8958 0.2368 -0.3762
vn -0.6498 0.2343 -0.7231
vn -0.3357 0.6535 -0.6784
vn -0.4914 0.3001 -0.8176
vn 0.6451 0.7545 -0.1212
vn -0.2524 -0.1830 0.9502
vn 0.5160 0.7969 0.3142
vn 0.7034 0.5842 -0.4049
vn -0.7981 -0.5618 0.2177
vn 0.3895 0.8413 0.3749
vn -0.9558 0.2765 0.1001
vn 0.0311 0.8753 0.4826
vn 0.5775 0.8147 -0.0532
vn 0.5587 0.8283 0.0417
vn 0.4707 0.8617 0.1893
vn 0.3524 0.8027 0.4810
vn 0.5722 0.7614 -0.3046
vn 0.5615 0.8109 -0.1647
vn 0.4312 0.8972 0.0953
vn 0.3991 0.8766 0.2688
vn 0.4904 0.8238 -0.2845
vn -0.6638 -0.7300 -0.1625
vn 0.0196 0.2210 -0.9751
vn -0.2666 0.8564 0.4422
vn 0.2018 0.9794 0.0089
vn 0.8548 -0.4460 -0.2653
vn -0.7396 0.3961 -0.5442
vn -0.7764 -0.2415 -0.5822
vn -0.7685 -0.3988 -0.5003
vn -0.9888 -0.0627 0.1355
vn -0.6370 0.5582 0.5316
vn -0.5430 0.6441 0.5388
vn -0.6790 0.5105 0.5276
vn -0.9094 0.1443 0.3900
vn -0.8433 0.5144 0.1558
vn -0.4032 -0.8783 0.2569
vn -0.3265 -0.8227 0.4653
vn -0.2674 -0.8931 0.3619
vn -0.3692 0.8010 0.4712
vn -0.4907 0.7308 0.4745
vn -0.5954 0.6253 0.5045
vn -0.6584 0.5289 0.5354
vn -0.3490 0.8001 0.4878
vn -0.3138 0.8687 0.3833
vn -0.0324 0.3835 0.9230
vn -0.4206 0.0293 0.9068
vn -0.5845 -0.0793 -0.8075
vn -0.3273 -0.0756 -0.9419
vn -0.5849 0.2399 -0.7749
vn -0.4767 0.6791 0.5582
vn -0.8145 -0.3603 0.4548
vn -0.6865 -0.3326 0.6466
vn -0.8136 0.2377 0.5305
vn -0.6433 0.5162 0.5654
vn -0.7490 0.2820 0.5995
vn -0.1916 -0.7619 -0.6187
vn -0.8501 -0.2138 0.4813
vn -0.8029 -0.3209 0.5023
vn -0.8054 -0.3257 0.4953
vn -0.8494 0.0360 0.5264
vn -0.9040 -0.4210 0.0748
vn -0.7255 0.4452 0.5248
vn 0.1565 0.3518 -0.9229
vn -0.0635 -0.3953 -0.9163
vn 0.0200 -0.9996 -0.0216
vn 0.0177 -0.9995 -0.0278
vn 0.0485 -0.9986 -0.0204
vn -0.7821 0.3926 -0.4838
vn -0.6324 0.5820 -0.5111
vn -0.7801 0.4477 -0.4370
vn 0.5819 -0.3515 -0.7334
vn -0.6261 0.4604 0.6293
vn -0.5466 0.2467 0.8003
vn -0.7647 -0.1936 0.6146
vn -0.6750 0.4354 0.5957
vn -0.4161 0.2562 -0.8725
vn -0.6940 0.2488 0.6756
vn -0.6849 0.7100 -0.1638
vn -0.6399 -0.3420 0.6881
vn 0.0770 -0.8658 -0.4944
vn -0.9781 0.1197 0.1703
vn -0.9144 0.3460 0.2104
vn -0.6000 0.3757 0.7063
vn -0.7246 0.2760 0.6315
vn -0.6775 0.4012 0.6164
vn -0.7766 -0.0731 0.6257
vn -0.2546 0.0683 -0.9646
vn -0.2677 0.1948 -0.9436
vn -0.3775 0.1119 -0.9192
vn -0.3666 -0.0050 -0.9304
vn -0.3460 0.1279 -0.9295
vn -0.3596 0.1104 -0.9266
vn -0.7864 -0.0000 -0.6177
vn -0.6272 -0.2129 -0.7492
vn -0.9457 -0.2180 0.2411
vn -0.3871 -0.8257 0.4104
vn -0.2856 -0.8557 0.4316
vn -0.7805 0.2312 0.5808
vn -0.9772 0.1242 0.1723
vn -0.5030 0.7176 0.4817
vn -0.2310 -0.8278 0.5112
vn -0.6167 -0.3741 0.6927
vn -0.7025 0.6561 0.2757
vn -0.5772 0.5187 0.6307
vn -0.4745 0.6515 0.5919
vn 0.5383 0.7022 -0.4659
vn -0.2995 0.6710 0.6783
vn -0.2807 -0.2596 0.9240
vn -0.3262 -0.4062 0.8536
vn -0.5069 -0.0741 0.8588
vn -0.9682 0.1377 -0.2087
vn -0.1605 -0.0882 0.9831
vn -0.6542 0.1418 0.7429
vn -0.7181 0.0706 0.6923
vn -0.5849 -0.0369 0.8103
vn -0.6660 -0.2202 0.7127
vn -0.9098 -0.1313 -0.3936
vn -0.9298 -0.2314 -0.2861
vn -0.9185 -0.2110 -0.3345
vn -0.6310 -0.3399 0.6974
vn -0.6330 -0.4823 0.6055
vn -0.7936 0.2762 0.5421
vn -0.7493 0.2274 0.6220
vn -0.9242 0.3760 -0.0672
vn -0.8405 0.4089 -0.3556
vn -0.8883 0.4527 -0.0780
vn 0.1755 -0.5490 -0.8172
vn 0.2301 -0.6439 -0.7297
vn -0.6416 -0.1615 0.7498
vn -0.3700 -0.3323 0.8676
vn -0.7537 0.2819 0.5937
vn -0.6108 -0.0152 0.7917
vn -0.3771 0.1912 -0.9062
vn -0.4455 0.3409 -0.8278
vn -0.3349 0.3290 -0.8829
vn -0.7423 -0.0047 0.6701
vn -0.6667 -0.1461 0.7308
vn -0.1216 -0.3799 0.9170
vn -0.1438 -0.5345 -0.8329
vn -0.0400 -0.8720 0.4879
vn -0.0368 0.1956 -0.9800
vn -0.0682 0.2939 -0.9534
vn -0.9562 -0.1403 0.2567
vn -0.9302 0.3667 0.0159
vn -0.7728 0.6211 -0.1306
vn -0.4731 0.1480 -0.8685
vn -0.6455 0.2708 -0.7142
vn -0.5080 0.2038 -0.8369
vn -0.7657 0.3909 0.5108
vn 0.2848 0.2989 -0.9108
vn 0.4353 0.3186 -0.8420
vn 0.4061 0.2857 -0.8680
vn -0.9588 -0.1617 -0.2335
vn -0.7800 0.1256 0.6131
vn -0.5861 0.1694 -0.7923
vn -0.8632 0.3019 0.4047
vn -0.7967 0.4021 0.4512
vn -0.7386 0.6481 0.1857
vn -0.7641 0.1512 0.6271
vn -0.3085 -0.2757 -0.9104
vn -0.6554 -0.0708 -0.7519
vn -0.3635 0.0903 -0.9272
vn -0.9927 0.0040 0.1203
vn -0.6778 0.1069 0.7275
vn -0.3827 -0.9213 0.0686
vn -0.6021 -0.7302 0.3228
vn -0.6071 -0.7874 0.1070
vn -0.8819 -0.2245 0.4146
vn -0.8445 -0.0768 0.5300
vn -0.8258 0.1226 0.5505
vn -0.7057 0.3736 0.6020
vn -0.7066 0.4524 -0.5442
vn -0.7439 0.2686 0.6119
vn 0.5089 -0.5210 -0.6852
vn -0.8394 -0.1705 0.5161
vn -0.7754 0.2686 0.5715
vn -0.4657 -0.7831 -0.4121
vn -0.6561 0.1499 0.7396
vn -0.6927 0.3771 0.6148
vn -0.7684 0.0237 0.6395
vn 0.3325 -0.1432 0.9322
vn -0.5253 0.0019 -0.8509
vn -0.2799 -0.0423 -0.9591
vn -0.1319 -0.2058 -0.9697
vn -0.6917 0.1629 0.7036
vn -0.0980 -0.8897 0.4459
vn -0.1293 0.1170 -0.9847
vn 0.4598 0.7748 -0.4339
vn -0.6341 0.6223 0.4589
vn -0.6719 0.4736 0.5695
vn -0.7608 -0.3891 0.5193
vn -0.7256 0.2182 0.6526
vn -0.1141 0.3307 -0.9368
vn -0.0959 0.9858 0.1378
vn -0.7112 0.3948 0.5817
vn -0.6571 0.5383 0.5277
vn -0.6091 0.4814 0.6303
vn -0.7796 -0.1531 0.6073
vn -0.7695 0.0712 0.6346
vn -0.8102 -0.1129 0.5752
vn 0.1542 0.2154 -0.9643
vn 0.1807 0.4075 -0.8952
vn 0.1393 0.2768 -0.9508
vn -0.3764 0.1078 -0.9202
vn -0.5971 0.0983 -0.7961
vn -0.5201 -0.0153 -0.8540
vn -0.7171 -0.5552 0.4214
vn 0.0985 -0.2186 -0.9708
vn 0.2269 -0.5908 -0.7742
vn 0.0461 0.2115 -0.9763
vn -0.8030 0.0922 0.5888
vn -0.0090 0.1406 -0.9900
vn -0.6062 0.7743 0.1815
vn -0.9042 0.2626 0.3368
vn -0.6985 -0.0292 -0.7150
vn -0.5658 -0.1474 -0.8113
vn -0.6039 -0.3008 -0.7381
vn -0.4216 -0.0031 -0.9068
vn -0.0370 -0.9948 0.0950
vn 0.0168 -0.9998 -0.0071
vn -0.6026 0.6094 0.5153
vn -0.3821 0.4409 -0.8122
vn -0.5322 0.5117 0.6745
vn -0.3571 -0.6381 0.6821
vn -0.0247 0.3528 -0.9354
vn -0.6294 -0.4441 0.6377
vn -0.2730 -0.0308 -0.9615
vn -0.5675 0.0160 -0.8232
vn 0.3343 -0.5092 -0.7930
vn -0.8831 0.4632 -0.0748
vn -0.9552 0.2953 -0.0189
vn -0.8419 0.5306 -0.0982
vn -0.3578 -0.0734 -0.9309
vn -0.2032 -0.1177 -0.9720
vn 0.3303 0.4311 -0.8397
vn 0.3587 0.4299 -0.8286
vn 0.3296 0.3182 -0.8889
vn -0.0983 0.6439 -0.7587
vn -0.0287 0.5988 -0.8004
vn -0.0387 0.6357 -0.7710
vn -0.1216 0.2881 -0.9499
vn -0.2151 0.1416 -0.9663
vn -0.4436 0.0695 -0.8935
vn 0.0165 0.6060 -0.7953
vn -0.0517 0.3846 -0.9216
vn -0.1992 0.6290 -0.7515
vn 0.1094 0.8585 -0.5010
vn 0.1627 0.7165 -0.6784
vn 0.1082 0.6119 -0.7835
vn -0.0454 0.7293 -0.6827
vn 0.1425 0.7342 -0.6638
vn 0.3065 0.6788 -0.6673
vn 0.3914 0.4497 -0.8028
vn 0.5555 0.3229 -0.7663
vn -0.8611 -0.2861 -0.4203
vn -0.3848 0.5900 -0.7098
vn -0.6601 -0.1923 -0.7261
vn -0.6511 -0.5171 -0.5556
vn -0.6518 -0.3075 -0.6932
vn -0.4629 -0.3666 -0.8071
vn -0.7221 0.0336 -0.6910
vn -0.7002 0.0775 -0.7098
vn -0.9603 0.0096 -0.2788
vn -0.8888 -0.0856 -0.4502
vn -0.9421 -0.0364 -0.3333
vn -0.4509 -0.6557 -0.6057
vn -0.9385 -0.1589 -0.3064
vn -0.5254 -0.6075 -0.5958
vn -0.5627 -0.5187 -0.6437
vn -0.6481 -0.5793 -0.4944
vn -0.9823 0.0449 -0.1820
vn -0.9656 0.0181 -0.2593
vn -0.6776 -0.5275 -0.5124
vn -0.7180 -0.5726 -0.3957
vn -0.6281 0.7517 -0.2009
vn -0.5637 -0.6515 -0.5078
vn -0.6523 -0.6217 -0.4336
vn -0.9637 -0.1778 -0.1992
vn -0.6421 -0.6562 -0.3964
vn -0.8678 -0.4045 -0.2887
vn -0.0197 0.7902 -0.6126
vn -0.9801 0.1815 0.0806
vn -0.7655 -0.5537 -0.3278
vn 0.2809 0.5925 -0.7550
vn 0.2726 0.4710 -0.8390
vn -0.4537 0.7165 -0.5299
vn -0.5461 0.6930 -0.4708
vn -0.2993 -0.9350 -0.1902
vn -0.5777 -0.8030 -0.1467
vn -0.5778 -0.8029 -0.1469
vn -0.9804 0.1329 -0.1458
vn -0.0339 0.6127 -0.7896
vn 0.0444 0.4861 -0.8728
vn -0.0504 0.7235 -0.6885
vn -0.4856 -0.8612 0.1502
vn -0.4031 -0.8699 0.2842
vn -0.3799 -0.8525 0.3592
vn -0.1016 -0.9937 -0.0477
vn -0.0227 -0.9995 -0.0239
vn -0.3703 -0.8992 -0.2333
vn -0.1144 0.7258 -0.6784
vn -0.0917 0.3773 -0.9215
vn -0.7067 -0.3057 -0.6380
vn -0.7322 -0.2825 -0.6197
vn -0.8080 -0.1322 -0.5741
vn -0.8468 0.1004 -0.5223
vn -0.6167 -0.6984 -0.3632
vn 0.6008 0.4759 -0.6423
vn 0.5637 0.3242 -0.7597
vn -0.7839 -0.3630 -0.5037
vn -0.8635 -0.2954 -0.4087
vn -0.3956 0.7795 -0.4857
vn -0.6881 0.5687 -0.4506
vn -0.8537 0.3367 -0.3972
vn -0.7140 -0.6221 -0.3211
vn -0.9967 0.0673 0.0443
vn 0.1786 0.4920 -0.8521
vn -0.0547 0.3855 -0.9211
vn 0.1264 0.5608 -0.8182
vn 0.1244 0.3348 -0.9340
vn -0.8650 -0.3006 -0.4017
vn -0.9248 -0.1466 -0.3510
vn -0.8909 0.1492 -0.4290
vn -0.9952 0.0572 0.0795
vn -0.0289 0.3318 -0.9429
vn -0.8465 -0.2755 -0.4555
vn -0.9313 0.0191 -0.3636
vn -0.9038 -0.3458 -0.2523
vn -0.9081 -0.2598 -0.3285
vn -0.9102 -0.2765 -0.3085
vn -0.9576 -0.2755 -0.0841
vn 0.3313 -0.2735 0.9030
vn 0.1273 0.4030 -0.9063
vn -0.8155 -0.1396 -0.5617
vn -0.9073 -0.2798 -0.3138
vn -0.8602 0.1709 -0.4805
vn -0.8579 0.0224 -0.5134
vn -0.9267 0.1114 -0.3590
vn -0.8076 0.3134 -0.4996
vn -0.6758 0.4892 -0.5513
vn -0.5241 0.5273 -0.6688
vn -0.9241 -0.1599 -0.3471
vn -0.7938 -0.4421 0.4175
vn -0.6150 0.1689 -0.7702
vn -0.6955 0.3858 -0.6061
vn -0.7051 -0.6122 -0.3579
vn 0.0574 0.1387 -0.9887
vn -0.8624 -0.5061 -0.0120
vn -0.0210 -0.9932 0.1142
vn -0.1596 -0.9867 0.0320
vn -0.0038 -0.9974 0.0714
vn -0.7903 -0.5919 -0.1583
vn -0.6613 -0.7476 -0.0614
vn -0.9894 0.1085 -0.0970
vn -0.9866 0.1631 0.0060
vn -0.9921 0.0731 -0.1023
vn 0.3140 0.7945 -0.5198
vn 0.1774 0.7973 -0.5769
vn -0.8609 0.3616 -0.3579
vn -0.5867 0.8091 0.0345
vn -0.3937 0.8548 -0.3382
vn -0.8929 -0.2546 -0.3715
vn -0.3200 0.6674 -0.6725
vn -0.7506 -0.6431 -0.1518
vn -0.9829 0.1669 -0.0774
vn -0.9922 -0.0114 -0.1244
vn -0.8414 0.5402 -0.0156
vn -0.9922 -0.0036 -0.1248
vn -0.6120 0.2342 -0.7554
vn -0.6058 -0.0606 -0.7933
vn -0.6538 0.1764 -0.7358
vn -0.9217 0.2653 -0.2829
vn 0.1791 -0.6627 -0.7272
vn 0.1913 -0.5339 -0.8236
vn -0.6812 -0.6389 -0.3575
vn -0.8101 -0.5260 -0.2591
vn -0.6654 0.5940 -0.4520
vn -0.6804 0.3879 -0.6218
vn -0.8263 0.5040 -0.2513
vn -0.9506 0.1733 -0.2574
vn -0.8057 0.4990 -0.3192
vn -0.9439 -0.1539 -0.2922
vn -0.2879 0.2163 -0.9329
vn -0.5419 0.7408 -0.3970
vn -0.9738 -0.2276 0.0024
vn 0.4960 0.3617 -0.7894
vn 0.6071 0.1936 -0.7706
vn -0.1635 0.3275 -0.9306
vn -0.7846 -0.5859 -0.2028
vn -0.8091 0.5067 -0.2976
vn -0.9418 -0.1171 -0.3150
vn 0.5286 0.6174 -0.5825
vn 0.4642 0.5450 -0.6982
vn 0.4179 0.5029 -0.7566
vn 0.0186 -0.9974 0.0701
vn -0.6648 -0.5799 -0.4709
vn -0.6023 -0.5247 -0.6017
vn -0.5097 -0.7013 -0.4985
vn -0.6084 -0.7705 0.1901
vn -0.9627 0.2705 -0.0044
vn -0.9499 0.2271 -0.2146
vn -0.9144 0.2905 -0.2819
vn -0.8418 0.3963 -0.3665
vn 0.1639 0.2449 -0.9556
vn 0.0044 0.7201 -0.6938
vn -0.0594 0.7142 -0.6975
vn -0.8315 -0.5194 -0.1972
vn -0.9948 -0.0110 -0.1017
vn 0.4579 0.4969 -0.7372
vn 0.3708 0.5212 -0.7687
vn -0.9227 -0.3700 -0.1081
vn -0.6002 -0.3641 -0.7122
vn -0.7139 -0.2760 -0.6436
vn -0.5656 -0.1422 -0.8123
vn -0.0607 -0.9958 0.0682
vn -0.1682 0.8638 -0.4749
vn -0.5541 -0.7295 0.4011
vn -0.6404 0.6770 -0.3628
vn -0.8634 0.4059 -0.2996
vn 0.2664 0.8531 -0.4486
vn -0.4716 -0.8313 -0.2942
vn -0.5496 -0.7701 -0.3238
vn -0.6790 -0.6848 -0.2646
vn -0.9480 -0.1910 -0.2545
vn -0.5136 0.3220 -0.7953
vn -0.7432 -0.0835 -0.6639
vn -0.7411 -0.0226 -0.6710
vn -0.6025 0.0571 -0.7961
vn -0.6858 0.1761 -0.7062
vn 0.4524 -0.7388 -0.4995
vn 0.4754 -0.7139 -0.5142
vn -0.0865 0.5609 -0.8233
vn -0.6526 -0.6718 -0.3505
vn -0.9924 -0.1147 -0.0454
vn -0.8601 -0.1972 -0.4704
vn -0.7388 0.2124 -0.6396
vn -0.9525 0.2358 -0.1929
vn -0.9098 -0.3720 -0.1842
vn -0.0902 0.5403 -0.8366
vn -0.7525 -0.1499 -0.6413
vn -0.0484 0.9288 -0.3674
vn 0.2363 0.8470 -0.4762
vn 0.2379 -0.1477 -0.9600
vn 0.2067 -0.0611 -0.9765
vn 0.4674 0.1654 -0.8684
vn 0.4614 0.4336 -0.7740
vn 0.4927 0.4124 -0.7663
vn 0.2111 -0.0881 -0.9735
vn -0.8008 0.0740 -0.5944
vn 0.3546 0.6839 -0.6376
vn -0.7477 -0.5737 -0.3345
vn 0.3855 0.3823 -0.8398
vn 0.4768 0.2147 -0.8524
vn 0.0160 0.6815 -0.7317
vn 0.0151 -0.9998 -0.0107
vn 0.1542 0.3479 -0.9248
vn -0.9030 -0.3469 -0.2534
vn -0.0908 0.5769 -0.8118
vn -0.1712 0.5425 -0.8224
vn -0.7514 -0.3329 -0.5697
vn -0.7833 -0.1171 -0.6105
vn 0.0229 -0.9995 -0.0230
vn -0.0638 0.6359 -0.7691
vn -0.0886 0.6743 -0.7331
vn -0.1043 0.7785 -0.6189
vn 0.1905 0.2741 -0.9427
vn -0.0486 0.9124 -0.4063
vn -0.9107 0.0107 -0.4129
vn -0.5412 -0.5787 -0.6101
vn -0.8483 -0.3735 -0.3753
vn -0.6724 -0.3252 -0.6650
vn -0.6099 -0.7061 -0.3599
vn -0.7936 -0.2990 -0.5299
vn -0.1955 0.9085 -0.3694
vn 0.0062 0.5166 -0.8562
vn -0.5917 -0.2187 -0.7759
vn -0.4529 -0.0879 -0.8872
vn -0.9225 -0.2644 -0.2812
vn -0.9729 0.1569 -0.1699
vn -0.5156 0.6452 -0.5638
vn -0.8094 -0.4299 -0.3999
vn -0.8359 -0.3975 -0.3785
vn -0.8980 -0.0464 -0.4375
vn -0.8439 0.1580 -0.5128
vn -0.7551 0.2833 -0.5912
vn -0.5981 0.3128 -0.7379
vn -0.6984 0.1450 -0.7009
vn -0.9288 0.2995 -0.2183
vn -0.8411 0.5307 -0.1045
vn -0.9184 0.2775 -0.2819
vn -0.8000 0.5937 -0.0872
vn -0.0479 0.6978 -0.7147
vn -0.4881 -0.6912 -0.5330
vn -0.5899 -0.7017 -0.3994
vn -0.7993 0.2459 -0.5483
vn -0.7754 0.1700 -0.6082
vn -0.8787 0.1909 -0.4374
vn -0.7358 0.4696 -0.4879
vn -0.4149 0.8457 -0.3357
vn -0.5776 0.3560 -0.7346
vn -0.6563 -0.6753 -0.3365
vn -0.7853 -0.2797 -0.5523
vn -0.6935 -0.6624 -0.2833
vn -0.8592 -0.3746 -0.3485
vn -0.9157 0.0858 -0.3927
vn -0.7880 0.1547 -0.5959
vn -0.2400 -0.7691 -0.5924
vn -0.9128 -0.1405 -0.3834
vn -0.9503 0.0212 -0.3106
vn -0.2276 0.7644 -0.6032
vn 0.0675 -0.9968 0.0438
vn -0.6172 0.1717 -0.7679
vn -0.7351 0.5411 -0.4085
vn -0.5795 0.7809 -0.2330
vn -0.3834 0.8906 -0.2445
vn -0.7285 -0.2410 -0.6412
vn -0.8630 0.0434 -0.5034
vn -0.6683 -0.0204 -0.7436
vn -0.7510 0.1886 -0.6328
vn 0.4572 0.2489 -0.8538
vn 0.5079 0.2732 -0.8170
vn -0.7623 0.4068 -0.5033
vn -0.8230 -0.4876 -0.2913
vn -0.5769 -0.4191 -0.7011
vn 0.5561 0.4886 -0.6723
vn -0.7539 0.6118 -0.2394
vn -0.6019 -0.7905 -0.1135
vn -0.6835 -0.6838 -0.2554
vn 0.5440 0.1051 -0.8325
vn -0.3778 0.7696 -0.5147
vn 0.3250 0.4082 -0.8531
vn 0.4073 0.1530 -0.9004
vn 0.5814 0.5815 -0.5691
vn -0.2125 0.7982 -0.5636
vn -0.0011 0.7996 -0.6006
vn 0.4726 0.6360 -0.6100
vn 0.0495 0.4201 -0.9061
vn 0.2216 0.2808 -0.9338
vn 0.1973 0.3721 -0.9070
vn 0.3997 0.7585 -0.5147
vn 0.4407 0.6089 -0.6596
vn 0.8651 0.0739 -0.4962
vn 0.3239 -0.4388 0.8382
vn -0.2396 -0.9708 -0.0060
vn -0.2416 -0.9565 -0.1633
vn 0.2552 0.4520 -0.8547
vn 0.2391 0.6586 -0.7135
vn 0.1342 0.5684 -0.8117
vn -0.1206 0.8793 -0.4607
vn 0.2961 0.6719 -0.6789
vn 0.3501 0.6903 -0.6332
vn 0.1864 0.4235 -0.8865
vn 0.0621 0.5248 -0.8489
vn -0.2076 0.2970 -0.9320
vn 0.0231 -0.9972 0.0704
vn 0.0325 0.4938 -0.8689
vn 0.7754 0.1234 -0.6193
vn 0.7122 0.4247 -0.5589
vn -0.0084 0.4115 -0.9114
vn 0.0505 -0.9978 0.0426
vn -0.2198 0.8769 -0.4275
vn 0.0360 0.7340 -0.6782
vn 0.5994 0.5567 -0.5752
vn 0.6795 0.6030 -0.4180
vn 0.6913 0.6218 -0.3680
vn -0.2004 0.7329 -0.6501
vn -0.2330 0.7072 -0.6675
vn -0.1490 0.7700 -0.6204
vn 0.0146 -0.9996 0.0249
vn -0.0014 -0.9995 0.0324
vn -0.1173 0.7907 -0.6009
vn 0.4990 0.5078 -0.7022
vn 0.4781 0.2898 -0.8291
vn -0.6949 0.6228 -0.3594
vn -0.3691 0.2586 -0.8927
vn -0.3838 0.3075 -0.8707
vn -0.2163 0.3297 -0.9190
vn 0.1210 0.1692 -0.9781
vn -0.0152 0.8278 -0.5609
vn -0.2678 0.8494 -0.4548
vn 0.0049 0.4383 -0.8988
vn 0.2774 -0.5545 -0.7846
vn 0.2937 0.3454 -0.8913
vn 0.7631 0.0051 -0.6462
vn 0.6520 -0.5937 -0.4717
vn 0.5618 0.2701 -0.7820
vn 0.4335 0.1897 -0.8810
vn -0.0285 0.3511 -0.9359
vn 0.0530 0.4360 -0.8984
vn -0.0423 0.4164 -0.9082
vn -0.5744 -0.8086 -0.1272
vn 0.2238 0.9689 -0.1058
vn -0.1256 0.4412 -0.8886
vn 0.0566 -0.0378 -0.9977
vn 0.5753 0.2918 -0.7641
vn 0.0933 0.7260 -0.6813
vn 0.1431 0.4189 -0.8967
vn 0.7981 -0.0621 0.5993
vn -0.0991 0.6783 -0.7280
vn -0.2040 0.6708 -0.7130
vn -0.2336 0.5283 -0.8163
vn -0.3220 0.5603 -0.7631
vn -0.3114 0.9375 0.1552
vn 0.0085 0.9233 -0.3839
vn 0.1740 -0.1908 -0.9661
vn 0.1467 -0.4095 -0.9004
vn 0.2891 0.2835 -0.9144
vn 0.4747 0.3829 -0.7925
vn 0.1218 0.6826 -0.7205
vn 0.3206 0.1934 -0.9272
vn 0.6187 0.5596 -0.5514
vn -0.1340 0.5204 -0.8433
vn -0.0895 0.7710 -0.6306
vn -0.0452 0.4381 -0.8978
vn -0.0953 0.6419 -0.7608
vn -0.0003 0.6669 -0.7452
vn -0.0229 0.8033 -0.5952
vn 0.0853 0.8838 -0.4600
vn 0.0611 0.4865 -0.8715
vn 0.1058 0.7609 -0.6402
vn -0.0066 0.4650 -0.8853
vn 0.1490 0.8710 -0.4682
vn -0.3755 -0.4084 0.8320
vn -0.3471 -0.3628 0.8648
vn -0.4563 -0.5429 0.7050
vn 0.0646 0.1400 -0.9880
vn 0.1350 0.5527 -0.8224
vn 0.2074 -0.1093 0.9721
vn 0.2249 0.6100 -0.7598
vn 0.2920 0.8103 -0.5080
vn 0.3543 0.0985 -0.9299
vn -0.6324 -0.7746 -0.0099
vn 0.2271 0.2184 -0.9491
vn -0.6109 0.7769 -0.1524
vn -0.6843 0.6259 -0.3742
vn 0.0932 0.6165 -0.7818
vn -0.0224 0.4835 -0.8750
vn 0.5137 0.0946 -0.8528
vn -0.5657 -0.5348 -0.6277
vn -0.5569 -0.3488 -0.7538
vn -0.5327 -0.2013 -0.8220
vn -0.5547 0.4238 -0.7160
vn -0.6297 0.2128 -0.7471
vn -0.4630 0.3554 -0.8120
vn -0.2630 -0.1110 -0.9584
vn -0.3849 -0.2780 -0.8801
vn 0.0832 -0.5833 -0.8080
vn -0.3051 0.0169 -0.9522
vn -0.4123 0.1366 -0.9007
vn 0.4325 -0.2384 -0.8696
vn -0.1516 0.2999 -0.9418
vn -0.2132 0.3817 -0.8994
vn 0.1920 -0.0315 -0.9809
vn 0.0483 0.2560 -0.9655
vn 0.2601 -0.3156 -0.9125
vn -0.1892 -0.4166 -0.8892
vn 0.5215 -0.0186 -0.8530
vn -0.4055 -0.2414 -0.8817
vn -0.4251 -0.2216 -0.8776
vn 0.1110 -0.8824 -0.4573
vn -0.3687 0.1802 -0.9119
vn -0.4791 -0.6655 -0.5723
vn -0.3196 -0.6012 -0.7324
vn -0.3636 -0.7030 -0.6112
vn -0.5019 -0.1010 -0.8590
vn -0.5163 -0.4891 -0.7030
vn 0.1224 -0.3158 -0.9409
vn -0.2457 0.2301 -0.9416
vn -0.2567 0.1828 -0.9491
vn -0.4377 0.1478 -0.8869
vn 0.0670 -0.0203 -0.9975
vn 0.0377 0.2353 -0.9712
vn -0.0931 -0.4927 -0.8652
vn -0.0737 -0.3722 -0.9252
vn -0.0102 -0.9970 -0.0762
vn -0.0257 -0.9979 -0.0594
vn -0.0266 -0.9984 -0.0505
vn -0.2313 0.1448 -0.9620
vn -0.4456 -0.3769 -0.8120
vn -0.2857 0.0032 -0.9583
vn -0.2889 0.2874 -0.9132
vn -0.1232 0.0171 -0.9922
vn -0.4643 0.0003 -0.8857
vn -0.0504 -0.3413 -0.9386
vn -0.4081 -0.5231 -0.7482
vn 0.1184 -0.2188 -0.9686
vn 0.1505 -0.2302 -0.9614
vn -0.2567 -0.1253 -0.9583
vn 0.0685 -0.4270 -0.9017
vn -0.0604 0.3584 -0.9316
vn 0.0617 -0.2799 -0.9581
vn -0.3313 -0.3795 -0.8639
vn 0.0279 -0.3014 -0.9531
vn -0.3569 -0.7216 -0.5933
vn -0.4000 -0.2616 -0.8784
vn -0.2491 -0.2982 -0.9214
vn -0.4021 -0.3154 -0.8596
vn -0.1079 -0.3136 -0.9434
vn 0.0075 -0.9954 0.0954
vn -0.2401 -0.2516 -0.9376
vn -0.0117 -0.1414 -0.9899
vn -0.1793 -0.2841 -0.9419
vn 0.3281 -0.3583 -0.8741
vn 0.2487 0.2541 -0.9346
vn -0.3442 -0.4149 -0.8423
vn 0.6070 -0.1284 -0.7842
vn 0.4781 0.0351 -0.8776
vn -0.1077 0.2372 -0.9655
vn 0.4252 -0.4955 -0.7574
vn -0.8390 -0.0845 -0.5375
vn -0.2614 -0.3635 -0.8942
vn 0.4356 0.0536 -0.8985
vn 0.5233 -0.1659 -0.8359
vn 0.4215 -0.1146 -0.8996
vn 0.4537 -0.1138 -0.8839
vn 0.4070 0.0171 -0.9133
vn 0.3924 0.0934 -0.9151
vn 0.3450 -0.4210 -0.8389
vn 0.3068 -0.0803 -0.9484
vn -0.3719 0.9249 -0.0789
vn 0.2928 -0.1837 -0.9384
vn 0.0936 -0.5771 -0.8113
vn -0.2193 0.2882 -0.9321
vn 0.3043 -0.1642 -0.9383
vn 0.4162 0.0312 -0.9087
vn -0.6399 -0.7467 0.1817
vn 0.3079 -0.3527 -0.8836
vn 0.4174 0.0690 -0.9061
vn -0.5770 -0.8158 0.0385
vn -0.6972 -0.7163 0.0299
vn 0.3158 -0.3860 -0.8668
vn 0.2374 -0.2196 -0.9463
vn 0.4544 -0.0005 -0.8908
vn 0.2039 -0.2055 -0.9572
vn 0.3036 -0.0984 -0.9477
vn 0.4619 0.0736 -0.8839
vn 0.0967 -0.2479 -0.9640
vn 0.0960 -0.4257 -0.8998
vn 0.1864 -0.4564 -0.8700
vn 0.2430 -0.0607 -0.9681
vn 0.2657 -0.2298 -0.9363
vn 0.3707 -0.7266 -0.5784
vn 0.2680 -0.1551 -0.9508
vn 0.1103 -0.1922 -0.9751
vn 0.2891 -0.0966 -0.9524
vn 0.1643 -0.0801 -0.9831
vn 0.2414 -0.1699 -0.9554
vn 0.2676 -0.2582 -0.9283
vn 0.4725 -0.1431 -0.8696
vn 0.3550 0.1036 -0.9291
vn -0.3618 -0.3644 0.8581
vn -0.4282 0.1108 -0.8969
vn 0.2783 0.1244 -0.9524
vn 0.2296 -0.3520 -0.9074
vn 0.2904 -0.2051 -0.9347
vn 0.3611 0.0767 -0.9294
vn 0.1751 -0.1811 -0.9677
vn 0.2339 -0.1080 -0.9662
vn 0.2559 0.0298 -0.9662
vn 0.2127 -0.6340 -0.7435
vn 0.3356 -0.4846 -0.8078
vn -0.3567 -0.2436 -0.9019
vn 0.2950 -0.2291 -0.9276
vn 0.3597 0.1399 -0.9225
vn 0.2114 -0.2357 -0.9486
vn -0.1714 -0.0697 -0.9827
vn -0.7895 -0.2549 -0.5584
vn 0.2114 -0.1758 -0.9615
vn 0.2061 -0.2026 -0.9573
vn 0.2133 -0.3032 -0.9287
vn 0.1238 -0.4542 -0.8823
vn 0.2967 -0.0445 -0.9539
vn 0.1215 -0.7136 -0.6900
vn 0.2220 -0.2669 -0.9378
vn 0.2223 -0.0509 -0.9736
vn 0.1252 -0.1264 -0.9840
vn 0.1173 -0.5146 -0.8494
vn 0.2282 -0.1553 -0.9611
vn 0.4154 0.0347 -0.9090
vn 0.2359 -0.0622 -0.9698
vn 0.1423 -0.0742 -0.9870
vn 0.1541 -0.3067 -0.9392
vn 0.2272 0.0406 -0.9730
vn 0.1162 -0.4444 -0.8883
vn 0.1657 -0.2817 -0.9451
vn 0.2067 -0.1008 -0.9732
vn 0.2243 -0.1756 -0.9586
vn 0.1476 -0.1141 -0.9825
vn 0.0508 -0.7909 -0.6098
vn 0.0061 -0.5130 -0.8584
vn 0.1123 -0.2880 -0.9510
vn 0.1885 -0.1444 -0.9714
vn -0.0319 -0.9719 0.2332
vn 0.0306 -0.7121 -0.7014
vn 0.0831 -0.4351 -0.8966
vn 0.1804 -0.1636 -0.9699
vn 0.2007 -0.2354 -0.9509
vn 0.0329 -0.3800 -0.9244
vn 0.1601 -0.2816 -0.9461
vn 0.1238 -0.0808 -0.9890
vn 0.2554 -0.1710 -0.9516
vn 0.2656 -0.1401 -0.9538
vn 0.1235 -0.0384 -0.9916
vn 0.1228 0.0097 -0.9924
vn -0.1113 -0.4432 -0.8895
vn 0.1042 -0.3214 -0.9412
vn 0.3916 0.8644 -0.3153
vn -0.9297 0.2718 -0.2483
vn 0.2042 -0.1853 -0.9612
vn 0.9204 -0.3577 -0.1582
vn -0.1157 -0.6047 0.7880
vn -0.1299 -0.5765 0.8067
vn -0.0989 -0.5715 0.8146
vn -0.5603 -0.0938 -0.8230
vn 0.1166 -0.0448 -0.9922
vn 0.0008 -0.4043 -0.9146
vn 0.0684 -0.2829 -0.9567
vn -0.0697 -0.2477 0.9663
vn 0.7719 -0.5965 0.2198
vn 0.7246 -0.6519 0.2235
vn 0.0938 -0.0388 -0.9948
vn -0.0444 -0.1043 -0.9936
vn -0.0998 -0.9927 -0.0676
vn -0.5081 -0.0850 -0.8571
vn -0.6493 -0.2040 0.7326
vn -0.1894 -0.4678 -0.8633
vn -0.1683 -0.3750 -0.9116
vn -0.7933 0.1718 -0.5841
vn 0.3520 -0.8333 0.4264
vn -0.0727 -0.1776 -0.9814
vn 0.1946 -0.8552 0.4804
vn 0.3934 -0.9120 0.1164
vn 0.1320 -0.8247 0.5500
vn -0.3438 -0.3933 -0.8527
vn -0.1418 -0.2542 -0.9567
vn -0.0781 0.1181 -0.9899
vn -0.4921 -0.1516 -0.8573
vn -0.5145 -0.5314 -0.6730
vn -0.0869 -0.0404 -0.9954
vn -0.1771 -0.2157 -0.9602
vn -0.4203 -0.3257 -0.8469
vn -0.5277 -0.7249 0.4428
vn -0.4589 -0.8692 0.1841
vn -0.4244 -0.8628 0.2746
vn -0.3458 -0.1952 -0.9178
vn -0.3233 -0.0661 -0.9440
vn -0.2887 0.0986 -0.9523
vn -0.6599 0.2733 -0.6999
vn -0.7506 0.6458 -0.1397
vn -0.1767 0.5694 -0.8028
vn -0.2868 -0.5430 0.7892
vn -0.2431 -0.8606 0.4475
vn -0.3694 -0.1281 -0.9204
vn -0.5213 -0.1505 -0.8400
vn 0.0504 -0.9978 0.0426
vn 0.1056 -0.9918 0.0721
vn -0.0486 -0.9984 0.0274
vn 0.0029 -0.9994 0.0333
vn 0.1373 -0.9402 0.3118
vn 0.0138 -0.9998 0.0157
vn 0.1997 -0.0424 0.9789
vn -0.0646 -0.9979 -0.0015
vn -0.1777 -0.9838 0.0225
vn -0.2910 -0.9488 -0.1228
vn 0.0353 -0.9790 0.2008
vn -0.1564 -0.9462 0.2833
vn 0.1310 -0.9787 -0.1578
vn 0.4603 -0.8802 0.1156
vn -0.6675 -0.7027 0.2462
vn -0.5254 -0.7309 0.4356
vn -0.5964 -0.7118 0.3711
vn -0.2976 -0.9323 0.2057
vn -0.4341 -0.8941 0.1103
vn 0.4046 -0.8743 0.2681
vn -0.0215 -0.9983 0.0544
vn 0.0066 -1.0000 0.0047
vn -0.1234 -0.6234 0.7721
vn -0.5311 -0.8471 -0.0186
vn -0.4789 -0.8307 -0.2840
vn -0.4022 -0.7769 -0.4844
vn -0.4430 -0.7826 -0.4374
vn 0.1400 -0.8406 0.5233
vn 0.0882 -0.9482 0.3052
vn 0.0628 -0.9585 0.2780
vn -0.3892 -0.6902 -0.6100
vn 0.1102 -0.9881 0.1077
vn 0.2271 -0.9688 0.0991
vn 0.0631 -0.9962 0.0604
vn -0.0252 -0.9993 0.0278
vn -0.2620 -0.2305 0.9371
vn -0.5997 -0.7276 0.3331
vn -0.4412 -0.8885 0.1265
vn 0.1834 -0.9828 -0.0214
vn 0.0786 -0.9969 0.0066
vn 0.0020 -0.9993 -0.0378
vn 0.0311 -0.9993 -0.0223
vn -0.9415 -0.1169 -0.3160
vn -0.0198 -0.8084 0.5884
vn -0.0998 -0.9803 0.1701
vn 0.3043 -0.0621 0.9506
vn -0.5990 -0.7000 0.3888
vn -0.5916 -0.7689 0.2425
vn -0.6370 -0.6667 0.3870
vn -0.4907 -0.8602 0.1388
vn -0.4837 -0.8705 -0.0911
vn -0.5914 -0.7892 0.1655
vn -0.4666 -0.8812 0.0760
vn 0.0211 -0.9998 0.0027
vn 0.0518 -0.9984 -0.0220
vn 0.3236 -0.8757 0.3583
vn 0.1610 -0.8538 0.4951
vn 0.0567 -0.9984 0.0022
vn 0.1100 -0.8914 0.4397
vn -0.1362 -0.9877 0.0768
vn -0.0493 -0.9987 -0.0137
vn 0.3898 -0.9208 -0.0113
vn -0.6247 -0.7809 0.0034
vn 0.2608 -0.9515 -0.1630
vn 0.1732 -0.9785 0.1121
vn -0.6015 -0.6806 0.4183
vn 0.3352 -0.9148 0.2252
vn -0.3808 -0.7483 0.5431
vn -0.6510 -0.7375 -0.1796
vn -0.9547 -0.2618 -0.1413
vn -0.6980 -0.7147 0.0458
vn -0.6630 -0.7037 -0.2554
vn -0.6186 -0.7788 0.1042
vn -0.3836 -0.9130 -0.1393
vn 0.0685 -0.9976 -0.0137
vn 0.1478 -0.9874 -0.0567
vn -0.4728 -0.8811 -0.0072
vn -0.0568 -0.9924 0.1090
vn -0.4868 -0.7998 0.3512
vn -0.3884 -0.6801 0.6218
vn -0.0842 -0.9676 0.2380
vn -0.4070 -0.8167 0.4092
vn -0.4482 -0.6904 0.5679
vn -0.6882 -0.5598 0.4615
vn -0.0272 -0.9987 -0.0435
vn -0.1417 -0.5909 0.7942
vn -0.3131 -0.9410 0.1284
vn 0.0190 -0.9961 0.0859
vn -0.0325 -0.7952 0.6055
vn -0.4709 -0.7330 0.4910
vn 0.2940 -0.9412 0.1663
vn 0.0040 -0.9944 0.1055
vn -0.3002 -0.8366 0.4583
vn -0.3860 -0.7907 0.4751
vn -0.2881 -0.9534 0.0898
vn -0.2606 -0.8382 0.4791
vn -0.3004 -0.6512 0.6969
vn -0.3637 -0.9038 0.2256
vn -0.4773 -0.7282 0.4918
vn -0.1151 -0.6426 0.7575
vn -0.4876 -0.7016 0.5196
vn -0.5912 -0.6627 0.4596
vn -0.1302 -0.9341 0.3325
vn 0.2654 -0.9283 0.2603
vn 0.4652 -0.8728 -0.1477
vn 0.0314 -0.9970 0.0706
vn -0.6736 -0.7189 0.1715
vn -0.1499 -0.9606 0.2339
vn -0.5145 -0.8197 -0.2518
vn 0.0744 -0.9956 0.0573
vn -0.5752 -0.6170 0.5371
vn -0.7058 -0.6287 0.3264
vn -0.5829 -0.8069 -0.0955
vn -0.6879 -0.7258 0.0066
vn -0.6627 -0.7452 0.0738
vn -0.8345 -0.1454 0.5315
vn -0.0826 -0.8630 0.4983
vn -0.4776 -0.8773 -0.0475
vn 0.2346 -0.9698 -0.0665
vn -0.3351 -0.8401 0.4265
vn -0.6488 -0.7522 0.1150
vn -0.5597 -0.7576 0.3358
vn -0.5839 -0.7339 0.3472
vn -0.2653 -0.9618 0.0672
vn 0.1628 -0.9199 0.3568
vn -0.8253 -0.5595 -0.0767
vn -0.3410 -0.9193 -0.1964
vn -0.4477 -0.8922 -0.0600
vn -0.5463 -0.7935 0.2682
vn -0.6136 -0.6137 0.4968
vn -0.4469 -0.8615 -0.2409
vn -0.1855 -0.9822 -0.0280
vn -0.2971 -0.9529 -0.0601
vn -0.6814 -0.5877 -0.4362
vn -0.4748 -0.8730 0.1117
vn 0.8559 -0.0750 -0.5117
vn -0.5301 -0.3488 0.7729
vn -0.8166 -0.1906 0.5448
vn -0.3386 -0.9358 -0.0978
vn -0.3176 -0.9481 0.0145
vn -0.3615 -0.9042 0.2275
vn -0.4588 -0.7494 0.4773
vn -0.0357 -0.9993 0.0147
vn -0.3807 -0.8565 0.3485
vn -0.4758 -0.6689 0.5712
vn -0.4947 -0.5329 0.6865
vn -0.9170 0.3820 0.1147
vn -0.1346 -0.9873 0.0848
vn -0.4230 -0.8037 0.4186
vn 0.2347 -0.9717 -0.0265
vn -0.6423 0.7016 0.3084
vn 0.0038 -0.9996 0.0279
vn -0.0581 -0.9881 -0.1424
vn -0.0279 -0.9972 -0.0691
vn -0.0035 -1.0000 -0.0062
vn -0.2725 -0.9435 0.1887
vn -0.3459 -0.6695 0.6574
vn -0.2343 -0.9650 0.1177
vn -0.2248 -0.9742 0.0181
vn -0.2628 -0.9129 0.3122
vn -0.2969 -0.8642 0.4061
vn -0.3178 -0.7920 0.5212
vn -0.0234 -0.9978 -0.0624
vn 0.0099 -0.9999 -0.0023
vn -0.0417 -0.9987 0.0291
vn -0.2323 -0.7500 0.6193
vn -0.2364 -0.6291 0.7405
vn -0.1450 -0.9744 -0.1720
vn -0.0332 -0.9974 -0.0645
vn -0.4125 -0.9108 -0.0153
vn -0.6253 -0.7799 -0.0277
vn -0.9443 -0.1499 -0.2928
vn -0.6890 -0.6612 -0.2969
vn -0.6884 -0.6686 -0.2811
vn -0.6875 -0.6768 -0.2631
vn -0.6866 -0.6833 -0.2485
vn -0.1757 -0.9702 -0.1671
vn -0.2613 -0.9649 -0.0270
vn -0.0196 -0.9917 -0.1269
vn -0.0201 -0.9997 -0.0165
vn -0.1008 -0.9922 -0.0728
vn -0.0228 -0.9990 -0.0384
vn 0.0386 -0.9992 0.0096
vn 0.0611 -0.9978 -0.0261
vn -0.0805 -0.9966 0.0179
vn 0.0278 -0.9995 -0.0178
vn -0.0454 -0.9972 0.0593
vn -0.1425 -0.9827 0.1187
vn -0.0169 -0.9990 0.0421
vn -0.0896 -0.6427 0.7609
vn 0.1081 -0.9342 -0.3401
vn 0.0825 -0.9962 0.0266
vn 0.1558 -0.9868 0.0433
vn -0.1327 -0.9901 0.0468
vn -0.3896 -0.9208 -0.0185
vn 0.0002 -0.9984 0.0565
vn 0.4052 -0.9067 0.1173
vn -0.0057 -0.9995 0.0298
vn -0.5327 -0.7167 0.4502
vn 0.0649 -0.6367 0.7683
vn 0.2337 -0.5413 0.8077
vn -0.0377 -0.6763 0.7357
vn -0.0629 -0.9915 0.1138
vn 0.0136 -0.9989 0.0457
vn 0.0418 -0.9985 -0.0367
vn -0.5119 -0.7250 0.4608
vn 0.5421 -0.7382 0.4016
vn 0.5966 -0.7702 0.2255
vn 0.2949 -0.8225 0.4864
vn 0.7782 -0.6101 0.1486
vn 0.8299 -0.5578 0.0064
vn -0.5577 -0.7101 0.4298
vn -0.1905 -0.5713 0.7983
vn 0.1894 -0.7340 0.6522
vn 0.3700 -0.7995 0.4732
vn 0.3894 -0.9049 0.1720
vn -0.0872 -0.9370 0.3382
vn -0.3623 -0.9240 -0.1227
vn 0.0267 -0.9797 0.1988
vn 0.0111 -0.6961 0.7179
vn -0.4027 -0.7106 0.5770
vn -0.0191 -0.9958 0.0896
vn 0.0159 -0.9996 0.0237
vn -0.0242 -0.6633 0.7480
vn 0.0927 -0.9892 0.1138
vn 0.0709 -0.9973 -0.0201
vn 0.0583 -0.8894 0.4533
vn -0.0391 -0.9972 0.0633
vn -0.3494 -0.6847 0.6396
vn -0.9217 -0.3081 0.2356
vn -0.5500 -0.7320 0.4021
vn -0.5456 -0.7680 0.3355
vn -0.3354 -0.9255 0.1758
vn -0.3126 -0.9299 0.1939
s 1
f 1069//1 1647//2 1578//3
f 1058//4 909//5 939//6
f 421//7 1176//8 238//9
f 1055//10 1101//11 1042//12
f 238//9 1059//13 1126//14
f 1254//15 30//16 1261//17
f 1065//18 1071//19 1//20
f 1037//21 1130//22 1120//23
f 1570//24 2381//25 1585//26
f 2434//27 2502//28 2473//29
f 1632//30 1654//31 1646//32
f 1144//33 1166//34 669//35
f 1202//36 1440//37 305//38
f 1071//19 1090//39 1//20
f 1555//40 1570//24 1584//41
f 1184//42 1174//43 404//44
f 65//45 432//46 12//47
f 1032//48 1085//49 574//50
f 1789//51 2207//51 2223//51
f 1154//52 1118//53 1184//42
f 1141//54 1086//55 1154//52
f 99//56 1117//57 342//58
f 404//44 1174//43 419//59
f 489//60 2000//61 1998//62
f 1118//53 1174//43 1184//42
f 1196//63 403//64 136//65
f 1495//66 717//67 1490//68
f 1804//69 402//70 1207//71
f 2272//72 1398//73 891//74
f 1100//75 1002//76 804//77
f 1596//78 1595//79 2381//25
f 208//80 420//81 1207//71
f 402//70 208//80 1207//71
f 1455//82 1935//83 1925//84
f 1176//8 1059//13 238//9
f 1150//85 1040//86 348//87
f 1957//88 1537//89 2051//90
f 1124//91 1189//92 939//6
f 1804//69 1207//71 1823//93
f 1381//94 1300//95 1109//96
f 383//97 384//98 1182//99
f 1085//49 1086//55 1141//54
f 1040//86 1046//100 132//101
f 220//102 1495//66 1188//103
f 420//81 261//104 1207//71
f 261//104 420//81 1065//18
f 1055//10 1133//105 1101//11
f 1054//106 421//7 403//64
f 182//107 1109//96 2//108
f 1181//109 1207//71 320//110
f 545//111 1570//24 1561//112
f 35//113 342//114 432//46
f 1024//115 574//50 1141//54
f 432//46 342//114 12//47
f 1489//116 1081//117 1547//118
f 1181//109 320//110 1805//119
f 1516//120 1683//121 1507//122
f 357//123 1117//57 1047//124
f 1561//112 1570//24 1555//40
f 1090//39 1196//63 1206//125
f 1047//124 1203//126 1051//127
f 1165//128 202//129 1121//130
f 1099//131 341//132 301//133
f 1174//43 240//134 419//59
f 922//135 921//136 833//137
f 1121//130 1080//138 385//139
f 815//140 21//141 1183//142
f 35//113 99//56 342//114
f 1083//143 398//144 262//145
f 106//146 94//147 1317//148
f 94//147 292//149 1317//148
f 292//149 95//150 1317//148
f 940//151 1039//152 1033//153
f 1300//95 1306//154 433//155
f 21//141 212//156 471//157
f 1120//23 1131//158 1037//21
f 833//137 921//136 688//159
f 1117//57 357//123 342//114
f 106//146 271//160 94//147
f 386//161 227//162 1375//163
f 1130//22 1044//164 1053//165
f 419//59 240//134 219//166
f 1255//167 1244//168 32//169
f 1557//170 1081//117 1489//116
f 2062//171 2120//172 2109//173
f 2034//174 2110//175 430//176
f 23//177 315//178 1111//179
f 291//180 94//147 271//160
f 291//180 292//149 94//147
f 50//181 386//161 95//150
f 964//182 734//183 665//184
f 1616//185 1585//26 1611//186
f 445//187 1084//188 402//70
f 574//50 1085//49 1141//54
f 1654//31 341//132 1653//189
f 220//102 1188//103 1640//190
f 342//114 69//191 12//47
f 417//192 261//104 328//193
f 292//149 50//181 95//150
f 204//194 227//162 386//161
f 50//181 204//194 386//161
f 1276//195 1471//196 1311//197
f 1206//125 1196//63 136//65
f 1033//153 1055//10 1042//12
f 1037//21 1044//164 1130//22
f 1180//198 320//110 417//192
f 1121//130 202//129 1080//138
f 325//199 203//200 271//160
f 291//180 76//201 292//149
f 292//149 237//202 50//181
f 2159//203 1696//204 1767//205
f 583//206 929//207 850//208
f 1584//41 1585//26 1616//185
f 1495//66 1490//68 1188//103
f 1557//170 1489//116 1660//209
f 1078//210 1069//1 1494//211
f 1972//212 1992//213 1971//214
f 183//215 1226//216 2000//61
f 325//199 429//217 203//200
f 292//149 76//201 237//202
f 1152//218 227//162 1143//219
f 1488//220 1412//221 1489//116
f 1638//222 1646//32 1653//189
f 1947//223 1869//224 2468//225
f 203//200 306//226 291//180
f 306//226 76//201 291//180
f 237//202 248//227 50//181
f 204//194 1143//219 227//162
f 2395//228 14//229 429//217
f 1502//230 881//231 2500//232
f 1//20 1090//39 202//129
f 1652//233 1653//189 1099//131
f 2117//234 1863//235 2496//236
f 50//181 248//227 204//194
f 160//237 792//238 994//239
f 884//240 888//241 857//242
f 544//243 2117//234 2496//236
f 1090//39 1206//125 202//129
f 2463//244 879//245 2492//246
f 429//217 306//226 203//200
f 498//247 188//248 418//249
f 865//250 884//240 857//242
f 994//239 998//251 1014//252
f 884//240 897//253 888//241
f 1795//254 948//255 1802//256
f 208//80 1035//257 1071//19
f 1065//18 1//20 1066//258
f 377//259 435//260 1377//261
f 304//262 429//217 14//229
f 304//262 306//226 429//217
f 73//263 60//264 74//265
f 248//227 592//266 204//194
f 846//267 2264//268 829//269
f 897//253 912//270 906//271
f 1004//272 991//273 992//274
f 1422//275 1421//276 1233//277
f 980//278 10//279 303//280
f 1058//281 922//135 909//282
f 2436//283 2449//284 2418//285
f 394//286 435//260 377//259
f 435//260 475//287 446//288
f 475//287 474//289 446//288
f 336//290 337//291 361//292
f 338//293 235//294 372//295
f 624//296 148//297 129//298
f 812//299 306//226 596//300
f 1726//301 992//274 1019//302
f 945//303 1514//304 1511//305
f 1069//1 1627//306 1628//307
f 1812//308 1823//93 1181//109
f 1165//128 1121//130 169//309
f 447//310 475//287 435//260
f 2487//311 2458//312 901//313
f 42//314 59//315 46//316
f 401//317 7//318 187//319
f 1010//320 970//321 797//322
f 1513//323 220//102 1640//190
f 2474//324 2491//325 2462//326
f 594//327 307//328 1014//252
f 398//144 1513//323 1640//190
f 307//328 594//327 1026//329
f 545//111 2381//25 1570//24
f 403//64 421//7 238//9
f 445//187 402//70 127//330
f 1611//186 1631//331 1616//185
f 1805//119 1180//198 1148//332
f 394//286 447//310 435//260
f 2341//333 2413//334 2376//335
f 75//336 74//265 60//264
f 541//337 47//338 42//314
f 47//338 59//315 42//314
f 541//339 42//340 28//341
f 917//342 931//343 1103//344
f 897//253 906//271 883//345
f 2484//346 2068//347 779//348
f 888//241 883//345 857//242
f 261//104 1065//18 328//193
f 363//349 1307//350 349//351
f 377//259 363//349 394//286
f 444//352 747//353 464//354
f 323//355 338//293 362//356
f 92//357 116//358 74//265
f 592//266 634//359 97//360
f 982//361 1027//362 1004//272
f 1020//363 982//361 1004//272
f 1084//188 1054//106 1035//257
f 208//80 402//70 1084//188
f 421//7 1119//364 1176//8
f 1207//71 1181//109 1823//93
f 1179//365 1187//366 1160//367
f 263//368 296//369 1343//370
f 1298//371 296//369 1307//350
f 1307//350 296//369 349//351
f 405//372 363//349 349//351
f 405//372 394//286 363//349
f 405//372 447//310 394//286
f 362//356 372//295 384//98
f 338//293 372//295 362//356
f 983//373 1004//272 987//374
f 122//375 134//376 139//377
f 415//378 440//379 414//380
f 75//336 92//357 74//265
f 226//381 186//382 246//383
f 796//384 787//385 700//386
f 1119//364 1059//13 1176//8
f 122//375 114//387 91//388
f 624//296 129//298 116//358
f 641//389 558//390 631//391
f 1311//197 1318//392 1487//393
f 100//394 1162//395 1170//396
f 1653//189 341//132 1099//131
f 1316//397 1983//398 273//399
f 263//368 277//400 296//369
f 296//369 358//401 349//351
f 436//402 447//310 405//372
f 109//403 554//404 570//405
f 504//406 1385//407 2501//408
f 115//409 122//375 91//388
f 2068//347 2460//410 779//348
f 43//411 777//412 163//413
f 378//414 405//372 349//351
f 358//401 378//414 349//351
f 448//415 447//310 436//402
f 448//415 476//416 447//310
f 78//417 77//418 108//419
f 75//336 60//264 47//338
f 1764//420 2481//421 1795//254
f 717//67 714//422 1512//423
f 1490//68 717//67 1501//424
f 238//9 1126//14 168//425
f 1878//426 1866//427 826//428
f 2025//429 2360//430 2367//431
f 251//432 278//433 263//368
f 278//433 277//400 263//368
f 277//400 318//434 296//369
f 296//369 318//434 358//401
f 318//434 350//435 358//401
f 378//414 436//402 405//372
f 384//98 372//295 1182//99
f 454//436 440//379 415//378
f 987//374 1004//272 992//274
f 493//437 476//416 448//415
f 323//355 788//438 338//293
f 403//64 238//9 136//65
f 1565//439 1503//440 1474//441
f 297//442 277//400 278//433
f 297//442 318//434 277//400
f 358//401 350//435 378//414
f 378//414 388//443 436//402
f 476//416 493//437 500//444
f 73//445 105//446 60//447
f 323//355 337//291 312//448
f 953//449 1573//449 2358//449
f 142//450 161//451 119//452
f 454//436 443//453 440//379
f 1862//454 1871//455 1405//456
f 297//442 319//457 318//434
f 560//458 47//338 541//337
f 170//459 1323//460 111//461
f 357//123 1047//124 1050//462
f 1119//364 98//463 1059//13
f 1838//464 1877//465 1900//466
f 2359//467 230//468 251//432
f 350//435 364//469 378//414
f 449//470 448//415 436//402
f 449//470 493//437 448//415
f 185//471 186//382 226//381
f 443//472 469//473 479//474
f 874//475 165//476 2480//477
f 463//478 444//352 464//354
f 64//479 105//446 91//388
f 1182//99 440//379 1129//480
f 1958//481 1651//482 2502//28
f 1238//483 2034//174 191//484
f 251//432 279//485 278//433
f 278//433 279//485 297//442
f 364//469 388//443 378//414
f 483//486 493//437 449//470
f 134//376 148//297 139//377
f 244//487 268//488 259//489
f 910//490 942//491 930//492
f 105//446 115//409 91//388
f 24//493 30//16 18//494
f 1132//495 487//496 1059//13
f 1869//224 1947//223 2021//497
f 2497//498 2494//499 2463//244
f 2359//467 2385//500 230//468
f 230//468 280//501 251//432
f 251//432 280//501 279//485
f 279//485 308//502 297//442
f 297//442 308//502 319//457
f 319//457 364//469 318//434
f 364//469 350//435 318//434
f 388//443 395//503 436//402
f 436//402 395//503 449//470
f 493//437 472//504 500//444
f 122//375 129//298 134//376
f 125//505 142//450 124//506
f 373//507 400//508 393//509
f 24//493 557//510 30//16
f 2264//268 2278//511 2251//512
f 1261//17 30//16 1269//513
f 1730//514 1862//454 1877//465
f 252//515 280//501 230//468
f 343//516 364//469 319//457
f 364//469 343//516 388//443
f 63//517 64//479 91//388
f 399//518 393//509 416//519
f 416//519 444//352 463//478
f 162//520 189//521 142//450
f 768//522 373//507 326//523
f 189//521 661//524 177//525
f 189//521 199//526 661//524
f 847//527 887//528 864//529
f 533//530 747//353 444//352
f 1744//531 1022//532 1418//533
f 1170//396 524//534 729//535
f 121//536 1342//537 128//538
f 1236//539 1244//168 26//540
f 280//501 281//541 279//485
f 281//541 308//502 279//485
f 343//516 319//457 308//502
f 343//516 365//542 388//443
f 388//443 365//542 395//503
f 365//542 406//543 395//503
f 406//543 449//470 395//503
f 483//486 477//544 493//437
f 477//544 491//545 472//504
f 493//437 477//544 472//504
f 78//417 109//403 77//418
f 166//546 174//547 196//548
f 481//549 150//550 814//551
f 63//517 59//315 64//479
f 326//523 373//507 393//509
f 643//552 260//553 43//411
f 230//468 253//554 252//515
f 449//470 441//555 483//486
f 441//555 477//544 483//486
f 415//378 416//519 463//478
f 226//381 246//383 245//556
f 464//354 470//557 454//436
f 323//355 362//356 337//291
f 52//558 37//559 1283//560
f 253//554 281//541 252//515
f 281//541 280//501 252//515
f 309//561 308//502 281//541
f 330//562 343//516 308//502
f 366//563 365//542 343//516
f 441//555 449//470 406//543
f 464//354 814//551 15//564
f 883//345 906//271 887//528
f 337//291 362//356 371//565
f 479//474 498//247 290//566
f 247//567 746//568 1003//569
f 25//570 37//559 557//510
f 640//571 930//492 669//35
f 2486//572 2499//573 2459//574
f 309//561 330//562 308//502
f 343//516 330//562 366//563
f 441//555 437//575 477//544
f 290//566 498//247 418//249
f 124//506 119//452 108//419
f 77//418 124//506 108//419
f 589//576 125//505 109//403
f 570//405 589//576 109//403
f 125//505 162//520 142//450
f 1045//577 433//155 1034//578
f 1207//71 261//104 320//110
f 2004//579 2474//324 2495//580
f 1215//581 1228//581 2285//581
f 365//542 396//582 406//543
f 396//582 422//583 406//543
f 422//583 437//575 441//555
f 406//543 422//583 441//555
f 59//315 47//338 60//264
f 51//584 78//417 66//585
f 361//292 371//565 383//97
f 196//548 215//586 214//587
f 463//478 454//436 415//378
f 27//588 41//589 535//590
f 53//591 1283//560 37//559
f 84//592 1299//593 1283//594
f 1805//119 320//110 1180//198
f 254//595 253//554 222//596
f 254//595 281//541 253//554
f 309//561 366//563 330//562
f 396//582 365//542 366//563
f 456//597 477//544 437//575
f 484//598 491//545 477//544
f 2480//599 2485//600 2493//601
f 418//249 188//248 187//319
f 53//591 85//602 1283//560
f 85//602 84//592 1283//560
f 420//81 1071//19 1065//18
f 264//603 281//541 254//595
f 298//604 309//561 281//541
f 368//605 366//563 367//606
f 368//605 396//582 366//563
f 1639//607 1564//608 1139//609
f 560//458 48//610 47//338
f 82//611 471//157 212//156
f 25//570 38//612 37//559
f 202//129 1206//125 1080//138
f 264//603 298//604 281//541
f 298//604 331//613 309//561
f 309//561 331//613 366//563
f 331//613 367//606 366//563
f 396//582 368//605 422//583
f 422//583 456//597 437//575
f 491//545 1192//614 313//615
f 1699//616 2064//617 1710//618
f 462//619 443//472 479//474
f 371//565 362//356 384//98
f 2502//28 2476//620 2464//621
f 371//565 384//98 383//97
f 21//141 732//622 212//156
f 1571//623 1629//624 1627//306
f 38//612 39//625 53//591
f 37//559 38//612 53//591
f 39//625 85//602 53//591
f 1173//626 1184//42 404//44
f 1006//627 2142//628 1674//629
f 201//630 255//631 254//595
f 255//631 264//603 254//595
f 368//605 407//632 422//583
f 450//633 456//597 422//583
f 450//633 484//598 456//597
f 456//597 484//598 477//544
f 314//634 1192//635 491//545
f 2027//636 2501//408 2489//637
f 2475//638 2471//639 2488//640
f 551//641 492//642 732//622
f 464//354 481//549 814//551
f 1081//117 1494//211 1547//118
f 201//630 231//643 255//631
f 407//632 450//633 422//583
f 484//598 494//644 491//545
f 494//644 327//645 491//545
f 327//645 314//634 491//545
f 876//646 797//322 995//647
f 847//527 856//648 829//269
f 125//505 143//649 162//520
f 134//376 129//298 148//297
f 1564//608 1571//623 1627//306
f 417//192 320//110 261//104
f 328//193 1065//18 1066//258
f 170//459 156//650 201//630
f 156//650 231//643 201//630
f 231//643 282//651 255//631
f 282//651 264//603 255//631
f 450//633 485//652 484//598
f 484//598 485//652 494//644
f 2463//244 2486//572 2479//653
f 159//654 185//471 167//655
f 492//642 68//656 212//156
f 732//622 492//642 212//156
f 68//656 82//611 212//156
f 1311//197 1471//196 1296//657
f 101//658 156//650 111//461
f 332//659 264//603 282//651
f 332//659 298//604 264//603
f 332//659 331//613 298//604
f 331//613 332//659 367//606
f 407//632 423//660 450//633
f 450//633 423//660 485//652
f 804//77 1002//76 1443//661
f 2484//346 779//348 946//662
f 689//663 443//472 462//619
f 440//379 689//664 1129//480
f 166//546 167//655 174//547
f 38//612 31//665 39//625
f 112//666 145//667 101//658
f 101//658 145//667 156//650
f 156//650 256//668 231//643
f 332//659 423//660 368//605
f 367//606 332//659 368//605
f 368//605 423//660 407//632
f 946//662 779//348 920//669
f 1432//670 1261//17 1449//671
f 461//672 478//673 453//674
f 464//354 15//564 470//557
f 31//665 54//675 39//625
f 39//625 54//675 85//602
f 86//676 101//658 85//602
f 145//667 210//677 156//650
f 282//651 283//678 332//679
f 283//678 369//680 332//679
f 369//680 423//660 332//679
f 423//660 408//681 485//652
f 854//682 876//683 965//684
f 78//417 108//419 66//585
f 440//379 443//453 689//664
f 374//685 2465//686 961//687
f 929//207 519//688 979//689
f 54//675 86//676 85//602
f 156//650 241//690 256//668
f 256//668 282//651 231//643
f 256//668 283//678 282//651
f 389//691 423//660 369//680
f 389//691 408//681 423//660
f 408//681 457//692 485//652
f 457//692 49//693 485//652
f 485//652 49//693 494//644
f 494//644 135//694 327//645
f 175//695 83//696 314//634
f 1167//697 1140//698 1483//699
f 196//548 174//547 215//586
f 697//700 16//701 68//656
f 1038//702 82//611 16//703
f 140//704 117//705 141//706
f 1654//31 1653//189 1646//32
f 1234//707 54//675 31//665
f 86//676 112//666 101//658
f 210//677 241//690 156//650
f 923//708 917//342 911//709
f 697//700 34//710 16//701
f 145//667 193//711 210//677
f 256//668 265//712 283//678
f 265//712 310//713 283//678
f 283//678 310//713 369//680
f 310//713 344//714 369//680
f 344//714 370//715 369//680
f 370//715 389//691 369//680
f 409//716 408//681 389//691
f 409//716 466//717 408//681
f 466//717 457//692 408//681
f 466//717 49//693 457//692
f 49//693 135//694 494//644
f 174//547 225//718 215//586
f 1014//252 766//719 602//720
f 826//428 2220//721 2215//722
f 1078//210 1494//211 1081//117
f 1273//723 70//724 86//676
f 120//725 112//666 86//676
f 146//726 145//667 112//666
f 146//726 193//711 145//667
f 265//712 256//668 241//690
f 223//727 265//712 241//690
f 486//728 49//693 466//717
f 175//695 327//645 135//694
f 105//446 122//375 115//409
f 480//729 15//564 681//730
f 225//718 234//731 215//586
f 731//732 34//733 697//700
f 86//676 54//675 1273//723
f 70//724 120//725 86//676
f 193//711 241//690 210//677
f 299//734 310//713 265//712
f 310//713 333//735 344//714
f 344//714 351//736 370//715
f 424//737 466//717 409//716
f 135//694 49//693 175//695
f 214//587 215//586 234//731
f 48//610 75//336 47//338
f 34//738 9//739 1038//702
f 16//701 34//710 1038//740
f 203//200 291//180 271//160
f 9//741 558//390 754//742
f 1195//743 397//744 1120//23
f 120//725 146//726 112//666
f 146//726 194//745 193//711
f 266//746 265//712 223//727
f 266//746 299//734 265//712
f 299//734 333//735 310//713
f 333//747 351//736 344//714
f 382//748 383//97 392//749
f 399//518 416//519 415//378
f 266//746 333//735 299//734
f 351//736 352//750 370//715
f 424//737 486//728 466//717
f 487//496 175//695 49//693
f 7//318 117//705 187//319
f 1182//99 414//380 440//379
f 41//589 42//340 46//751
f 290//566 289//752 497//753
f 2502//28 2464//621 2473//29
f 372//295 399//518 414//380
f 1570//24 1585//26 1584//41
f 1066//258 1//20 1165//128
f 1//20 202//129 1165//128
f 120//725 70//724 102//754
f 157//755 146//726 120//725
f 194//745 223//727 193//711
f 223//727 241//690 193//711
f 352//750 379//756 370//715
f 370//715 379//756 389//691
f 410//757 409//716 389//691
f 2478//758 1409//759 1958//760
f 806//761 945//303 1002//76
f 157//755 194//745 146//726
f 267//762 266//746 223//727
f 267//762 333//747 266//746
f 379//756 410//757 389//691
f 410//757 438//763 409//716
f 438//763 424//737 409//716
f 190//764 205//765 143//649
f 337//291 371//565 361//292
f 2215//722 830//766 826//428
f 1631//331 1646//32 1638//222
f 102//754 157//755 120//725
f 157//755 195//767 194//745
f 195//767 223//727 194//745
f 195//767 211//768 223//727
f 223//727 211//768 267//762
f 267//762 300//769 333//747
f 300//769 334//770 351//736
f 333//747 300//769 351//736
f 351//736 334//770 352//750
f 410//757 411//771 438//763
f 438//763 486//728 424//737
f 487//496 49//693 486//728
f 875//772 594//327 989//773
f 108//774 581//775 66//776
f 225//718 245//556 244//487
f 312//448 336//290 335//777
f 151//778 754//742 107//779
f 274//780 1386//781 300//782
f 352//750 334//770 379//756
f 923//708 1729//783 1096//784
f 244//487 245//556 268//488
f 463//478 464//354 454//436
f 414//380 399//518 415//378
f 15//564 480//729 470//557
f 1647//2 1069//1 1078//210
f 909//282 922//135 833//137
f 387//785 417//192 328//193
f 133//786 157//755 102//754
f 1314//787 133//786 102//754
f 133//786 195//767 157//755
f 1148//332 1179//365 1160//367
f 1046//100 1167//697 182//107
f 379//756 411//771 410//757
f 792//238 339//788 229//789
f 391//790 7//318 668//791
f 185//471 226//381 174//547
f 461//672 290//566 497//753
f 2027//636 504//406 2501//408
f 1196//63 1054//106 403//64
f 728//792 1019//302 752//793
f 2459//574 2483//794 2461//795
f 1291//796 1264//797 55//798
f 133//799 1356//800 195//767
f 195//767 1356//800 211//768
f 412//801 438//763 411//771
f 4//802 486//728 438//763
f 458//803 4//802 438//763
f 4//802 487//496 486//728
f 1720//804 1572//805 1771//806
f 245//556 275//807 268//488
f 1869//224 2021//497 2059//808
f 235//294 399//518 372//295
f 64//479 60//264 105//446
f 836//809 2492//246 879//245
f 1315//810 133//799 1314//811
f 1331//812 1382//813 1356//800
f 1310//814 926//815 1128//816
f 7//318 1121//130 117//705
f 119//817 161//818 611//819
f 380//820 379//756 334//770
f 379//756 380//820 411//771
f 467//821 4//802 458//803
f 495//822 487//496 4//802
f 495//822 1126//14 487//496
f 416//519 400//508 533//530
f 479//474 469//473 498//247
f 74//265 116//358 73//263
f 478//673 461//672 497//753
f 393//509 400//508 416//519
f 61//823 1291//796 55//798
f 505//824 1999//825 2474//324
f 1999//825 2491//325 2474//324
f 199//526 189//521 36//826
f 1164//827 1165//128 169//309
f 1179//365 387//785 249//828
f 390//829 411//771 380//820
f 411//771 390//829 412//801
f 458//803 438//763 412//801
f 495//822 168//425 1126//14
f 480//729 469//473 470//557
f 116//830 122//375 105//446
f 418//249 187//319 140//704
f 185//471 174//547 167//655
f 166//546 148//297 167//655
f 470//557 469//473 443//472
f 40//831 55//798 32//169
f 61//823 71//832 1291//796
f 71//832 103//833 1291//796
f 1184//42 1173//626 1154//52
f 634//359 514//834 97//360
f 425//835 458//803 412//801
f 917//342 923//708 931//343
f 2472//836 2489//637 853//837
f 754//742 641//389 567//838
f 44//839 567//838 1163//840
f 454//436 470//557 443//453
f 40//831 32//169 1249//841
f 33//842 40//831 1249//841
f 56//843 55//798 40//831
f 56//843 61//823 55//798
f 451//844 1265//845 439//846
f 1180//198 417//192 1179//365
f 1099//131 301//133 1077//847
f 1189//92 1058//4 939//6
f 1059//13 221//848 1132//495
f 598//849 1074//850 1075//851
f 412//801 426//852 425//835
f 650//853 186//382 185//471
f 234//731 244//487 259//489
f 226//381 245//556 225//718
f 1033//153 1042//12 1030//854
f 2492//246 836//809 247//567
f 7//318 169//309 1121//130
f 1462//855 1322//856 1482//857
f 425//835 467//821 458//803
f 496//858 4//802 467//821
f 1751//859 2468//225 2480//860
f 290//566 418//249 140//704
f 326//523 789//861 762//862
f 142//450 177//525 161//451
f 165//863 1751//859 2480//860
f 87//864 103//833 71//832
f 103//865 87//866 104//867
f 1180//198 1179//365 1148//332
f 417//192 387//785 1179//365
f 2081//868 2060//869 2031//870
f 1154//52 1173//626 1141//54
f 181//871 131//872 197//873
f 442//874 425//835 426//852
f 614//875 144//876 143//649
f 876//646 1010//320 797//322
f 40//831 45//877 56//843
f 56//843 45//877 61//823
f 87//864 71//832 61//823
f 1563//878 1437//879 1590//880
f 1121//130 385//139 117//705
f 1148//332 1160//367 1137//881
f 1449//671 1459//882 1439//883
f 1028//884 2462//326 929//207
f 442//874 459//885 425//835
f 459//885 467//821 425//835
f 168//425 495//822 4//802
f 496//858 168//425 4//802
f 1763//886 1403//887 1444//888
f 140//704 187//319 117//705
f 244//487 234//731 225//718
f 246//383 740//889 269//890
f 372//295 414//380 1182//99
f 40//831 547//891 45//877
f 45//877 62//892 61//823
f 62//892 87//893 61//823
f 87//866 88//894 104//867
f 1084//188 517//895 1054//106
f 387//785 328//193 1064//896
f 2467//897 2497//498 2485//600
f 286//898 1363//899 302//900
f 205//765 189//521 162//520
f 290//566 140//704 289//752
f 214//587 234//731 224//901
f 393//509 399//518 809//902
f 315//178 1131//158 397//744
f 302//900 321//903 353//904
f 1164//827 169//309 391//790
f 427//905 459//885 442//874
f 217//906 496//858 467//821
f 217//906 168//425 496//858
f 978//907 969//908 2074//909
f 361//292 383//97 382//748
f 269//890 276//910 245//556
f 1440//37 11//911 305//38
f 62//912 88//894 87//866
f 328//193 1066//258 1064//896
f 1066//258 1165//128 1164//827
f 242//913 287//914 302//900
f 1363//899 242//913 302//900
f 287//914 321//903 302//900
f 1179//365 249//828 1187//366
f 983//373 1020//363 1004//272
f 464//354 747//353 481//549
f 788//438 323//355 276//910
f 269//890 245//556 246//383
f 88//894 89//915 1325//916
f 171//917 172//918 242//913
f 360//919 353//904 321//903
f 360//919 1354//920 353//904
f 1057//921 1064//896 1164//827
f 2184//922 2188//923 2183//924
f 460//925 459//885 451//844
f 460//925 467//821 459//885
f 149//926 168//425 217//906
f 149//926 136//65 168//425
f 116//358 129//298 122//375
f 109//403 124//506 77//418
f 159//654 167//655 148//297
f 28//341 42//340 41//589
f 57//927 88//894 62//912
f 45//877 57//928 62//892
f 1336//929 1325//916 89//915
f 89//915 72//930 1336//929
f 147//931 172//918 171//917
f 172//918 258//932 242//913
f 258//932 257//933 242//913
f 257//933 287//914 242//934
f 257//933 321//903 287//914
f 345//935 360//919 321//903
f 360//919 381//936 1354//920
f 1069//1 938//937 1655//938
f 387//785 473//939 249//828
f 270//940 217//906 467//821
f 130//941 136//65 149//926
f 851//942 847//527 829//269
f 983//373 987//374 975//943
f 189//521 177//525 142//450
f 88//894 72//930 89//915
f 184//944 258//932 172//918
f 257//933 288//945 321//903
f 1265//845 451//844 459//885
f 270//940 149//926 217//906
f 226//381 225//718 174//547
f 27//588 28//341 41//589
f 109//403 125//505 124//506
f 547//891 57//928 45//877
f 57//927 58//946 88//894
f 88//894 58//946 72//930
f 2476//947 2484//948 2458//312
f 147//931 184//944 172//918
f 184//944 213//949 258//932
f 258//932 243//950 257//933
f 243//950 288//945 257//933
f 345//935 321//903 288//945
f 391//790 169//309 7//318
f 468//951 460//925 451//844
f 468//951 488//952 460//925
f 270//940 467//821 460//925
f 488//952 270//940 460//925
f 1206//125 136//65 130//941
f 481//549 793//953 150//550
f 143//649 205//765 162//520
f 142//450 119//452 124//506
f 58//946 90//954 72//930
f 90//954 128//538 72//930
f 147//931 173//955 184//944
f 173//955 213//949 184//944
f 213//949 233//956 258//932
f 258//932 233//956 243//950
f 354//957 360//919 345//935
f 354//957 381//936 360//919
f 1026//329 991//273 307//328
f 268//488 312//448 259//489
f 1206//125 130//941 1080//138
f 116//830 105//446 73//445
f 139//377 148//297 166//546
f 275//807 312//448 268//488
f 188//248 401//317 187//319
f 2479//653 2459//574 2461//795
f 58//946 63//517 90//954
f 1064//896 1066//258 1164//827
f 1064//896 473//939 387//785
f 288//945 311//958 345//935
f 311//958 354//957 345//935
f 996//959 994//239 307//328
f 452//960 468//951 439//846
f 452//960 478//673 468//951
f 478//673 488//952 468//951
f 141//706 130//941 149//926
f 1564//608 1639//607 1563//878
f 547//891 41//589 57//928
f 2081//868 2107//961 2060//869
f 382//748 381//936 354//957
f 497//753 270//940 488//952
f 289//752 149//926 270//940
f 289//752 141//706 149//926
f 114//387 122//375 139//377
f 59//315 60//264 64//479
f 275//807 323//355 312//448
f 401//317 668//791 7//318
f 41//589 46//751 57//962
f 57//927 46//316 58//946
f 1459//882 1345//963 1269//513
f 1342//537 121//536 158//964
f 166//546 173//955 158//964
f 213//949 224//901 233//956
f 233//956 259//489 243//950
f 243//950 322//965 288//945
f 322//965 311//958 288//945
f 453//674 478//673 452//960
f 497//753 289//752 270//940
f 912//270 911//709 906//271
f 276//910 323//355 275//807
f 276//910 275//807 245//556
f 46//316 63//517 58//946
f 90//954 121//536 128//538
f 173//955 214//587 213//949
f 213//949 214//587 224//901
f 259//489 322//965 243//950
f 336//290 311//958 322//965
f 336//290 354//957 311//958
f 361//292 382//748 354//957
f 1043//966 439//967 1290//968
f 497//753 488//952 478//673
f 385//139 130//941 141//706
f 385//139 1080//138 130//941
f 144//876 190//764 143//649
f 535//590 41//589 547//891
f 121//536 166//546 158//964
f 335//777 336//290 322//965
f 354//957 336//290 361//292
f 2004//969 2481//421 1764//420
f 698//970 439//967 1043//966
f 289//752 140//704 141//706
f 923//708 1096//784 931//343
f 650//853 185//471 159//654
f 46//316 59//315 63//517
f 63//517 91//388 90//954
f 90//954 114//387 121//536
f 121//536 139//377 166//546
f 173//955 196//548 214//587
f 259//489 335//777 322//965
f 2478//971 2502//28 2434//27
f 312//448 337//291 336//290
f 90//954 91//388 114//387
f 114//387 139//377 121//536
f 166//546 196//548 173//955
f 224//901 234//731 233//956
f 234//731 259//489 233//956
f 259//489 312//448 335//777
f 1124//91 916//972 1189//92
f 542//973 541//339 530//974
f 462//619 479//474 290//566
f 269//890 783//975 276//910
f 813//976 567//838 641//389
f 276//910 783//975 788//438
f 82//611 1038//702 1333//977
f 816//978 701//979 703//980
f 672//981 137//982 603//983
f 625//984 635//985 624//296
f 2457//986 2439//987 1973//988
f 767//989 533//530 529//990
f 2468//225 1869//224 2480//991
f 662//992 190//764 639//993
f 711//994 720//995 719//996
f 630//997 639//993 614//875
f 161//818 654//998 638//999
f 781//1000 991//273 982//361
f 1227//1001 31//665 516//1002
f 648//1003 639//993 630//997
f 630//997 614//875 590//1004
f 2098//1005 544//243 1899//1006
f 578//1007 579//1008 586//1009
f 697//700 492//642 551//641
f 529//990 533//530 400//508
f 869//1010 859//1011 870//1012
f 1732//1013 924//1014 914//1015
f 1004//272 1027//362 991//273
f 801//1016 591//1017 603//1018
f 636//1019 676//1020 651//1021
f 876//683 949//1022 965//684
f 2207//1023 1789//1024 1859//1025
f 76//201 739//1026 237//202
f 188//248 681//730 15//564
f 578//1007 604//1027 599//1028
f 797//322 616//1029 995//647
f 510//1030 2035//1031 1365//1032
f 76//201 812//299 617//1033
f 617//1033 739//1026 76//201
f 1468//1034 93//1035 1765//1036
f 596//300 546//1037 812//299
f 1457//1038 1305//1039 1477//1040
f 760//1041 197//873 150//550
f 671//1042 773//1043 765//1044
f 586//1009 609//1045 604//1027
f 591//1017 700//386 632//1046
f 476//1047 2312//1048 474//1049
f 2084//1050 2027//636 2489//637
f 582//1051 590//1004 571//1052
f 1555//40 2449//284 1996//1053
f 674//1054 546//1037 596//300
f 812//299 655//1055 617//1033
f 161//451 177//525 661//524
f 599//1028 604//1027 636//1019
f 700//386 787//385 576//1056
f 776//1057 675//1058 572//1059
f 776//1057 674//1054 675//1058
f 617//1033 634//359 739//1026
f 591//1017 632//1046 649//1060
f 612//1061 546//1037 674//1054
f 617//1033 655//1055 634//359
f 728//792 752//793 706//1062
f 571//1052 2311//1063 2305//1064
f 775//1065 674//1054 776//1057
f 775//1065 612//1061 674//1054
f 612//1061 628//1066 546//1037
f 546//1037 628//1066 812//299
f 812//299 628//1066 655//1055
f 620//1067 630//997 615//1068
f 620//1067 648//1003 630//997
f 667//1069 653//1070 646//1071
f 810//1072 782//1073 785//1074
f 150//550 197//873 814//551
f 534//1075 1517//1076 2000//61
f 702//1077 572//1059 2378//1078
f 748//1079 776//1057 572//1059
f 655//1055 613//1080 634//359
f 911//709 917//342 905//1081
f 648//1003 679//1082 662//992
f 727//1083 771//1084 713//1085
f 750//1086 807//1087 799//1088
f 639//993 190//764 144//876
f 662//992 679//1082 200//1089
f 702//1077 748//1079 572//1059
f 775//1065 776//1057 748//1079
f 628//1066 718//1090 655//1055
f 626//1091 658//1092 645//1093
f 791//1094 778//1095 790//1096
f 612//1061 811//1097 628//1066
f 613//1080 514//834 634//359
f 1380//1098 1756//1099 1673//1100
f 570//405 590//1004 614//875
f 720//995 741//1101 719//996
f 1074//850 795//1102 835//1103
f 614//875 639//993 144//876
f 612//1061 775//1065 811//1097
f 718//1090 735//1104 655//1055
f 655//1055 735//1104 613//1080
f 798//1105 338//293 788//438
f 636//1019 652//1106 676//1020
f 571//1052 590//1004 555//1107
f 528//1108 730//1109 687//1110
f 690//1111 702//1077 2312//1048
f 476//1112 690//1113 2312//1114
f 811//1097 718//1090 628//1066
f 721//1115 778//1095 727//1083
f 748//1079 702//1077 690//1111
f 735//1104 686//1116 613//1080
f 1517//1076 2002//1117 2127//1118
f 654//998 685//1119 667//1069
f 569//1120 588//1121 606//1122
f 513//1123 531//1124 538//1125
f 538//1125 549//1126 548//1127
f 549//1126 553//1128 548//1127
f 550//1129 588//1121 549//1126
f 1903//1130 869//1010 870//1012
f 691//1131 775//1065 748//1079
f 691//1131 600//1132 775//1065
f 600//1132 811//1097 775//1065
f 811//1097 563//1133 718//1090
f 563//1133 736//1134 718//1090
f 718//1090 736//1134 735//1104
f 736//1134 647//1135 735//1104
f 735//1104 647//1135 686//1116
f 686//1116 745//1136 613//1080
f 745//1136 514//834 613//1080
f 569//1120 606//1122 605//1137
f 654//998 667//1069 638//999
f 851//942 857//242 847//527
f 588//1121 569//1120 549//1126
f 690//1111 691//1131 748//1079
f 680//1138 514//834 745//1136
f 2127//1118 2002//1117 2094//1139
f 747//353 701//979 481//549
f 400//508 373//507 529//990
f 600//1132 536//1140 811//1097
f 536//1140 563//1133 811//1097
f 1306//154 227//162 1152//218
f 522//1141 24//493 18//494
f 523//1142 24//493 522//1141
f 865//250 857//242 851//942
f 2031//870 2060//869 1540//1143
f 767//989 701//979 747//353
f 618//1144 652//1106 609//1045
f 652//1106 636//1019 609//1045
f 573//1145 22//1146 710//1147
f 642//1148 699//1149 730//1109
f 1522//1150 1518//1151 2476//620
f 500//1152 629//1153 691//1131
f 690//1113 500//1152 691//1131
f 691//1131 629//1153 600//1132
f 780//1154 644//1155 641//389
f 579//1008 578//1007 561//1156
f 131//872 668//791 197//873
f 197//873 668//791 814//551
f 789//861 809//902 798//1105
f 622//1157 760//1041 150//550
f 621//1158 563//1133 536//1140
f 673//1159 745//1136 686//1116
f 673//1159 818//1160 745//1136
f 818//1160 680//1138 745//1136
f 680//1138 96//1161 514//834
f 2495//1162 2462//326 1028//884
f 1028//884 583//206 575//1163
f 663//1164 794//1165 664//1166
f 629//1153 761//1167 600//1132
f 761//1167 757//1168 600//1132
f 600//1132 757//1168 536//1140
f 621//1158 696//1169 563//1133
f 755//1170 736//1134 563//1133
f 696//1169 755//1170 563//1133
f 633//1171 736//1134 755//1170
f 633//1171 647//1135 736//1134
f 623//1172 686//1116 647//1135
f 633//1171 623//1172 647//1135
f 686//1116 623//1172 673//1159
f 819//1173 680//1138 818//1160
f 680//1138 819//1173 96//1161
f 1729//783 1677//1174 1096//784
f 2482//1175 1899//1006 2471//639
f 537//1176 536//1140 757//1168
f 536//1140 537//1176 621//1158
f 673//1159 819//1173 818//1160
f 2428//1177 222//596 230//468
f 25//570 24//493 523//1142
f 25//570 557//510 24//493
f 38//612 25//570 19//1178
f 710//1147 22//1146 272//1179
f 663//1164 759//1180 794//1165
f 1120//23 878//1181 1195//743
f 537//1176 696//1169 621//1158
f 696//1169 633//1171 755//1170
f 822//1182 2215//722 2220//721
f 97//360 96//1161 1053//165
f 750//1086 784//1183 743//1184
f 887//528 905//1081 864//529
f 768//522 784//1183 373//507
f 512//1185 513//1123 548//1127
f 573//1145 664//1186 22//1146
f 696//1169 715//1187 633//1171
f 673//1159 521//1188 819//1173
f 2454//1189 2453//1190 2445//1191
f 883//345 887//528 847//527
f 306//226 812//299 76//201
f 642//1148 528//1108 759//1180
f 798//1105 809//902 235//294
f 994//239 792//238 998//251
f 587//1192 626//1091 586//1009
f 1900//466 1918//1193 1937//1194
f 645//1093 652//1106 618//1144
f 537//1176 786//1195 696//1169
f 521//1188 593//1196 819//1173
f 515//1197 19//1178 523//1142
f 741//1101 749//1198 719//996
f 789//861 326//523 809//902
f 539//1199 581//775 550//1129
f 657//1200 777//412 723//1201
f 684//1202 713//1085 660//1203
f 692//1204 712//1205 720//995
f 652//1106 666//1206 692//1204
f 507//1207 761//1167 629//1153
f 472//1208 507//1207 629//1153
f 507//1207 757//1168 761//1167
f 623//1172 633//1171 673//1159
f 724//1209 521//1188 673//1159
f 515//1197 516//1002 19//1178
f 304//262 675//1058 674//1054
f 178//1210 778//1095 721//1115
f 947//1211 1447//1212 2358//1213
f 626//1091 645//1093 618//1144
f 586//1009 626//1091 618//1144
f 784//1183 768//522 742//1214
f 753//1215 537//1176 757//1168
f 537//1176 753//1215 786//1195
f 724//1209 981//1216 521//1188
f 521//1188 981//1216 593//1196
f 979//689 559//1217 850//208
f 637//1218 660//1203 677//1219
f 787//385 631//391 576//1056
f 141//706 117//705 385//139
f 809//902 399//518 235//294
f 641//389 754//742 558//390
f 542//1220 553//1128 561//1156
f 742//1214 768//522 762//862
f 444//352 416//519 533//530
f 528//1108 687//1110 796//384
f 813//976 598//849 566//1221
f 1490//68 1501//424 1557//170
f 753//1215 757//1168 507//1207
f 786//1195 715//1187 696//1169
f 633//1171 724//1209 673//1159
f 2090//1222 2062//171 2109//173
f 646//1071 653//1070 660//1203
f 660//1203 694//1223 683//1224
f 677//1219 660//1203 683//1224
f 1872//1225 839//1226 838//1227
f 1224//1228 18//494 30//16
f 326//523 393//509 809//902
f 799//1088 529//990 373//507
f 313//615 507//1207 472//1208
f 715//1187 774//1229 633//1171
f 974//1230 699//1230 841//1230
f 703//980 820//1231 816//978
f 692//1204 711//994 676//1020
f 1014//252 355//1232 766//719
f 875//772 752//793 1019//302
f 627//1233 646//1071 660//1203
f 711//994 692//1204 720//995
f 652//1106 692//1204 676//1020
f 799//1088 373//507 784//1183
f 813//976 566//1221 567//838
f 2462//326 2482//1175 2475//638
f 764//1234 644//1155 780//1154
f 1479//1235 1924//1236 1916//1237
f 753//1215 738//1238 786//1195
f 738//1238 607//1239 786//1195
f 786//1195 607//1239 715//1187
f 715//1187 524//534 774//1229
f 633//1171 774//1229 724//1209
f 559//1217 979//689 672//981
f 758//1240 798//1105 783//975
f 683//1224 694//1223 705//1241
f 820//1231 703//980 562//1242
f 764//1234 687//1110 644//1155
f 744//1243 743//1184 725//1244
f 313//615 753//1215 507//1207
f 607//1239 524//534 715//1187
f 664//1245 801//1246 22//1247
f 646//1071 627//1233 610//1248
f 800//1249 820//1231 562//1242
f 750//1086 769//1250 807//1087
f 767//989 747//353 533//530
f 578//1007 586//1009 604//1027
f 862//1251 593//1196 981//1216
f 688//159 2382//1252 1083//143
f 306//226 304//262 674//1054
f 738//1238 584//1253 607//1239
f 168//425 136//65 238//9
f 773//1043 552//1254 765//1044
f 2473//1255 2464//1256 2458//312
f 773//1043 793//953 552//1254
f 626//1091 619//1257 658//1092
f 1007//1258 1139//609 1013//1259
f 562//1242 529//990 799//1088
f 744//1243 750//1086 743//1184
f 659//1260 683//1224 693//1261
f 677//1219 683//1224 659//1260
f 313//615 737//1262 753//1215
f 753//1215 737//1262 738//1238
f 607//1239 729//535 524//534
f 27//588 518//1263 28//341
f 553//1128 569//1120 580//1264
f 657//1200 163//413 777//412
f 580//1264 569//1120 605//1137
f 789//861 798//1105 758//1240
f 769//1250 562//1242 807//1087
f 820//1231 671//1042 816//978
f 638//999 646//1071 611//819
f 1074//850 598//849 644//1155
f 750//1086 799//1088 784//1183
f 1931//1265 907//1266 898//1267
f 2483//794 2487//311 2461//795
f 737//1262 584//1253 738//1238
f 1439//883 1438//1268 1431//1269
f 2098//1005 1213//1270 544//243
f 48//610 578//1007 75//336
f 796//384 631//391 787//385
f 815//140 732//622 21//141
f 581//775 588//1121 550//1129
f 625//984 636//1019 651//1021
f 778//1095 1011//1271 810//1072
f 693//1261 705//1241 725//1244
f 693//1261 683//1224 705//1241
f 236//1272 1921//1273 1966//1274
f 584//1253 729//535 607//1239
f 2237//1275 1866//427 2227//1276
f 530//974 541//339 28//341
f 237//202 739//1026 248//227
f 512//1185 530//974 28//341
f 727//1083 778//1095 771//1084
f 684//1202 727//1083 713//1085
f 2237//1275 2220//721 826//428
f 542//1220 561//1156 560//458
f 528//1108 796//384 700//386
f 808//1277 785//1074 671//1042
f 739//1026 592//266 248//227
f 895//1278 905//1081 896//1279
f 740//889 246//383 186//382
f 272//1179 137//982 979//689
f 770//1280 769//1250 744//1243
f 712//1205 742//1214 720//995
f 1213//1270 2026//1281 544//243
f 1888//1282 1235//1283 2438//1284
f 555//1107 554//404 2311//1063
f 737//1262 313//615 1192//614
f 1585//26 1612//1285 1611//186
f 695//1286 721//1115 685//1119
f 518//1263 17//1287 28//341
f 769//1250 770//1280 562//1242
f 719//996 749//1198 740//889
f 648//1003 669//35 679//1082
f 773//1043 657//1200 723//1201
f 606//1122 637//1218 619//1257
f 2072//1288 2062//171 2042//1289
f 606//1122 619//1257 626//1091
f 549//1126 569//1120 553//1128
f 161//818 638//999 611//819
f 910//490 917//342 942//491
f 917//342 1103//344 942//491
f 991//273 1026//329 992//274
f 979//689 137//982 672//981
f 785//1074 163//413 657//1200
f 710//1290 2488//640 2472//836
f 611//819 581//775 119//817
f 808//1277 671//1042 820//1231
f 1820//1291 1900//466 1870//1292
f 759//1180 700//386 591//1017
f 637//1218 677//1219 619//1257
f 2494//499 2490//1293 2463//244
f 671//1042 765//1044 816//978
f 687//1110 764//1234 780//1154
f 1019//302 992//274 1026//329
f 1726//301 1719//1294 987//1295
f 713//1085 771//1084 694//1223
f 51//584 2355//1296 78//417
f 510//1297 526//1298 525//1299
f 525//1299 526//1298 1249//841
f 526//1298 33//842 1249//841
f 2311//1063 554//404 2335//1300
f 827//1301 848//1302 840//1303
f 603//1018 591//1017 649//1060
f 758//1240 269//890 740//889
f 1595//79 1612//1285 1586//1304
f 1694//1305 1048//1306 1699//1307
f 682//1308 740//889 186//382
f 22//1247 801//1246 603//983
f 555//1107 570//405 554//404
f 1053//165 110//1309 97//360
f 615//1068 582//1051 601//1310
f 814//551 668//791 188//248
f 725//1244 705//1241 744//1243
f 528//1108 700//386 759//1180
f 640//571 648//1003 620//1067
f 703//980 701//979 562//1242
f 886//1311 892//1312 582//1051
f 631//391 731//732 576//1056
f 1087//1313 1835//1314 1747//1315
f 882//1316 864//529 895//1278
f 956//1317 950//1318 1103//344
f 1502//1319 2500//1320 2470//1321
f 205//765 190//764 200//1089
f 815//1322 878//1181 616//1029
f 616//1029 878//1181 995//647
f 1183//1323 878//1181 815//1324
f 1601//1325 1827//1326 881//231
f 527//1327 535//590 526//1298
f 2184//922 2183//924 2175//1328
f 1142//1329 1125//1330 1133//105
f 235//294 338//293 798//1105
f 160//237 339//788 792//238
f 599//1028 92//357 75//336
f 598//849 1116//1331 566//1332
f 631//391 558//390 731//732
f 771//1084 770//1280 744//1243
f 730//1109 528//1108 642//1148
f 841//1333 699//1334 642//1335
f 668//791 401//317 188//248
f 510//1297 527//1327 526//1298
f 749//1198 758//1240 740//889
f 706//1062 721//1115 695//1286
f 694//1223 726//1336 705//1241
f 694//1223 744//1243 726//1336
f 906//271 911//709 905//1081
f 661//1337 695//1286 161//818
f 708//1338 815//140 616//1029
f 535//590 547//891 33//842
f 794//1165 759//1180 591//1017
f 778//1095 808//1277 790//1096
f 269//890 758//1240 783//975
f 771//1084 744//1243 694//1223
f 800//1249 808//1277 820//1231
f 571//1052 886//1311 582//1051
f 854//682 948//255 1010//1339
f 906//271 905//1081 887//528
f 625//984 651//1021 635//985
f 2000//61 1226//216 534//1075
f 2140//1340 1504//1341 2016//1342
f 601//1310 620//1067 615//1068
f 620//1067 601//1310 640//571
f 648//1003 640//571 669//35
f 698//1343 452//960 439//846
f 671//1042 785//1074 657//1200
f 1561//112 2356//1344 545//111
f 685//1119 653//1070 667//1069
f 685//1119 727//1083 684//1202
f 568//1345 616//1029 797//322
f 708//1338 732//622 815//140
f 93//1035 229//789 339//788
f 865//250 851//942 839//1226
f 942//491 1103//344 950//1318
f 589//576 614//875 125//505
f 606//1122 610//1248 627//1233
f 951//1346 834//1347 873//1348
f 92//357 599//1028 625//984
f 1878//426 830//766 1902//1349
f 2482//1175 2098//1005 1899//1006
f 568//1345 708//1338 616//1029
f 708//1338 551//641 732//622
f 2434//27 2487//311 2483//794
f 160//237 964//182 665//184
f 2316//1350 2391//1351 2309//1352
f 762//862 758//1240 749//1198
f 570//405 614//875 589//576
f 888//241 897//253 883//345
f 2000//61 1517//1076 1388//1353
f 685//1119 721//1115 727//1083
f 588//1121 610//1248 606//1122
f 653//1070 685//1119 684//1202
f 651//1021 650//853 635//985
f 760//1041 1151//1354 6//1355
f 793//953 622//1157 150//550
f 651//1021 676//1020 650//853
f 744//1243 769//1250 750//1086
f 541//337 542//1220 560//458
f 476//1112 500//1152 690//1113
f 473//939 1064//896 1057//921
f 561//1156 578//1007 560//458
f 636//1019 625//984 599//1028
f 876//683 995//647 949//1022
f 829//269 856//648 846//267
f 682//1308 704//1356 740//889
f 791//1094 790//1096 770//1280
f 2466//1357 2500//1358 2460//410
f 579//1008 587//1192 586//1009
f 1352//1359 1208//1360 1095//1361
f 1684//1362 1479//1363 1916//1364
f 604//1027 609//1045 636//1019
f 751//1365 721//1115 706//1062
f 810//1072 608//1366 782//1073
f 672//981 603//983 649//1367
f 475//287 447//310 476//416
f 794//1165 591//1017 801//1016
f 682//1308 186//382 650//853
f 808//1277 800//1249 790//1096
f 644//1155 598//849 813//976
f 704//1356 719//996 740//889
f 1011//1271 608//1366 810//1072
f 1192//614 584//1253 737//1262
f 687//1110 780//1154 796//384
f 2337//1368 474//1049 2312//1048
f 638//999 667//1069 646//1071
f 706//1062 1186//1369 728//792
f 733//1370 575//1163 568//1345
f 595//1371 551//641 708//1338
f 595//1371 540//1372 551//641
f 1308//1373 501//1374 1852//1375
f 665//184 339//788 160//237
f 527//1327 2447//1376 535//590
f 558//390 9//741 731//732
f 723//1201 793//953 773//1043
f 660//1203 713//1085 694//1223
f 693//1261 725//1244 666//1206
f 562//1242 767//989 529//990
f 550//1129 538//1125 531//1124
f 2267//1377 2287//1378 2233//1379
f 996//959 964//182 160//237
f 2068//1380 2470//1321 2466//1381
f 704//1356 711//994 719//996
f 741//1101 762//862 749//1198
f 605//1137 606//1122 626//1091
f 548//1127 542//973 530//974
f 995//647 878//1181 709//1382
f 1898//1383 1684//1362 1916//1364
f 778//1095 791//1094 771//1084
f 782//1073 163//413 785//1074
f 789//861 758//1240 762//862
f 857//242 883//345 847//527
f 733//1370 970//321 1028//884
f 838//1227 829//269 825//1384
f 2447//1376 511//1385 535//590
f 22//1247 603//983 137//982
f 705//1241 726//1336 744//1243
f 605//1137 587//1192 580//1264
f 512//1185 548//1127 530//974
f 743//1184 784//1183 742//1214
f 790//1096 800//1249 770//1280
f 778//1095 810//1072 808//1277
f 1014//252 998//251 355//1232
f 708//1338 568//1345 595//1386
f 656//1387 697//700 551//641
f 540//1388 656//1387 551//641
f 143//649 125//505 614//875
f 1000//1389 1020//363 983//373
f 778//1095 178//1210 1011//1271
f 676//1020 704//1356 682//1308
f 637//1218 627//1233 660//1203
f 606//1122 627//1233 637//1218
f 701//979 552//1254 481//549
f 808//1277 810//1072 785//1074
f 590//1004 570//405 555//1107
f 716//1390 595//1386 568//1345
f 2355//1296 2335//1300 554//404
f 912//270 1729//783 911//709
f 1076//1391 1456//1392 1546//1393
f 697//700 68//656 492//642
f 676//1020 711//994 704//1356
f 839//1226 851//942 838//1227
f 1028//884 575//1163 733//1370
f 1020//363 844//1394 982//361
f 716//1390 568//1345 575//1163
f 844//1394 781//1000 982//361
f 1238//483 2156//1395 2034//174
f 553//1128 580//1264 561//1156
f 580//1264 579//1008 561//1156
f 452//960 461//672 453//674
f 560//458 578//1007 48//610
f 564//1396 540//1372 595//1371
f 632//1046 656//1387 540//1388
f 564//1396 632//1046 540//1372
f 75//336 578//1007 599//1028
f 518//1263 27//588 535//590
f 511//1385 518//1263 535//590
f 783//975 798//1105 788//438
f 642//1148 759//1180 663//1164
f 720//995 742//1214 741//1101
f 605//1137 626//1091 587//1192
f 580//1264 587//1192 579//1008
f 725//1244 712//1205 666//1206
f 562//1242 701//979 767//989
f 1729//783 923//708 911//709
f 712//1205 743//1184 742//1214
f 619//1257 677//1219 658//1092
f 161//818 695//1286 654//998
f 770//1280 800//1249 562//1242
f 2084//1050 2489//637 2472//836
f 575//1163 559//1217 716//1390
f 716//1390 564//1397 595//1386
f 654//998 695//1286 685//1119
f 843//1398 855//1399 2064//1400
f 34//733 731//732 9//741
f 527//1327 510//1297 1973//1401
f 723//1201 622//1157 793//953
f 992//274 1726//301 987//374
f 693//1261 666//1206 652//1106
f 2472//836 853//837 573//1402
f 624//296 159//654 148//297
f 671//1042 657//1200 773//1043
f 681//730 188//248 498//247
f 797//322 970//321 733//1370
f 565//1403 656//1387 632//1046
f 565//1404 697//700 656//1387
f 565//1404 731//732 697//700
f 1949//1405 951//1346 920//669
f 85//602 111//461 84//592
f 662//992 200//1089 190//764
f 44//1406 324//1407 754//1408
f 33//842 547//891 40//831
f 658//1092 693//1261 652//1106
f 658//1092 652//1106 645//1093
f 664//1166 794//1165 801//1016
f 666//1206 712//1205 692//1204
f 639//993 648//1003 662//992
f 611//819 646//1071 610//1248
f 850//208 559//1217 575//1163
f 1447//1212 2490//1293 1106//1409
f 1972//212 1955//1410 1935//83
f 582//1051 615//1068 590//1004
f 66//776 581//775 539//1199
f 780//1154 641//389 631//391
f 796//384 780//1154 631//391
f 1049//1411 1192//635 83//696
f 1348//1412 13//1413 1519//1414
f 799//1088 807//1087 562//1242
f 581//775 611//819 588//1121
f 687//1110 795//1102 644//1155
f 663//1415 8//1416 642//1335
f 1936//1417 1972//212 1935//83
f 650//853 676//1020 682//1308
f 615//1068 630//997 590//1004
f 730//1109 795//1102 687//1110
f 742//1214 762//862 741//1101
f 548//1127 553//1128 542//973
f 1048//1418 1692//1419 1074//850
f 658//1092 659//1260 693//1261
f 37//559 52//558 30//16
f 611//819 610//1248 588//1121
f 649//1060 632//1046 564//1396
f 565//1404 576//1056 731//732
f 2138//1420 922//135 1058//281
f 1204//1421 854//682 965//684
f 725//1244 743//1184 712//1205
f 644//1155 813//976 641//389
f 660//1203 653//1070 684//1202
f 771//1084 791//1094 770//1280
f 644//1155 795//1102 1074//850
f 469//473 480//729 681//730
f 559//1217 672//981 564//1397
f 716//1390 559//1217 564//1397
f 672//981 649//1367 564//1422
f 2161//1423 1378//1424 2171//1425
f 474//289 475//287 476//416
f 816//978 765//1044 701//979
f 765//1044 552//1254 701//979
f 513//1123 538//1125 548//1127
f 754//742 324//1426 107//779
f 609//1045 586//1009 618//1144
f 25//570 523//1142 19//1178
f 677//1219 659//1260 658//1092
f 689//663 452//960 698//1343
f 1334//1427 1115//1428 1353//1429
f 700//386 565//1403 632//1046
f 700//386 576//1056 565//1403
f 481//549 552//1254 793//953
f 763//1430 901//313 2458//312
f 550//1129 549//1126 538//1125
f 781//1000 964//182 996//959
f 1596//78 1634//1431 1595//79
f 198//1432 916//972 1124//91
f 198//1432 1124//91 341//132
f 842//1433 973//1434 1025//1435
f 842//1433 1025//1435 836//809
f 1009//1436 1024//115 934//1437
f 573//1402 710//1290 2472//836
f 1100//75 971//1438 1002//76
f 1501//424 1081//117 1557//170
f 1225//1439 1219//1440 955//1441
f 413//1442 2138//1420 284//1443
f 955//1441 1630//1444 522//1141
f 341//132 1124//91 301//133
f 2333//1445 2376//335 2350//1446
f 1107//1447 218//1448 284//1449
f 398//144 925//1450 1513//323
f 1513//323 1442//1451 1495//66
f 1935//83 1455//82 1744//531
f 1723//1452 1935//83 1744//531
f 825//1384 1872//1225 838//1227
f 1495//66 1442//1451 1496//1453
f 963//1454 1024//115 1009//1436
f 1511//305 1514//304 966//1455
f 1775//1456 1729//783 912//270
f 688//159 262//145 1067//1457
f 714//422 1007//1258 1512//423
f 919//1458 1732//1013 914//1015
f 2319//1459 2331//1460 2304//1461
f 2400//1462 2407//1463 2391//1351
f 1674//629 2164//1464 1780//1465
f 843//1466 927//1467 899//1468
f 1660//209 988//1469 1188//103
f 1067//1457 262//145 1640//190
f 1381//94 1109//96 1483//699
f 1437//879 1381//94 1483//699
f 2495//1470 1010//1339 948//255
f 1514//304 1289//1471 1313//1472
f 899//1473 374//685 961//687
f 1438//1268 1430//1474 1422//275
f 1634//1431 1095//1361 1632//30
f 2487//311 973//1434 2461//795
f 1003//569 499//1475 874//475
f 849//1476 848//1302 827//1301
f 1430//1474 1462//855 1453//1477
f 2496//236 2084//1050 2471//639
f 909//5 10//279 980//278
f 730//1109 927//1467 835//1103
f 2031//870 1540//1143 1536//1478
f 831//1479 849//1476 2178//1480
f 881//1481 834//1347 951//1346
f 1841//1482 1722//1483 1803//1484
f 1005//1485 670//1486 1020//363
f 1021//1487 670//1486 1005//1485
f 1869//224 2059//808 2467//1488
f 903//1489 902//1490 1939//1491
f 2476//620 2502//28 1651//482
f 853//1492 8//1493 573//1494
f 1850//1495 831//1479 2178//1480
f 934//1437 746//568 247//567
f 934//1437 65//45 746//568
f 301//133 285//1496 1077//847
f 968//1497 944//1498 977//1499
f 970//321 2495//1162 1028//884
f 974//1500 2465//686 374//685
f 899//1468 927//1467 374//1501
f 1882//1502 1898//1383 1916//1364
f 1613//1503 1634//1431 1596//78
f 909//282 833//137 1396//1504
f 2492//246 247//567 1003//569
f 919//1458 914//1015 1931//1265
f 1459//882 1299//593 1458//1505
f 1634//1431 1632//30 1633//1506
f 844//1394 670//1486 228//1507
f 2494//499 2497//498 2467//897
f 901//313 973//1434 2487//311
f 228//1507 1772//1508 734//183
f 1701//1509 1709//1510 1666//1511
f 963//1454 574//50 1024//115
f 847//527 864//529 856//648
f 1730//514 1736//1512 2239//1513
f 870//1012 859//1011 848//1302
f 2074//909 2111//1514 2103//1515
f 1140//698 1590//880 1483//699
f 927//1467 730//1109 974//1516
f 2103//1515 978//907 2074//909
f 756//1517 1745//1518 1718//1519
f 848//1302 859//1011 840//1303
f 1296//657 1482//857 1320//1520
f 2331//1460 51//584 66//585
f 1067//1457 988//1469 962//1521
f 1396//1504 833//137 1445//1522
f 1001//1523 1005//1485 1000//1389
f 901//313 1009//1436 973//1434
f 1099//131 1077//847 817//1524
f 933//1525 944//1498 936//1526
f 952//1527 958//1528 1828//1529
f 988//1469 1660//209 986//1530
f 833//137 1067//1457 1445//1522
f 1067//1457 1640//190 988//1469
f 218//1448 413//1442 284//1443
f 1843//1531 180//1532 347//1533
f 1846//1534 1708//1535 1798//1536
f 2469//1537 2477//1538 855//1539
f 1006//627 1021//1487 1005//1485
f 381//936 382//748 250//1540
f 2369//1541 828//1542 531//1124
f 968//1497 977//1499 1001//1523
f 2460//410 1949//1405 779//348
f 1194//1543 1441//1544 1115//1428
f 1001//1523 1000//1389 968//1497
f 756//1517 678//1545 1745//1518
f 963//1454 1009//1436 901//313
f 2471//639 2084//1050 2472//836
f 841//1333 642//1335 8//1416
f 982//361 991//273 1027//362
f 670//1486 844//1394 1020//363
f 1289//1471 1514//304 945//303
f 869//1010 904//1546 890//1547
f 1161//1548 1115//1428 1639//607
f 823//1549 2178//1480 849//1476
f 746//568 12//47 499//1475
f 263//368 428//1550 2366//1551
f 1685//1552 1075//1553 1692//1554
f 1002//76 926//815 806//761
f 1799//1555 1755//1556 216//1557
f 944//1498 968//1497 993//1558
f 943//1559 944//1498 993//1558
f 31//665 38//612 19//1178
f 531//1124 828//1542 550//1129
f 1501//424 1078//210 1081//117
f 1921//1273 1149//1560 431//1561
f 936//1526 943//1559 932//1562
f 1660//209 1489//116 1412//221
f 301//133 980//278 285//1496
f 903//1489 918//1563 902//1490
f 869//1010 890//1547 868//1564
f 890//1547 903//1489 867//1565
f 1003//569 746//568 499//1475
f 951//1346 1949//1405 2500//1358
f 990//1566 841//1567 853//1492
f 1595//79 1634//1431 1611//186
f 374//1501 927//1467 974//1516
f 836//809 1025//1435 247//567
f 1653//189 1652//233 1638//222
f 1303//1568 1545//1569 1142//1329
f 1616//185 1631//331 1638//222
f 1629//624 1546//1570 1628//307
f 936//1526 932//1562 913//1571
f 513//1123 506//1572 531//1124
f 868//1564 890//1547 867//1565
f 2330//1573 2369//1541 2353//1574
f 924//1014 918//1563 914//1015
f 907//1266 914//1015 904//1546
f 1258//1575 1421//1576 1267//1577
f 301//133 939//6 980//278
f 1472//1578 1482//857 1296//657
f 868//1564 867//1565 859//1011
f 472//504 491//545 313//615
f 272//1179 519//688 2488//640
f 1471//196 1472//1578 1296//657
f 1025//1435 934//1437 247//567
f 1634//1431 1633//1506 1611//186
f 2176//1579 1847//1580 2177//1581
f 1310//814 1289//1471 806//761
f 924//1014 933//1525 918//1563
f 1969//1582 1968//1583 902//1490
f 2107//961 2128//1584 2118//1585
f 1428//1586 1436//1587 1287//1588
f 1139//609 1564//608 1617//1589
f 2378//1078 572//1059 2384//1590
f 853//1492 841//1567 8//1493
f 2501//408 961//1591 2465//1592
f 1221//1593 1240//1594 1408//1595
f 1069//1 1578//3 1627//306
f 1006//627 1005//1485 1001//1523
f 1617//1589 1564//608 1578//3
f 828//1542 539//1199 550//1129
f 1791//1596 2168//1597 2160//1598
f 1829//1599 1718//1519 1739//1600
f 1968//1601 1939//1491 902//1490
f 756//1517 1718//1519 665//184
f 1998//62 2000//61 1388//1353
f 2451//1602 545//111 2356//1344
f 178//1210 997//1603 1011//1271
f 1275//1604 325//199 1270//1605
f 1709//1510 872//1606 1666//1511
f 2176//1579 1959//1607 1847//1580
f 944//1498 943//1559 936//1526
f 2424//1608 518//1263 511//1385
f 1445//1522 1067//1457 962//1521
f 2007//1609 952//1527 1828//1529
f 2052//1610 2061//1611 2081//868
f 828//1542 2303//1612 539//1199
f 835//1103 1699//1613 1048//1418
f 1709//1510 1706//1614 872//1606
f 885//1615 574//50 963//1454
f 1318//1616 1296//657 1320//1520
f 859//1011 867//1565 1902//1349
f 1452//1617 1448//1618 1421//276
f 943//1559 993//1558 976//1619
f 993//1558 1000//1389 983//373
f 854//682 1010//1339 876//683
f 988//1469 986//1530 962//1521
f 2031//870 2052//1610 2081//868
f 924//1014 1732//1013 1828//1529
f 965//684 949//1022 1060//1620
f 781//1000 228//1507 734//183
f 1718//1519 1765//1036 665//184
f 943//1559 976//1619 932//1562
f 1680//1621 1794//1622 1783//1623
f 1448//1618 1471//196 1276//195
f 1276//195 1267//1577 1421//1576
f 1931//1265 914//1015 907//1266
f 991//273 781//1000 996//959
f 1276//195 1421//1576 1448//1618
f 10//1624 909//282 1396//1504
f 831//1479 860//1625 849//1476
f 1523//1626 1762//1627 1774//1628
f 924//1014 1828//1529 937//1629
f 307//328 994//239 1014//252
f 946//662 963//1454 901//313
f 978//907 2103//1515 977//1499
f 977//1499 1006//627 1001//1523
f 1007//1258 1161//1548 1639//607
f 1639//607 1294//1630 1437//879
f 885//1615 1032//48 574//50
f 1294//1630 1381//94 1437//879
f 733//1370 568//1345 797//322
f 792//238 229//789 1112//1631
f 119//817 581//775 108//774
f 843//1466 835//1103 927//1467
f 1889//1632 860//1625 831//1479
f 2211//1633 2216//1634 2204//1635
f 2400//1462 2431//1636 2422//1637
f 2103//1515 1006//627 977//1499
f 840//1303 1902//1349 830//766
f 827//1301 840//1303 830//766
f 827//1301 830//766 822//1182
f 1003//569 874//475 2492//246
f 1432//670 1439//883 1431//1269
f 781//1000 734//183 964//182
f 1937//1194 1936//1417 1723//1638
f 918//1563 913//1571 902//1490
f 958//1528 977//1499 944//1498
f 1850//1495 2178//1480 2177//1581
f 1005//1485 1020//363 1000//1389
f 991//273 996//959 307//328
f 1396//1504 1445//1522 340//1639
f 2179//1640 1763//886 889//1641
f 939//6 909//5 980//278
f 1828//1529 958//1528 937//1629
f 978//907 977//1499 958//1528
f 1590//880 1571//623 1563//878
f 779//348 1949//1405 920//669
f 1551//1642 1362//1643 1573//1644
f 2103//1515 2142//628 1006//627
f 920//669 885//1615 963//1454
f 946//662 920//669 963//1454
f 1584//41 1616//185 1583//1645
f 1453//1477 1472//1578 1452//1617
f 1647//2 1617//1589 1578//3
f 1578//3 1564//608 1627//306
f 1628//307 938//937 1069//1
f 869//1010 868//1564 859//1011
f 993//1558 983//373 976//1619
f 912//270 1762//1627 1775//1456
f 752//793 751//1365 706//1062
f 1628//307 1546//1570 938//937
f 844//1394 228//1507 781//1000
f 840//1303 859//1011 1902//1349
f 898//1267 907//1266 904//1546
f 1025//1435 973//1434 1009//1436
f 663//1415 664//1646 573//1647
f 763//1430 946//662 901//313
f 898//1267 904//1546 869//1010
f 2172//1648 889//1641 1763//886
f 1128//816 926//815 971//1438
f 860//1625 848//1302 849//1476
f 904//1546 903//1489 890//1547
f 2486//572 2459//574 2479//653
f 577//1649 782//1073 608//1366
f 933//1525 936//1526 918//1563
f 2177//1581 1847//1580 1851//1650
f 665//184 1765//1036 339//788
f 937//1629 958//1528 944//1498
f 894//1651 981//1216 724//1209
f 968//1497 1000//1389 993//1558
f 2192//1652 2195//1653 2205//1654
f 1652//233 1099//131 817//1524
f 997//1603 608//1366 1011//1271
f 997//1603 577//1649 608//1366
f 577//1649 163//413 782//1073
f 1112//1631 998//251 792//238
f 2177//1581 1851//1650 1850//1495
f 1257//1655 1421//1576 1258//1575
f 951//1346 873//1348 920//669
f 822//1182 830//766 2215//722
f 1899//1006 2496//236 2471//639
f 1773//1656 1668//1657 1558//1658
f 904//1546 914//1015 903//1489
f 932//1562 1671//1659 913//1571
f 873//1348 885//1615 920//669
f 1013//1259 1617//1589 1647//2
f 873//1348 1032//48 885//1615
f 894//1651 862//1251 981//1216
f 2469//1537 855//1539 961//1591
f 913//1571 1671//1659 1969//1582
f 2477//1660 2064//1660 855//1660
f 918//1563 936//1526 913//1571
f 860//1625 870//1012 848//1302
f 937//1629 944//1498 933//1525
f 1501//424 1013//1259 1647//2
f 824//1661 178//1210 751//1365
f 824//1661 997//1603 178//1210
f 824//1661 577//1649 997//1603
f 643//552 163//413 577//1649
f 863//1662 856//648 882//1316
f 2128//1584 2153//1663 2134//1664
f 722//1665 774//1229 880//1666
f 722//1665 894//1651 774//1229
f 864//529 905//1081 895//1278
f 850//208 575//1163 583//206
f 914//1015 918//1563 903//1489
f 924//1014 937//1629 933//1525
f 1501//424 717//67 1013//1259
f 1587//1667 1324//1668 928//1669
f 717//67 1512//423 1013//1259
f 602//720 577//1649 824//1661
f 766//719 643//552 577//1649
f 894//1651 709//1382 862//1251
f 709//1382 878//1181 862//1251
f 976//1619 975//943 932//1562
f 1324//1668 1596//78 928//1669
f 880//1666 524//534 1060//1620
f 2434//27 2459//574 2499//573
f 1324//1668 1613//1503 1596//78
f 752//793 824//1661 751//1365
f 602//720 766//719 577//1649
f 1014//252 602//720 594//327
f 1387//1670 1226//216 2152//1671
f 2153//1663 1387//1670 2152//1671
f 669//35 930//492 950//1318
f 1710//618 1694//1672 1699//616
f 768//522 326//523 762//862
f 582//1051 892//1312 601//1310
f 974//1500 990//1566 2465//686
f 624//296 116//358 625//984
f 835//1103 795//1102 730//1109
f 2458//312 2484//346 763//1430
f 989//773 602//720 824//1661
f 2064//1673 2477//1538 1710//1674
f 976//1619 983//373 975//943
f 949//1022 722//1665 880//1666
f 996//959 160//237 994//239
f 2305//1064 863//1662 556//1675
f 556//1675 863//1662 886//1311
f 601//1310 910//490 640//571
f 2264//268 825//1384 829//269
f 989//773 824//1661 752//793
f 856//648 864//529 882//1316
f 1595//79 1586//1304 2381//25
f 1627//306 1629//624 1628//307
f 2174//1676 2180//1677 2173//1678
f 2128//1584 2134//1664 2118//1585
f 137//982 272//1179 22//1146
f 949//1022 880//1666 1060//1620
f 995//647 894//1651 722//1665
f 894//1651 995//647 709//1382
f 894//1651 724//1209 774//1229
f 886//1311 895//1278 892//1312
f 640//571 910//490 930//492
f 871//1679 870//1680 860//1625
f 846//267 856//648 863//1662
f 1026//329 875//772 1019//302
f 838//1227 851//942 829//269
f 1024//115 1171//1681 934//1437
f 36//826 189//521 205//765
f 863//1662 882//1316 886//1311
f 886//1311 882//1316 895//1278
f 875//772 1026//329 594//327
f 52//558 1459//882 1269//513
f 896//1279 917//342 910//490
f 1025//1435 1009//1436 934//1437
f 949//1022 995//647 722//1665
f 2152//1682 1226//1683 1636//1684
f 895//1278 896//1279 892//1312
f 892//1312 910//490 601//1310
f 942//491 950//1318 930//492
f 875//772 989//773 752//793
f 594//327 602//720 989//773
f 766//719 355//1232 643//552
f 355//1232 260//553 643//552
f 905//1081 917//342 896//1279
f 965//684 1060//1620 1162//395
f 892//1312 896//1279 910//490
f 1101//11 1052//1685 1042//12
f 1029//1686 1031//1687 834//1347
f 1101//11 1133//105 1118//53
f 342//114 357//123 376//1688
f 516//1689 515//1690 2454//1189
f 1656//1691 2494//499 2467//1692
f 1056//1693 1303//1568 1133//105
f 1120//23 1130//22 862//1251
f 69//191 342//114 376//1688
f 1055//10 1056//1693 1133//105
f 499//1475 69//191 165//476
f 85//602 101//658 111//461
f 1031//1687 1032//48 834//1347
f 200//1089 679//1082 1166//34
f 1031//1687 1042//12 1032//48
f 1171//1681 65//45 934//1437
f 1822//1694 1204//1421 1177//1695
f 1096//784 956//1317 1103//344
f 514//834 96//1161 97//360
f 956//1317 1145//1696 1144//33
f 1185//1697 1166//34 1144//33
f 1145//1696 1185//1697 1144//33
f 1185//1697 200//1089 1166//34
f 375//1698 132//101 1041//1699
f 1153//1700 1202//36 305//38
f 32//169 1244//168 1249//841
f 1096//784 1087//1313 956//1317
f 554//404 78//417 2355//1296
f 1191//1701 138//1702 110//1309
f 65//45 35//113 432//46
f 1087//1313 1110//1703 956//1317
f 1110//1703 1146//1704 956//1317
f 956//1317 1146//1704 1145//1696
f 1146//1704 1156//1705 1145//1696
f 1145//1696 1156//1705 1185//1697
f 950//1318 956//1317 1144//33
f 2481//421 2495//1706 948//255
f 1156//1705 1193//1707 1185//1697
f 1050//462 1047//124 1051//1708
f 239//1709 151//1710 107//1711
f 1185//1697 1193//1707 36//826
f 1747//1315 1110//1703 1087//1313
f 1134//1712 1146//1704 1110//1703
f 1146//1704 1157//1713 1156//1705
f 1156//1705 1157//1713 1193//1707
f 1041//1699 1045//577 1034//578
f 1397//1714 1134//1712 1110//1703
f 1157//1713 1146//1704 1134//1712
f 1157//1713 1175//1715 1193//1707
f 1193//1707 199//526 36//826
f 1090//39 1035//257 1196//63
f 1456//1392 1150//85 1051//1708
f 1175//1715 199//526 1193//1707
f 1186//1716 695//1717 199//1718
f 1186//1716 199//1718 1175//1719
f 1175//1715 1157//1713 1134//1712
f 728//1720 1186//1716 1175//1719
f 197//873 760//1041 6//1355
f 1130//22 593//1196 862//1251
f 1167//697 1109//96 182//107
f 1194//1543 1115//1428 1161//1548
f 2140//1340 1928//1721 1504//1341
f 921//136 922//135 2138//1420
f 1147//1722 1134//1712 1397//1714
f 1719//1723 1147//1722 1397//1714
f 1147//1722 1175//1715 1134//1712
f 1175//1724 1147//1724 728//1724
f 341//132 1654//31 1208//1360
f 754//742 151//778 9//741
f 284//1443 2138//1420 1058//281
f 1188//103 1557//170 1660//209
f 1191//1701 110//1309 1053//165
f 916//972 284//1449 1189//92
f 284//1449 1058//4 1189//92
f 2094//1139 1465//1725 2127//1118
f 1726//301 1019//302 1147//1726
f 1147//1726 1019//302 728//792
f 593//1196 1130//22 96//1161
f 239//1709 305//38 1038//702
f 1036//1727 1131//158 315//178
f 397//744 1131//158 1120//23
f 1053//165 96//1161 1130//22
f 2467//897 2485//600 1869//1728
f 517//895 1089//1729 421//7
f 834//1347 1827//1730 1029//1686
f 419//59 1047//124 1117//57
f 1034//578 433//155 1306//154
f 2239//1513 1862//454 1730//514
f 1453//1477 1462//855 1472//1578
f 1408//1595 1422//275 1399//1731
f 471//157 23//1732 1111//1733
f 1205//1734 1150//85 1456//1392
f 1205//1734 1040//86 1150//85
f 1131//158 1036//1727 293//1735
f 293//1735 1068//1736 1044//164
f 375//1698 1041//1699 138//1702
f 1205//1734 1140//698 1046//100
f 1040//86 1205//1734 1046//100
f 1140//698 1167//697 1046//100
f 1104//1737 1049//1411 83//696
f 1052//1685 1085//49 1032//48
f 1044//164 1068//1736 1191//1701
f 1167//697 1483//699 1109//96
f 208//80 1084//188 1035//257
f 1040//86 132//101 375//1698
f 1834//1738 20//1739 3//1740
f 1050//462 1051//1708 1070//1741
f 1133//105 1125//1330 1174//43
f 11//911 1440//37 1401//1742
f 420//81 208//80 1071//19
f 1135//1743 1079//1744 1094//1745
f 1086//55 1101//11 1118//53
f 1029//1686 1030//854 1031//1687
f 1200//1746 1061//1747 294//1748
f 1191//1701 1068//1736 138//1702
f 1171//1681 1141//54 65//45
f 1141//54 1172//1749 65//45
f 1172//1749 35//113 65//45
f 1172//1749 404//44 35//113
f 404//44 99//56 35//113
f 221//848 1104//1737 1063//1750
f 802//1751 398//144 1083//143
f 20//1739 1089//1729 3//1740
f 2064//1752 1699//1613 835//1103
f 1042//12 1052//1685 1032//48
f 1433//1753 1261//17 1432//670
f 1323//460 2338//1754 155//1755
f 1076//1391 1205//1734 1456//1392
f 1088//1756 1402//1757 1056//1693
f 1150//85 348//87 1070//1741
f 1200//1746 1089//1729 20//1739
f 1097//1758 1162//395 100//394
f 1032//48 873//1348 834//1347
f 21//141 471//157 1111//1759
f 294//1748 1097//1760 1104//1737
f 1072//1761 100//394 584//1253
f 1151//1354 760//1041 622//1157
f 132//101 1045//577 1041//1699
f 1050//462 1070//1741 1135//1743
f 1088//1756 1039//152 940//151
f 650//853 159//654 635//985
f 100//394 1170//396 729//535
f 729//535 584//1253 100//394
f 1103//344 931//343 1096//784
f 925//1450 1443//661 1513//323
f 138//1702 1102//1762 110//1309
f 1034//578 1306//154 1152//218
f 1071//19 1035//257 1090//39
f 100//394 1072//1761 1097//1758
f 23//1732 1158//1763 315//178
f 1068//1736 375//1698 138//1702
f 1586//1304 1612//1285 1585//26
f 1819//1764 1030//854 1029//1686
f 1041//1699 1034//578 1102//1762
f 232//1765 375//1698 1068//1736
f 348//87 1079//1744 1070//1741
f 1061//1747 1097//1760 294//1748
f 1513//323 1443//661 1442//1451
f 1200//1746 294//1748 1119//364
f 376//1688 1050//462 1062//1766
f 1094//1745 1036//1727 315//178
f 1200//1746 1119//364 1089//1729
f 1111//1759 1183//142 21//141
f 1044//164 1191//1701 1053//165
f 698//970 295//1767 689//664
f 1079//1744 232//1765 1036//1727
f 404//44 1117//57 99//56
f 1495//66 1496//1453 717//67
f 1119//364 294//1748 98//463
f 3//1740 1089//1729 517//895
f 1132//495 1063//1750 83//696
f 1132//495 83//696 175//695
f 132//101 1046//100 182//107
f 1111//179 1195//743 1183//1323
f 1131//158 1044//164 1037//21
f 127//330 402//70 1804//69
f 219//166 1272//1768 1047//124
f 1697//1769 1135//1743 1094//1745
f 2140//1340 1854//1770 2117//234
f 1111//179 397//744 1195//743
f 1177//1695 1162//395 1097//1758
f 1061//1747 1177//1695 1097//1758
f 717//67 1509//1771 714//422
f 2//108 1300//95 433//155
f 462//619 290//566 461//672
f 98//463 294//1748 221//848
f 294//1748 1104//1737 221//848
f 714//422 1161//1548 1007//1258
f 1073//1772 1152//218 1143//219
f 1697//1773 1094//1745 1360//1774
f 1223//1775 1423//1776 1218//1777
f 836//809 2479//653 842//1433
f 1097//1760 1072//1761 1049//1411
f 348//87 1040//86 375//1698
f 3//1740 517//895 316//1778
f 180//1532 1061//1747 1201//1779
f 348//87 375//1698 232//1765
f 1432//670 1431//1269 1415//1780
f 220//102 1513//323 1495//66
f 1104//1737 1097//1760 1049//1411
f 306//226 674//1054 596//300
f 777//412 455//1781 723//1201
f 2170//1782 2151//1783 1641//1784
f 1047//124 419//59 219//166
f 1102//1762 1034//578 1073//1772
f 1073//1772 1034//578 1152//218
f 1035//257 1054//106 1196//63
f 1177//1695 1204//1421 1162//395
f 746//568 65//45 12//47
f 751//1365 178//1210 721//1115
f 1054//106 517//895 421//7
f 1051//1708 1150//85 1070//1741
f 1102//1762 1073//1772 110//1309
f 998//251 1136//1785 355//1232
f 567//838 566//1332 1163//840
f 1111//179 315//178 397//744
f 1048//1418 1074//850 835//1103
f 1158//1763 1094//1745 315//178
f 1374//1786 1107//1447 1252//1787
f 1112//1631 1136//1785 998//251
f 472//1208 629//1153 500//1152
f 355//1232 1136//1785 260//553
f 260//553 118//1788 43//411
f 1104//1737 83//696 1063//1750
f 376//1688 357//123 1050//462
f 1463//1789 1142//1329 1545//1569
f 1036//1727 232//1765 293//1735
f 1030//854 1042//12 1031//1687
f 1079//1744 348//87 232//1765
f 221//848 1063//1750 1132//495
f 1094//1745 1079//1744 1036//1727
f 1076//1391 1629//1790 1205//1734
f 1136//1785 1197//1791 260//553
f 260//553 1197//1791 118//1788
f 1204//1421 965//684 1162//395
f 293//1735 232//1765 1068//1736
f 1590//880 1205//1734 1629//1790
f 1205//1734 1590//880 1140//698
f 250//1540 382//748 392//749
f 1296//657 1318//392 1311//197
f 347//1533 1201//1779 20//1739
f 1201//1779 1200//1746 20//1739
f 132//101 182//107 1045//577
f 1101//11 1086//55 1052//1685
f 1033//153 1039//152 1055//10
f 138//1702 1041//1699 1102//1762
f 970//1792 1010//1792 2495//1792
f 455//1781 777//412 43//411
f 1992//213 1948//1793 2023//1794
f 20//1739 1834//1738 347//1533
f 1072//1761 584//1253 1049//1411
f 584//1253 1192//614 1049//1795
f 182//107 2//108 1045//577
f 1163//1796 324//1407 44//1406
f 1360//1774 1094//1745 1158//1763
f 1450//1797 1360//1774 1158//1763
f 1091//1798 1112//1631 229//789
f 509//1799 723//1201 455//1781
f 207//1800 509//1799 455//1781
f 1251//1801 1257//1655 1266//1802
f 1488//220 1489//116 1547//118
f 2157//1803 1541//1804 1875//1805
f 305//38 107//1711 324//1806
f 1045//577 2//108 433//155
f 1070//1741 1079//1744 1135//1743
f 1136//1785 1168//1807 1197//1791
f 1197//1791 359//1808 118//1788
f 118//1788 359//1808 43//411
f 359//1808 356//1809 43//411
f 356//1809 455//1781 43//411
f 356//1809 207//1800 455//1781
f 1240//1594 1422//275 1408//1595
f 1163//1810 1153//1700 324//1811
f 1201//1779 1061//1747 1200//1746
f 1052//1685 1086//55 1085//49
f 1024//115 1141//54 1171//1681
f 1112//1631 1105//1812 1136//1785
f 1050//462 1135//1743 1062//1766
f 1105//1812 1168//1807 1136//1785
f 1168//1807 1178//1813 1197//1791
f 1197//1791 1178//1813 359//1808
f 1173//626 404//44 1172//1749
f 465//1814 356//1809 359//1808
f 1174//43 1125//1330 240//134
f 1240//1594 1431//1269 1422//275
f 1098//1815 1113//1816 1105//1812
f 1112//1631 1098//1815 1105//1812
f 1105//1812 1178//1813 1168//1807
f 1178//1813 465//1814 359//1808
f 1091//1798 1098//1815 1112//1631
f 1133//105 1174//43 1118//53
f 98//463 221//848 1059//13
f 487//496 1132//495 175//695
f 980//278 1017//1817 285//1496
f 465//1814 207//1800 356//1809
f 180//1532 1201//1779 347//1533
f 1060//1620 524//534 1170//396
f 445//187 127//330 316//1778
f 1431//1269 1438//1268 1422//275
f 498//247 469//473 681//730
f 940//1818 1807//1819 1759//1820
f 381//936 250//1540 1290//968
f 1113//1816 1122//1821 1105//1812
f 1105//1812 1122//1821 1178//1813
f 1151//1354 509//1799 207//1800
f 1236//539 2035//1822 525//1299
f 1131//158 293//1735 1044//164
f 346//1823 207//1800 465//1814
f 346//1823 1151//1354 207//1800
f 1822//1694 1796//1824 1204//1421
f 1143//219 204//194 97//360
f 123//1825 1128//816 971//1438
f 2153//1663 2152//1671 2134//1664
f 126//1826 1151//1354 346//1823
f 517//895 445//187 316//1778
f 1450//1797 1158//1763 23//1732
f 1458//1827 1462//855 1430//1474
f 1129//480 152//1828 1182//99
f 1122//1821 1159//1829 1178//1813
f 1178//1813 1198//1830 465//1814
f 79//1831 346//1823 465//1814
f 126//1826 1155//1832 1151//1354
f 1151//1354 1155//1832 6//1355
f 295//1767 1129//480 689//664
f 1073//1772 1143//219 97//360
f 1098//1815 1123//1833 1113//1816
f 1113//1816 1123//1833 1122//1821
f 1123//1833 1169//1834 1122//1821
f 1178//1813 1159//1829 1198//1830
f 1198//1830 79//1831 465//1814
f 392//749 383//97 152//1828
f 1822//1694 1061//1747 180//1532
f 116//358 92//357 625//984
f 421//7 1089//1729 1119//364
f 1129//480 295//1767 152//1828
f 110//1309 1073//1772 97//360
f 1173//626 1172//1749 1141//54
f 1122//1821 1169//1834 1159//1829
f 79//1831 126//1826 346//1823
f 1155//1832 181//871 6//1355
f 971//1438 926//815 1002//76
f 295//1767 1043//966 152//1828
f 1039//152 1088//1756 1056//1693
f 1428//1586 1266//1802 1436//1587
f 404//44 419//59 1117//57
f 836//809 879//245 2479//653
f 2464//1256 2476//947 2458//312
f 1198//1830 317//1835 79//1831
f 1124//91 939//6 301//133
f 44//839 754//742 567//838
f 1039//152 1056//1693 1055//10
f 1439//883 1459//882 1458//1505
f 1660//209 1412//221 986//1530
f 1169//1834 1160//367 1159//1829
f 179//1836 1155//1832 126//1826
f 1155//1832 131//872 181//871
f 1061//1747 1822//1694 1177//1695
f 1153//1700 305//38 324//1811
f 175//695 314//634 327//645
f 1160//367 1187//366 1159//1829
f 1159//1829 1187//366 1198//1830
f 1198//1830 1187//366 317//1835
f 79//1831 179//1836 126//1826
f 1043//966 250//1540 392//749
f 152//1828 1043//966 392//749
f 96//1161 819//1173 593//1196
f 1123//1833 1127//1837 1169//1834
f 317//1835 179//1836 79//1831
f 1057//921 1155//1832 179//1836
f 1155//1832 391//790 131//872
f 131//872 391//790 668//791
f 2381//25 1586//1838 1585//26
f 12//47 69//191 499//1475
f 262//145 398//144 1640//190
f 2107//961 2118//1585 2060//869
f 2130//1839 2094//1139 2002//1117
f 1187//366 249//828 317//1835
f 1155//1832 1057//921 391//790
f 1290//968 439//967 1265//1840
f 305//38 239//1709 107//1711
f 1127//1837 1160//367 1169//1834
f 317//1835 473//939 179//1836
f 473//939 1057//921 179//1836
f 83//696 1192//635 314//634
f 1043//966 1290//968 250//1540
f 1807//1841 940//151 1030//854
f 517//895 1084//188 445//187
f 1057//921 1164//827 391//790
f 2492//246 2480//477 2493//1842
f 163//413 643//552 43//411
f 1056//1693 1545//1569 1303//1568
f 1069//1 1655//938 1023//1843
f 249//828 473//939 317//1835
f 1162//395 1060//1620 1170//396
f 1086//55 1118//53 1154//52
f 82//611 68//656 16//703
f 1989//1844 1990//1845 1536//1478
f 1633//1506 1632//30 1611//186
f 1487//393 2372//1846 1305//1039
f 1494//211 1069//1 1023//1843
f 1137//881 1160//367 1127//1837
f 669//35 1166//34 679//1082
f 390//1847 1285//1848 426//1849
f 1955//1410 1972//212 1971//214
f 1219//1440 1223//1775 2437//1850
f 1254//15 1261//17 1223//1775
f 1319//1851 1545//1569 1056//1693
f 1320//1852 1328//1853 2443//1854
f 1261//17 1433//1753 1223//1775
f 1219//1440 1254//15 1223//1775
f 254//595 222//596 2428//1177
f 1237//1855 1290//968 1265//1840
f 1284//1856 1273//1857 1263//1858
f 1277//1859 1291//796 1301//1860
f 1314//787 102//754 1301//1861
f 1280//1862 363//349 377//259
f 1313//1472 1353//1429 1514//304
f 468//951 451//844 439//846
f 1918//1193 1964//1863 1956//1864
f 2026//1281 29//1865 2140//1340
f 1354//920 381//936 1279//1866
f 1224//1228 30//16 1254//15
f 147//931 158//964 173//955
f 1247//1867 1253//1868 274//780
f 1271//1869 380//1870 334//1871
f 2043//1872 2072//1288 2042//1289
f 274//780 300//782 267//1873
f 1356//800 1392//1874 211//768
f 13//1413 240//134 1142//1329
f 1382//813 1330//1875 1392//1874
f 1312//1876 1323//460 155//1755
f 240//134 1125//1330 1142//1329
f 2358//1877 1573//1877 1362//1877
f 1236//539 1249//841 1244//168
f 1272//1768 219//166 1348//1412
f 1271//1869 1274//1878 380//1870
f 191//484 2034//174 1982//1879
f 1992//213 2052//1610 1990//1880
f 462//619 452//960 689//663
f 2262//1881 2286//1882 2261//1883
f 183//1884 489//1885 1642//1886
f 2485//1887 2480//991 1869//224
f 84//592 111//461 1323//460
f 1190//1888 353//904 1354//920
f 446//288 434//1889 435//260
f 1336//929 171//917 1341//1890
f 2021//497 430//176 2059//808
f 862//1251 878//1181 1120//23
f 1263//1858 1273//1857 1248//1891
f 1966//1274 1921//1273 2144//1892
f 1312//1876 84//592 1323//460
f 240//134 13//1413 1348//1412
f 1359//1893 1274//1878 1271//1869
f 1392//1874 1330//1875 1247//1867
f 1520//1894 1333//977 11//911
f 1368//1895 1253//1868 1247//1867
f 1279//1866 1285//1848 1190//1888
f 2465//1592 990//1896 2489//637
f 1272//1768 1519//1414 805//1897
f 1369//1898 1272//1768 805//1897
f 1317//148 95//150 1344//1899
f 1242//1900 1248//1891 1234//1901
f 1368//1895 242//913 1363//899
f 274//780 1262//1902 1386//781
f 532//1903 597//1904 1886//1905
f 2117//234 2026//1281 2140//1340
f 1392//1874 1247//1867 274//780
f 2162//1906 508//1907 985//1908
f 1964//1863 1469//1909 1965//1910
f 1315//810 104//867 1331//812
f 1392//1874 1356//800 1382//813
f 128//538 1342//537 1336//929
f 1285//1848 427//905 426//852
f 1219//1440 1224//1228 1254//15
f 1320//1520 1322//856 1321//1911
f 1320//1852 1321//1912 1328//1853
f 153//1913 2443//1854 1328//1853
f 1321//1912 153//1913 1328//1853
f 1235//1283 1244//168 1243//1914
f 1225//1439 1224//1228 1219//1440
f 1359//1893 353//904 1190//1888
f 1312//1876 1473//1915 1458//1827
f 1336//929 1342//537 147//931
f 305//38 1333//977 1038//702
f 1336//929 147//931 171//917
f 516//1002 31//665 19//1178
f 2479//653 2461//795 842//1433
f 1237//1855 1265//1840 427//905
f 1263//1858 1278//1916 1284//1856
f 881//1481 1827//1730 834//1347
f 1237//1855 427//905 1285//1848
f 1299//593 1312//1876 1458//1827
f 1190//1888 1285//1848 1274//1878
f 1363//899 286//898 1253//1868
f 2330//1573 2303//1612 828//1542
f 427//905 442//874 426//852
f 2493//1842 2463//244 2492//246
f 1285//1848 380//1870 1274//1878
f 522//1141 18//494 1225//1439
f 2471//639 2472//836 2488//640
f 2338//1754 154//1917 1321//1912
f 1423//1776 1415//1780 1218//1777
f 1225//1439 18//494 1224//1228
f 1253//1868 286//898 1262//1902
f 286//898 353//904 1359//1893
f 171//917 1368//1895 1383//1918
f 1273//723 54//675 1234//707
f 1973//1401 2447//1376 527//1327
f 1322//856 155//1755 1321//1911
f 1203//126 1369//1898 1413//1919
f 1307//350 363//349 1298//371
f 1364//1920 1375//163 1329//1921
f 1329//1921 227//162 1306//154
f 296//369 1298//371 1343//370
f 947//1211 2499//573 1447//1212
f 1203//126 1047//124 1272//1768
f 1098//1815 1748//1922 1123//1833
f 1519//1414 1272//1768 1348//1412
f 1277//1859 70//1923 1273//1857
f 1282//1924 1337//1925 1361//1926
f 286//898 302//900 353//904
f 103//865 104//867 1315//810
f 1377//261 435//260 434//1889
f 1449//671 1261//17 1345//963
f 926//815 1310//814 806//761
f 1263//1858 1248//1891 1242//1900
f 985//1908 508//1907 597//1904
f 1415//1780 1222//1927 1218//1777
f 88//894 1325//916 104//867
f 170//459 111//461 156//650
f 1384//1928 1282//1924 1361//1926
f 274//780 1253//1868 1262//1902
f 1371//1929 1317//148 1344//1899
f 1371//1929 1366//1930 1337//1931
f 1345//963 1459//882 1449//671
f 171//917 1383//1918 1341//1890
f 2438//1284 1235//1283 1227//1932
f 2134//1933 1582//1934 2118//1935
f 428//1550 1260//1936 1379//1937
f 1336//929 1341//1890 1325//916
f 1235//1938 1242//1900 1227//1939
f 1228//1940 1687//1941 2284//1942
f 1854//1770 2140//1340 2016//1342
f 1866//427 1887//1943 1873//1944
f 1343//370 1298//371 1370//1945
f 1384//1928 1361//1926 2440//1946
f 171//917 242//913 1368//1895
f 1344//1899 1309//1947 1366//1930
f 1371//1929 1344//1899 1366//1930
f 1280//1862 1377//261 1293//1948
f 200//1089 1185//1697 205//765
f 1330//1875 1383//1918 1368//1895
f 1255//167 1264//797 1263//1858
f 543//1949 1367//1950 1876//1951
f 1343//370 1370//1945 1260//1936
f 1293//1948 1326//1952 1370//1945
f 2440//1946 1361//1926 1302//1953
f 1282//1924 1384//1928 2406//1954
f 271//160 1337//1925 1282//1924
f 170//459 2338//1754 1323//460
f 1528//1955 1503//440 2470//1321
f 515//1690 1347//1956 2453//1190
f 1997//1957 1705//1958 1998//62
f 2285//1959 1228//1959 2284//1959
f 1229//1960 1250//1961 1228//1940
f 1330//1875 1368//1895 1247//1867
f 1919//1962 1619//1963 2045//1964
f 1344//1899 1364//1920 1335//1965
f 1222//1927 1240//1594 1221//1593
f 1212//1966 858//1967 1741//1968
f 2388//1969 1222//1927 1221//1593
f 1528//1955 2470//1321 2068//1380
f 501//1374 1308//1373 2171//1425
f 1295//1970 1311//197 1487//393
f 2116//1971 1619//1963 1655//938
f 1220//1972 1229//1960 1228//1940
f 8//1416 663//1415 573//1647
f 1343//370 1260//1936 428//1550
f 1337//1931 1366//1930 1361//1926
f 1298//371 1280//1862 1293//1948
f 1269//513 1345//963 1261//17
f 1279//1866 381//936 1290//968
f 1230//1973 1229//1960 1220//1972
f 1230//1973 1245//1974 1229//1960
f 1245//1974 1250//1961 1229//1960
f 1227//1001 1234//707 31//665
f 1302//1953 1361//1926 1350//1975
f 1245//1974 1266//1802 1428//1586
f 1992//213 2023//1794 2052//1610
f 2482//1175 2471//639 2475//638
f 452//960 462//619 461//672
f 271//160 1282//1924 1275//1604
f 1991//1976 1989//1844 1934//1977
f 1366//1930 1309//1947 1350//1975
f 1344//1899 1335//1965 1309//1947
f 730//1109 699//1149 974//1516
f 1374//1786 1252//1787 1208//1360
f 597//1904 508//1907 1912//1978
f 1363//899 1253//1868 1368//1895
f 1386//781 1271//1869 300//782
f 1211//1979 1218//1777 1222//1927
f 1376//1980 1377//261 434//1889
f 2399//1981 2437//1982 1211//1983
f 1284//1856 1291//796 1277//1859
f 1230//1973 1251//1801 1245//1974
f 1251//1801 1266//1802 1245//1974
f 1317//148 1371//1929 1337//1931
f 1288//1984 1286//1985 1095//1361
f 1095//1361 1286//1985 1352//1359
f 1241//1986 1208//1360 1352//1359
f 1241//1986 1374//1786 1208//1360
f 1284//1856 1278//1916 1291//796
f 211//768 1392//1874 267//1873
f 1344//1899 1375//163 1364//1920
f 929//207 583//206 1028//884
f 1361//1926 1366//1930 1350//1975
f 1115//1428 1294//1630 1639//607
f 1291//796 103//833 1301//1860
f 1220//1972 1231//1987 1230//1973
f 1231//1987 1251//1801 1230//1973
f 1234//1901 1248//1891 1273//1857
f 1255//167 55//798 1264//797
f 1360//1774 1450//1797 1702//1988
f 363//349 1280//1862 1298//371
f 1369//1898 1203//126 1272//1768
f 1415//1780 1240//1594 1222//1927
f 1216//1989 1231//1987 1220//1972
f 1243//1914 1263//1858 1235//1938
f 1375//163 227//162 1329//1921
f 1264//797 1278//1916 1263//1858
f 855//1990 899//1473 961//687
f 1286//1985 1241//1986 1352//1359
f 2081//868 2128//1584 2107//961
f 1223//1775 1433//1753 1423//1776
f 1473//1915 1312//1876 155//1755
f 154//1917 153//1913 1321//1912
f 1377//261 1376//1980 1293//1948
f 1392//1874 274//780 267//1873
f 334//1871 300//782 1271//1869
f 1955//1410 1991//1976 1934//1977
f 1613//1503 1327//1991 1288//1984
f 1327//1991 1286//1985 1288//1984
f 1349//1992 1374//1786 1241//1986
f 2370//1993 2025//429 2367//431
f 1315//810 1331//812 133//799
f 434//1889 446//288 1256//1994
f 1232//1995 1251//1801 1231//1987
f 1243//1914 1244//168 1255//167
f 1286//1985 1304//1996 1241//1986
f 1349//1992 1107//1447 1374//1786
f 1359//1893 1271//1869 1386//781
f 1227//1001 516//1002 2431//1997
f 219//166 240//134 1348//1412
f 1270//1605 271//160 1275//1604
f 1255//167 1263//1858 1243//1914
f 2026//1281 1926//1998 29//1865
f 1683//121 2157//1803 1212//1966
f 1326//1952 1293//1948 1376//1980
f 1255//167 32//169 55//798
f 104//867 1325//916 1341//1890
f 519//688 2462//326 2475//638
f 2154//1999 2161//1423 2137//2000
f 1376//1980 434//1889 1246//2001
f 1246//2001 434//1889 1256//1994
f 1257//1655 1251//1801 1232//1995
f 1262//1902 1359//1893 1386//781
f 2195//1653 2192//1652 2186//2002
f 1308//1373 534//1075 1226//216
f 2026//1281 2117//234 544//243
f 1327//1991 1613//1503 1324//1668
f 1327//1991 1326//1952 1286//1985
f 1286//1985 1326//1952 1304//1996
f 104//867 1341//1890 1331//812
f 774//1229 524//534 880//1666
f 837//2003 1517//1076 534//1075
f 1127//1837 1123//1833 1567//2004
f 1279//1866 1237//1855 1285//1848
f 1297//2005 1381//94 1294//1630
f 1217//2006 1232//1995 1216//1989
f 1142//1329 1519//1414 13//1413
f 1436//1587 1267//1577 1287//1588
f 1324//1668 1372//2007 1327//1991
f 1304//1996 1246//2001 1241//1986
f 1246//2001 1349//1992 1241//1986
f 1246//2001 1373//2008 1349//1992
f 286//898 1359//1893 1262//1902
f 1382//813 1383//1918 1330//1875
f 1284//1856 1277//1859 1273//1857
f 489//60 1998//62 1799//2009
f 1675//2010 1116//2010 1075//2010
f 106//146 1317//148 1337//1931
f 1311//197 1295//1970 1281//2011
f 1292//2012 1364//1920 1329//1921
f 1335//1965 1364//1920 1292//2012
f 1334//1427 1294//1630 1115//1428
f 1334//1427 1297//2005 1294//1630
f 1300//95 1381//94 1297//2005
f 973//1434 842//1433 2461//795
f 1217//2006 1239//2013 1232//1995
f 1232//1995 1239//2013 1257//1655
f 1258//1575 1267//1577 1436//1587
f 1359//1893 1190//1888 1274//1878
f 1862//454 1405//456 1877//465
f 1372//2007 1339//2014 1327//1991
f 1339//2014 1326//1952 1327//1991
f 1373//2008 1351//2015 1349//1992
f 1276//195 1311//197 1281//2011
f 1256//1994 2386//2016 1351//2015
f 2//108 1109//96 1300//95
f 482//2017 1731//2018 520//2019
f 803//2020 1604//2021 2022//2022
f 1223//1775 1218//1777 1211//1979
f 1341//1890 1383//1918 1382//813
f 1298//371 1293//1948 1370//1945
f 1190//1888 1354//920 1279//1866
f 1324//1668 2398//2023 1372//2007
f 1714//2024 1700//2025 2173//1678
f 183//215 2000//61 489//60
f 1701//1509 1666//1511 192//2026
f 1227//1939 1242//1900 1234//1901
f 1332//2027 1289//1471 1310//814
f 1517//1076 2005//2028 2130//1839
f 1331//812 1341//1890 1382//813
f 525//1299 1249//841 1236//539
f 23//1732 1268//2029 1450//1797
f 1264//797 1291//796 1278//1916
f 1281//2011 1287//1588 1267//1577
f 1295//1970 1305//1039 1287//2030
f 1281//2011 1295//1970 1287//2030
f 1487//393 1305//1039 1295//1970
f 1605//2031 2097//2032 2058//2033
f 1326//1952 1376//1980 1304//1996
f 1304//1996 1376//1980 1246//2001
f 1316//397 1919//1962 1984//2034
f 2500//1358 1949//1405 2460//410
f 1332//2027 1313//1472 1289//1471
f 2189//2035 2181//2036 2177//1581
f 1335//1965 1334//1427 1353//1429
f 1292//2012 1297//2005 1334//1427
f 1428//1586 1250//1961 1245//1974
f 969//908 958//1528 952//1527
f 1217//2006 1233//2037 1239//2013
f 1233//2037 1257//1655 1239//2013
f 1876//1951 1367//1950 1338//2038
f 1379//1937 1260//1936 1372//2007
f 1372//2007 1260//1936 1339//2014
f 1128//816 1302//1953 1310//814
f 1310//814 1302//1953 1332//2027
f 1335//1965 1353//1429 1313//1472
f 1292//2012 1334//1427 1335//1965
f 1297//2005 1329//1921 1300//95
f 1279//1866 1290//968 1237//1855
f 1301//2039 103//865 1314//811
f 70//724 1301//1861 102//754
f 23//1732 1333//977 1268//2029
f 380//1870 1285//1848 390//1847
f 772//2040 325//199 1275//1604
f 1314//811 103//865 1315//810
f 2473//1255 2458//312 2487//311
f 1276//195 1281//2011 1267//1577
f 1344//1899 95//150 1375//163
f 2053//2041 1771//806 1572//805
f 1246//2001 1256//1994 1373//2008
f 1373//2008 1256//1994 1351//2015
f 1340//2042 1302//1953 1128//816
f 1350//1975 1313//1472 1332//2027
f 1329//1921 1297//2005 1292//2012
f 2434//27 2473//1255 2487//311
f 106//146 1337//1925 271//160
f 23//1732 471//157 1333//977
f 622//1157 723//1201 509//1799
f 1388//1353 1517//1076 2127//1118
f 1991//1976 1990//1845 1989//1844
f 183//215 1636//2043 1226//216
f 2133//2044 1605//2031 2151//1783
f 1260//1936 1370//1945 1339//2014
f 1339//2014 1370//1945 1326//1952
f 867//1565 1894//2045 1902//1349
f 390//829 426//852 412//801
f 1235//1938 1263//1858 1242//1900
f 1399//2046 1422//2047 1233//2048
f 305//38 11//911 1333//977
f 1300//95 1329//1921 1306//154
f 1302//1953 1350//1975 1332//2027
f 1350//1975 1309//1947 1313//1472
f 1309//1947 1335//1965 1313//1472
f 2470//1321 2102//2049 1502//2050
f 1787//2051 1531//2052 1599//2053
f 1724//2054 1725//2055 1691//2056
f 1827//2057 1601//2058 1927//2059
f 1678//2060 1358//2061 1476//2062
f 1823//93 1812//308 1846//1534
f 1805//119 1824//2063 1708//1535
f 1746//2064 1676//2065 1797//2066
f 325//199 2395//228 429//217
f 1835//1314 1677//1174 1826//2067
f 1507//122 1790//2068 1722//1483
f 1526//2069 1672//2070 858//1967
f 158//964 147//931 1342//537
f 1462//855 1473//1915 1322//856
f 1474//441 1414//2071 1565//439
f 1761//2072 1900//466 1877//465
f 940//1818 1759//1820 1008//2073
f 1565//439 1015//2074 1008//2073
f 1924//1236 1533//2075 1933//2076
f 1878//426 826//428 830//766
f 1565//439 1414//2071 1015//2074
f 1402//2077 1088//2078 1008//2073
f 1538//2079 1532//2080 1651//2081
f 1015//2074 1552//2082 1008//2073
f 1538//2079 1591//2083 1474//441
f 1532//2080 1538//2079 1474//441
f 1474//441 1591//2083 1414//2071
f 1484//2084 1402//2085 1008//2073
f 1552//2082 1484//2084 1008//2073
f 1414//2071 1460//2086 1015//2074
f 1015//2074 1460//2086 1552//2082
f 806//761 1289//1471 945//303
f 1597//2087 1538//2079 1659//2088
f 1484//2084 1319//2089 1402//2085
f 1056//1693 1402//1757 1319//1851
f 1538//2079 1597//2087 1591//2083
f 1591//2083 960//2090 1414//2071
f 1414//2071 960//2090 1460//2086
f 1925//84 1466//2091 1455//82
f 1552//2082 1400//2092 1484//2084
f 1484//2084 1400//2092 1319//2089
f 1400//2092 113//2093 1319//2089
f 1597//2087 1580//2094 1591//2083
f 1460//2086 1400//2092 1552//2082
f 1514//304 1441//1544 966//1455
f 1597//2087 1659//2088 1409//759
f 1657//2095 113//2093 1400//2092
f 1460//2086 1657//2095 1400//2092
f 1288//1984 1095//1361 1634//1431
f 1551//1642 1597//2087 1409//759
f 1580//2094 1598//2096 1591//2083
f 1591//2083 1598//2096 960//2090
f 1536//1478 1990//1845 2031//870
f 960//2090 1657//2095 1460//2086
f 1809//2097 1746//2064 1797//2066
f 1423//1776 1433//1753 1432//670
f 2478//758 1362//1643 1409//759
f 1463//1789 1545//1569 113//2098
f 1657//2095 1463//2099 113//2093
f 1457//1038 1287//2030 1305//1039
f 1682//2100 1716//2101 1746//2064
f 1434//2102 1761//2072 1885//2103
f 1013//1259 1139//609 1617//1589
f 2379//2104 1362//2105 2478//2106
f 1420//2107 1597//2087 1551//1642
f 1420//2107 1580//2094 1597//2087
f 1664//2108 1808//2109 1712//2110
f 2256//2111 2250//2112 2231//2113
f 1362//1643 1551//1642 1409//759
f 2196//2114 2214//2115 2213//2116
f 1691//2056 1725//2055 1777//2117
f 1626//2118 192//2026 1666//1511
f 1534//2119 1574//2120 2058//2033
f 1574//2120 1600//2121 1605//2031
f 1600//2121 1606//2122 1605//2031
f 1606//2122 1641//1784 1605//2031
f 1573//1644 1420//2107 1551//1642
f 1657//2095 1485//2123 1463//2099
f 678//1545 1806//2124 1742//2125
f 1534//2119 1553//2126 1574//2120
f 1574//2120 1575//2127 1600//2121
f 1810//2128 2170//1782 585//2129
f 1623//2130 1641//1784 1606//2122
f 1407//2131 1657//2095 960//2090
f 1598//2096 1407//2131 960//2090
f 1485//2132 1142//1329 1463//1789
f 1716//2101 1581//2133 1676//2065
f 1738//2134 1743//2135 1733//2136
f 843//1466 2064//1752 835//1103
f 1539//2137 1575//2127 1574//2120
f 1553//2126 1539//2137 1574//2120
f 1575//2127 1592//2138 1600//2121
f 1592//2138 1624//2139 1606//2122
f 1600//2121 1592//2138 1606//2122
f 1642//1886 585//2129 1641//1784
f 1623//2130 1642//1886 1641//1784
f 1485//2132 164//2140 1142//1329
f 1738//2134 1516//2141 1743//2135
f 1809//2097 1720//804 1798//1536
f 1533//2075 1535//2142 1534//2119
f 1592//2138 1607//2143 1624//2139
f 1624//2139 1623//2130 1606//2122
f 1163//840 566//1332 1116//1331
f 1407//2131 1485//2123 1657//2095
f 1432//670 1449//671 1439//883
f 1100//75 802//1751 2382//1252
f 1743//2135 1516//120 1722//1483
f 1746//2064 1716//2101 1676//2065
f 1535//2142 1539//2137 1534//2119
f 1534//2119 1539//2137 1553//2126
f 1642//1886 1623//2130 1624//2139
f 1095//1361 1208//1360 1654//31
f 967//2144 1407//2131 1598//2096
f 1580//2094 967//2144 1598//2096
f 1809//2097 1797//2066 1720//804
f 1924//1236 1524//2145 1535//2142
f 1533//2075 1924//1236 1535//2142
f 1539//2137 1576//2146 1575//2127
f 1642//1886 216//1557 585//2129
f 1407//2131 1529//2147 1485//2123
f 1485//2132 1529//2147 164//2140
f 1472//1578 1462//855 1482//857
f 1415//1780 1431//1269 1240//1594
f 966//1455 1194//1543 714//422
f 383//97 1182//99 152//1828
f 474//1049 2337//1368 446//2148
f 1743//2135 1841//1482 1757//2149
f 1486//2150 1524//2145 1924//1236
f 1535//2142 1525//2151 1539//2137
f 1575//2127 1576//2146 1592//2138
f 1420//2107 967//2144 1580//2094
f 1288//1984 1634//1431 1613//1503
f 459//885 427//905 1265//845
f 1404//2152 2179//2153 1393//2154
f 1404//2152 1403//887 1800//2155
f 1404//2152 1410//2156 1403//887
f 1410//2156 1749//2157 1403//887
f 1349//1992 1351//2015 218//1448
f 1486//2150 1498//2158 1524//2145
f 1535//2142 1524//2145 1525//2151
f 1607//2143 1636//1684 1624//2139
f 183//1884 1642//1886 1624//2139
f 1636//1684 183//1884 1624//2139
f 1107//1447 1349//1992 218//1448
f 1351//2015 845//2159 218//1448
f 164//2140 1519//1414 1142//1329
f 845//2159 413//1442 218//1448
f 1525//2151 1576//2146 1539//2137
f 1576//2146 1582//1934 1592//2138
f 1592//2138 2134//1933 1607//2143
f 2134//1933 1636//1684 1607//2143
f 2147//2160 1491//2161 1401//1742
f 1407//2131 1589//2162 1529//2147
f 1529//2147 1519//1414 164//2140
f 1693//2163 1763//886 1444//888
f 1924//1236 1479//1235 1486//2150
f 1592//2138 1582//1934 2134//1933
f 499//1475 165//476 874//475
f 2176//2164 1857//2164 1959//2164
f 2327//2165 2368//2166 2326//2167
f 2358//1213 821//2168 953//2169
f 953//2170 821//2171 1573//2172
f 1824//2063 1704//2173 1464//2174
f 1731//2018 1358//2061 1678//2060
f 1394//2175 1410//2156 1404//2152
f 1394//2175 1418//533 1410//2156
f 1466//2091 1479//2176 1839//2177
f 1486//2150 1479//1235 1498//2158
f 1498//2158 1525//2151 1524//2145
f 1576//2146 2080//2178 1582//1934
f 1785//2179 1684//1362 1898//1383
f 804//77 398//144 802//1751
f 804//77 925//1450 398//144
f 1447//1212 1562//2180 2358//1213
f 2358//1213 1562//2180 821//2168
f 821//2171 1620//2181 1573//2172
f 1620//2181 1420//2107 1573//1644
f 1420//2107 1556//2182 967//2144
f 1393//2154 1394//2175 1404//2152
f 1525//2151 2080//2178 1576//2146
f 1621//2183 1420//2107 1620//2181
f 1621//2184 1556//2182 1420//2107
f 967//2144 1589//2162 1407//2131
f 1505//2185 5//2186 1357//2187
f 1266//1802 1258//1575 1436//1587
f 1393//2154 1395//2188 1394//2175
f 2176//2189 2175//1328 1848//2190
f 1455//82 1466//2091 1839//2177
f 1525//2151 1540//1143 2080//2178
f 1582//1934 2080//2178 2118//1935
f 1100//75 804//77 802//1751
f 1556//2191 1589//2162 967//2144
f 1589//2162 1082//2192 1529//2147
f 1093//2193 1685//2194 1357//2187
f 1504//1341 1093//2193 1357//2187
f 1425//2195 1418//533 1394//2175
f 1475//2196 1479//2197 1466//2091
f 1479//1235 1506//2198 1498//2158
f 1789//1024 1784//2199 1730//514
f 2501//408 2465//1592 2489//637
f 1438//1268 1458//2200 1430//1474
f 1462//855 1458//1827 1473//1915
f 1454//2201 805//1897 1529//2147
f 1082//2192 1454//2201 1529//2147
f 1529//2147 805//1897 1519//1414
f 1425//2195 1394//2175 1395//2188
f 1425//2195 1744//531 1418//533
f 1479//1235 1475//2196 1506//2198
f 1540//1143 2060//869 2080//2178
f 1556//2191 1082//2192 1589//2162
f 1443//661 945//303 1511//305
f 1506//2198 1536//1478 1498//2158
f 1498//2158 1536//1478 1525//2151
f 1525//2151 1536//1478 1540//1143
f 1670//2202 852//2203 1672//2070
f 1998//62 1388//1353 1389//2204
f 1511//305 966//1455 1509//1771
f 1509//1771 966//1455 714//422
f 1442//1451 1443//661 1496//1453
f 1562//2180 1635//2205 821//2168
f 155//1755 1322//856 1473//1915
f 1439//883 1458//2200 1438//1268
f 1426//2206 1425//2195 1395//2188
f 1475//2196 1499//2207 1506//2198
f 1735//2208 1588//2209 1776//2210
f 2422//1637 2454//1189 2421//2211
f 1423//1776 1432//670 1415//1780
f 1559//2212 2101//2213 2073//2214
f 845//2159 866//2215 413//1442
f 1429//2216 1620//2181 821//2171
f 1620//2181 1429//2216 1621//2183
f 1228//1940 1250//1961 1687//1941
f 1002//76 945//303 1443//661
f 2382//1252 802//1751 1083//143
f 1859//2217 1411//2218 1395//2188
f 1411//2218 1426//2206 1395//2188
f 1426//2206 1744//531 1425//2195
f 1590//880 1437//879 1483//699
f 1480//2219 1475//2196 1466//2091
f 1480//2219 1499//2207 1475//2196
f 1510//2220 1733//2136 1743//2135
f 1663//2221 1696//204 1658//2222
f 1430//1474 1453//1477 1452//1617
f 1452//1617 1472//1578 1471//196
f 1452//1617 1471//196 1448//1618
f 1430//1474 1452//1617 1421//276
f 1430//1474 1421//276 1422//275
f 1429//2223 1082//2192 1556//2191
f 1621//2184 1429//2224 1556//2182
f 1351//2015 2386//2016 845//2159
f 1126//14 1059//13 487//496
f 1639//607 1437//879 1563//878
f 1504//1341 1928//1721 1093//2193
f 1499//2207 1536//1478 1506//2198
f 1588//2209 1770//2225 1727//2226
f 1110//1703 1747//1315 1397//1714
f 1776//2210 1588//2209 1531//2052
f 1322//856 1320//1520 1482//857
f 1590//880 1629//1790 1571//623
f 1730//514 1877//465 1838//464
f 1429//2223 935//2227 1082//2192
f 1082//2192 935//2227 1454//2201
f 804//77 1443//661 925//1450
f 1139//609 1007//1258 1639//607
f 1925//84 1480//2219 1466//2091
f 1934//1977 1989//1844 1480//2219
f 1499//2207 1989//1844 1536//1478
f 1727//2226 1526//2069 1531//2052
f 1593//2228 1614//2229 502//2230
f 2455//2231 2431//1636 2400//1462
f 1755//1556 1680//1621 908//2232
f 1563//878 1571//623 1564//608
f 1647//2 1078//210 1501//424
f 2490//2233 1635//2233 1106//2233
f 1496//1453 1511//305 717//67
f 2454//1189 2431//1636 516//1689
f 1478//2234 1153//1700 1093//2193
f 1870//2235 1426//2206 1411//2218
f 1426//2206 1723//1452 1744//531
f 962//1521 986//1530 1412//221
f 717//67 1511//305 1509//1771
f 1825//2236 1704//2173 1824//2063
f 2225//2237 2234//2238 2253//2239
f 1490//68 1557//170 1188//103
f 1635//2205 80//2240 821//2168
f 805//1897 1454//2201 935//2227
f 1186//1369 706//1062 695//1286
f 1194//1543 1161//1548 714//422
f 1512//423 1007//1258 1013//1259
f 592//266 97//360 204//194
f 1258//1575 1266//1802 1257//1655
f 82//611 1333//977 471//157
f 1694//2241 1710//1674 1505//2185
f 1643//2242 490//2243 1661//2244
f 1661//2244 490//2243 1114//2245
f 1518//2246 2068//2247 2484//948
f 1750//2248 1808//2109 1664//2108
f 1656//1691 1635//2205 2490//2249
f 935//2227 1521//2250 805//1897
f 1546//1393 1629//1790 1076//1391
f 1301//1860 70//1923 1277//1859
f 966//1455 1441//1544 1194//1543
f 1148//332 1825//2236 1824//2063
f 1614//2229 1609//2251 1643//2242
f 1114//2245 1092//2252 1921//1273
f 1770//2225 1739//1600 1670//2202
f 1631//331 1632//30 1646//32
f 821//2171 1016//2253 1429//2216
f 1429//2223 1016//2254 935//2227
f 1632//30 1095//1361 1654//31
f 1083//143 262//145 688//159
f 1724//2054 1686//2255 1725//2055
f 1644//2256 490//2243 1643//2242
f 1092//2252 1149//1560 1921//1273
f 3//1740 893//2257 1832//2258
f 988//1469 1640//190 1188//103
f 916//972 1107//1447 284//1449
f 1656//1691 80//2240 1635//2205
f 1016//2253 821//2171 80//2240
f 1016//2254 1521//2250 935//2227
f 1478//2234 1202//36 1153//1700
f 1401//1742 1928//1721 29//1865
f 1440//37 1478//2234 1928//1721
f 1849//2259 1700//2025 1865//2260
f 1595//79 1611//186 1612//1285
f 1208//1360 198//1432 341//132
f 1464//2174 1704//2173 1746//2064
f 2143//2261 984//2262 1721//2263
f 1848//2190 1849//2259 1868//2264
f 1662//2265 1114//2245 490//2243
f 1669//2266 1787//2051 1682//2100
f 1656//1691 1618//2267 80//2240
f 198//1432 1208//1360 916//972
f 1440//37 1928//1721 1401//1742
f 1521//2250 1369//1898 805//1897
f 1252//1787 1107//1447 916//972
f 1745//1518 678//1545 1672//2070
f 1703//2268 1779//2269 1721//2263
f 1750//2248 1465//1725 1808//2109
f 1609//2251 1644//2256 1643//2242
f 1092//2252 1114//2245 1662//2265
f 1826//2067 1523//1626 1793//2270
f 2262//1881 2261//1883 2224//2271
f 1696//204 2166//2272 1767//205
f 1016//2254 1648//2273 1521//2250
f 1208//1360 1252//1787 916//972
f 833//137 688//159 1067//1457
f 1794//1622 1803//1484 1558//1658
f 28//341 17//1287 512//1185
f 1750//2248 861//2274 1566//2275
f 1594//2276 1644//2256 1609//2251
f 1644//2256 1645//2277 490//2243
f 490//2243 1645//2277 1662//2265
f 2229//2278 2262//1881 2224//2271
f 1602//2279 861//2274 1760//2280
f 1530//2281 1777//2117 1760//2280
f 872//1606 1706//1614 1673//1100
f 1696//204 1668//1657 2166//2272
f 1708//1535 1809//2097 1798//1536
f 1581//2133 1716//2101 1814//2282
f 1709//2283 1794//1622 1680//1621
f 1233//2037 1421//1576 1257//1655
f 1724//2054 1476//2062 1686//2255
f 1469//1909 1481//2284 1965//1910
f 1965//2285 1481//2286 1492//2287
f 2073//2214 1549//2288 1559//2212
f 1594//2276 1615//2289 1644//2256
f 1799//1555 1706//2290 1755//1556
f 1725//2055 1686//2255 1837//2291
f 1720//804 1797//2066 1572//805
f 1618//2292 2467//2293 2022//2022
f 1618//2267 1579//2294 80//2240
f 1648//2295 1016//2253 80//2240
f 2134//1933 2152//1682 1636//1684
f 1611//186 1632//30 1631//331
f 1761//2072 1434//2102 1470//2296
f 1559//2212 1577//2297 1594//2276
f 1603//2298 1615//2289 1594//2276
f 1615//2289 1645//2277 1644//2256
f 1637//2299 1662//2265 1645//2277
f 1662//2265 1199//2300 1092//2252
f 1199//2300 1149//1560 1092//2252
f 1451//2301 1108//2302 1149//1560
f 665//184 734//183 756//1517
f 1865//2260 1700//2025 1714//2024
f 1709//2283 1841//1482 1794//1622
f 1618//2292 2022//2022 1579//2303
f 1648//2295 1413//2304 1369//1898
f 1521//2250 1648//2295 1369//1898
f 1520//1894 11//911 1401//1742
f 1446//2305 1470//2306 1434//2307
f 1798//1536 1691//2056 1754//2308
f 2063//2309 1544//2310 2073//2214
f 2073//2214 1544//2310 1549//2288
f 1594//2276 1577//2297 1603//2298
f 1615//2289 1637//2299 1645//2277
f 1637//2299 1199//2300 1662//2265
f 1427//2311 1149//1560 1199//2300
f 2167//2312 1108//2302 1451//2301
f 1997//1957 1673//1100 1705//1958
f 1706//1614 1799//2009 1705//1958
f 1841//1482 1709//1510 1757//2149
f 1604//2021 1579//2303 2022//2022
f 1579//2294 707//2313 80//2240
f 80//2240 707//2313 1648//2295
f 1520//1894 1401//1742 1491//2161
f 1649//2314 1520//1894 1491//2161
f 1435//2315 1434//2102 1885//2103
f 1470//2306 1469//1909 1461//2316
f 1481//2286 1508//2317 2024//2318
f 2370//1993 1544//2310 2063//2309
f 1549//2288 1568//2319 1559//2212
f 1559//2212 1568//2319 1577//2297
f 1603//2298 1610//2320 1615//2289
f 1615//2289 1610//2320 1637//2299
f 999//2321 1199//2300 1637//2299
f 1451//2301 1149//1560 1427//2311
f 1137//881 1825//2236 1148//332
f 1706//1614 1705//1958 1673//1100
f 1138//2322 1604//2021 2116//1971
f 1138//2322 1579//2303 1604//2021
f 1413//2304 1648//2295 707//2313
f 2360//430 2024//2323 1508//2317
f 598//849 1075//851 1116//1331
f 229//789 93//1035 1468//1034
f 1839//2177 1479//1363 1684//1362
f 2216//1634 2229//2278 2224//2271
f 1610//2320 1625//2324 1637//2299
f 329//2325 999//2321 1637//2299
f 1199//2300 1017//1817 1427//2311
f 1017//1817 303//280 1427//2311
f 303//280 1451//2301 1427//2311
f 1792//2326 1754//2308 1777//2117
f 2309//1352 2391//1351 2301//2327
f 1655//938 1138//2322 2116//1971
f 1138//2322 707//2313 1579//2303
f 1649//2314 1491//2161 206//2328
f 1406//2329 1885//2103 1398//73
f 1406//2329 1419//2330 1885//2103
f 1419//2330 1435//2315 1885//2103
f 1434//2102 1435//2315 1446//2331
f 1470//2306 1481//2284 1469//1909
f 1577//2297 1583//1645 1603//2298
f 999//2321 1017//1817 1199//2300
f 81//2332 67//2333 941//2334
f 67//2333 1650//2335 941//2334
f 1259//2336 1815//2337 2164//1464
f 1619//1963 2116//1971 2045//1964
f 1424//2338 707//2313 1138//2322
f 1702//1988 1649//2314 206//2328
f 1687//1941 1406//2329 1398//73
f 1477//1040 1481//2284 1470//2306
f 1568//2319 1569//2339 1577//2297
f 1577//2297 1569//2339 1583//1645
f 1603//2298 1583//1645 1610//2320
f 1625//2324 329//2325 1637//2299
f 2167//2340 340//1639 273//399
f 81//2332 273//399 340//1639
f 81//2332 962//1521 67//2333
f 1547//118 1619//1963 1488//220
f 1830//2341 1739//1600 1770//2225
f 938//937 1424//2338 1138//2322
f 1424//2338 1413//2304 707//2313
f 1527//2342 1649//2314 1702//1988
f 1527//2342 1520//1894 1649//2314
f 1527//2342 1268//2029 1520//1894
f 1250//1961 1406//2329 1687//1941
f 1441//1544 1353//1429 1115//1428
f 1203//126 1413//1919 1051//127
f 1250//1961 1419//2330 1406//2329
f 1477//1040 2372//1846 1481//2284
f 1481//2286 2372//2343 1508//2317
f 2449//284 1560//2344 1568//2319
f 1549//2288 2449//284 1568//2319
f 1568//2319 1560//2344 1569//2339
f 1569//2339 1584//41 1583//1645
f 1652//233 329//2325 1625//2324
f 329//2325 817//1524 999//2321
f 285//1496 1017//1817 999//2321
f 303//280 10//279 1451//2301
f 10//279 2167//2312 1451//2301
f 1412//221 1650//2335 67//2333
f 1412//221 1488//220 1650//2335
f 1547//118 1023//1843 1619//1963
f 1023//1843 1655//938 1619//1963
f 1655//938 938//937 1138//2322
f 1456//1392 1413//2304 1424//2338
f 1457//1038 1470//2306 1446//2305
f 1457//1038 1477//1040 1470//2306
f 329//2325 1652//233 817//1524
f 10//1624 340//1639 2167//2340
f 938//937 1546//1570 1424//2338
f 1546//1393 1456//1392 1424//2338
f 1259//2336 1548//2345 1779//2269
f 2052//1610 2031//870 1990//1880
f 1440//37 1202//36 1478//2234
f 1428//1586 1419//2330 1250//1961
f 1428//1586 1435//2315 1419//2330
f 1428//1586 1446//2331 1435//2315
f 1934//2346 1935//83 1955//1410
f 1560//2344 1584//41 1569//2339
f 1610//2320 1638//222 1625//2324
f 1638//222 1652//233 1625//2324
f 817//1524 1077//847 999//2321
f 1077//847 285//1496 999//2321
f 980//278 303//280 1017//1817
f 962//1521 1412//221 67//2333
f 1494//211 1023//1843 1547//118
f 325//199 271//160 1270//1605
f 1443//661 1511//305 1496//1453
f 1450//1797 1268//2029 1527//2342
f 1514//304 1353//1429 1441//1544
f 1287//1588 1446//2331 1428//1586
f 1446//2305 1287//2030 1457//1038
f 1305//1039 2372//1846 1477//1040
f 1992//213 1990//1880 1991//1976
f 1992//213 1991//1976 1971//214
f 1971//214 1991//1976 1955//1410
f 2449//284 1549//2288 2418//285
f 1583//1645 1616//185 1610//2320
f 1610//2320 1616//185 1638//222
f 10//1624 1396//1504 340//1639
f 340//1639 1445//1522 81//2332
f 1445//1522 962//1521 81//2332
f 1790//2068 984//2262 1753//2347
f 984//2262 2148//2348 1753//2347
f 1588//2209 1713//2349 1770//2225
f 969//908 978//907 958//1528
f 1741//1968 1779//2269 1703//2268
f 1758//2350 1846//1534 1754//2308
f 1827//1730 1819//1764 1029//1686
f 1818//2351 1530//2281 1712//2110
f 1750//2248 1566//2275 2127//1118
f 2459//574 2434//27 2483//794
f 1798//1536 1720//804 1771//806
f 1794//1622 1841//1482 1803//1484
f 216//1557 1755//1556 1810//2128
f 1098//1815 1735//2208 1748//1922
f 1735//2208 1497//2352 1748//1922
f 1502//2050 2102//2049 1601//2058
f 881//231 1502//230 1601//1325
f 1455//82 1839//2177 1744//531
f 1706//2290 1709//2283 1680//1621
f 1212//1966 1741//1968 1703//2268
f 1788//2353 1969//2354 1671//2355
f 1075//851 1074//850 1692//1419
f 951//1346 2500//1358 881//1481
f 2490//1293 2486//572 2463//244
f 1748//1922 1497//2352 1781//2356
f 1721//2263 984//2262 1840//2357
f 1815//2337 1259//2336 1741//1968
f 1626//2118 1756//1099 1837//2291
f 975//943 987//374 1542//2358
f 2230//2359 2236//2359 2235//2359
f 1772//1508 678//1545 734//183
f 1542//2358 1671//1659 975//943
f 1806//2124 1772//1508 1780//1465
f 678//1545 1772//1508 1806//2124
f 2218//2360 2225//2237 2268//2361
f 1828//1529 1732//1013 2007//1609
f 1526//2069 1688//2362 1531//2052
f 1752//2363 1526//2069 1554//2364
f 1844//2365 1818//2351 1712//2110
f 1823//93 1846//1534 1804//69
f 1781//2356 1669//2266 1704//2173
f 1721//2263 1779//2269 2143//2261
f 1770//2225 1670//2202 1526//2069
f 1497//2352 1669//2266 1781//2356
f 1098//1815 1713//2349 1735//2208
f 1742//2125 1815//2337 1741//1968
f 1526//2069 858//1967 1875//1805
f 1599//2053 1531//2052 1688//2362
f 1803//1484 1790//2068 1558//1658
f 1703//2268 1721//2263 1683//121
f 1832//2258 1766//2366 957//2367
f 1542//2368 1679//2369 1671//2355
f 1679//2369 1788//2353 1671//2355
f 1927//2059 1819//2370 1827//2057
f 1718//1519 1745//1518 1739//1600
f 1684//1362 1022//532 1839//2177
f 1459//882 1283//594 1299//593
f 1022//532 1410//2156 1418//533
f 2368//2166 2393//2371 2326//2167
f 1669//2266 1497//2352 1776//2210
f 1875//1805 858//1967 1212//1966
f 1739//1600 1745//1518 852//2203
f 1964//1863 1918//1193 1461//2316
f 1356//800 133//799 1331//812
f 1765//1036 1829//1599 1468//1034
f 858//1967 1742//2125 1741//1968
f 1006//627 1674//629 1021//1487
f 1723//1638 1936//1417 1935//83
f 1468//1034 1713//2349 1098//1815
f 1724//2054 1678//2060 1476//2062
f 1680//1621 1783//1623 908//2232
f 1731//2018 1543//2372 520//2019
f 1683//121 1721//2263 1840//2357
f 1467//2373 1679//2374 1542//2358
f 1812//308 1708//1535 1846//1534
f 1679//2369 1975//2375 1788//2353
f 1713//2349 1830//2341 1770//2225
f 1803//1484 1722//1483 1790//2068
f 2301//2327 2391//1351 2349//2376
f 1713//2349 1588//2209 1735//2208
f 1836//2377 1530//2281 1818//2351
f 1837//2291 1756//1099 861//2274
f 886//1311 571//1052 556//1675
f 1181//109 1805//119 1812//308
f 1706//2290 1680//1621 1755//1556
f 1677//1174 1729//783 1775//1456
f 1776//2210 1787//2051 1669//2266
f 1526//2069 1670//2202 1672//2070
f 1727//2226 1770//2225 1526//2069
f 987//374 1467//2373 1542//2358
f 1567//2004 1704//2173 1137//881
f 1693//2163 1865//2260 1714//2024
f 897//253 1762//1627 912//270
f 1135//1743 1697//1769 1062//1766
f 1697//1769 376//1688 1062//1766
f 1543//2372 1731//2018 1678//2060
f 1793//2270 1679//2369 1467//2378
f 1777//2117 1602//2279 1760//2280
f 1846//1534 1798//1536 1754//2308
f 1835//1314 1096//784 1677//1174
f 1033//153 1030//854 940//151
f 1450//1797 1527//2342 1702//1988
f 1717//2379 376//2380 1697//2381
f 1711//2382 1717//2383 1697//2384
f 1717//2379 165//863 376//2380
f 1840//2357 984//2262 1790//2068
f 1669//2266 1746//2064 1704//2173
f 1669//2266 1682//2100 1746//2064
f 2301//2327 2349//2376 2308//2385
f 1882//1502 1444//888 1898//1383
f 1820//1291 1789//1024 1730//514
f 861//2274 1380//1098 1566//2275
f 2301//2327 2308//2385 2266//2386
f 1771//806 1543//2372 1691//2056
f 1958//760 1659//2088 1651//2081
f 1697//2384 1360//2387 1711//2382
f 1711//2388 1737//2389 1717//2379
f 1717//2379 1737//2389 165//863
f 1790//2068 1753//2347 1558//1658
f 1668//1657 1696//204 1663//2221
f 1360//1774 1702//1988 1711//2390
f 1702//1988 1707//2391 1711//2392
f 1707//2391 1737//2393 1711//2392
f 1737//2389 1751//859 165//863
f 1444//888 1782//2394 1693//2163
f 1716//2101 1787//2051 1599//2053
f 1744//531 1839//2177 1022//532
f 1898//1383 1444//888 1785//2179
f 206//2328 1707//2391 1702//1988
f 1764//420 2468//225 1751//859
f 316//1778 1844//2365 893//2257
f 893//2257 1844//2365 915//2395
f 1845//2396 1804//69 1758//2350
f 1380//1098 861//2274 1756//1099
f 1780//1465 670//1486 1021//1487
f 1714//2024 2172//2397 1763//886
f 1783//1623 1558//1658 1663//2221
f 1750//2248 2127//1118 1465//1725
f 1798//1536 1771//806 1691//2056
f 1691//2056 1543//2372 1724//2054
f 1872//1225 1910//2398 839//1226
f 1737//2389 2044//2399 1751//859
f 1751//859 2044//2399 1764//420
f 1757//2149 1701//1509 482//2017
f 1725//2055 1602//2279 1777//2117
f 1836//2377 1845//2396 1530//2281
f 2102//2049 2470//1321 1503//440
f 2496//236 1899//1006 544//243
f 763//1430 2484//346 946//662
f 987//374 1719//2400 1467//2373
f 1845//2396 1758//2350 1792//2326
f 1725//2055 1837//2291 1602//2279
f 1872//1225 1866//427 1873//1944
f 1712//2110 1530//2281 1760//2280
f 489//1885 1799//1555 216//1557
f 1760//2280 861//2274 1750//2248
f 2068//2401 2466//1357 2460//410
f 1696//204 2159//203 2168//1597
f 377//259 1377//261 1280//1862
f 1797//2066 1676//2065 1572//805
f 1581//2133 2053//2041 1572//805
f 1676//2065 1581//2133 1572//805
f 1764//420 2498//2402 2468//225
f 2468//225 2498//2402 1994//2403
f 1861//2404 1695//2405 1860//2406
f 2481//421 2004//969 2495//1706
f 1826//2067 1677//1174 1523//1626
f 1670//2202 1739//1600 852//2203
f 2234//2238 2269//2407 2253//2239
f 1724//2408 1543//2408 1678//2408
f 1658//2222 2168//1597 1791//1596
f 1397//1714 1747//1315 1719//1723
f 1696//204 2168//1597 1658//2222
f 979//689 519//688 272//1179
f 1774//1628 1975//2375 1679//2369
f 975//943 1671//1659 932//1562
f 1787//2051 1716//2101 1682//2100
f 1835//1314 1826//2067 1747//1315
f 2501//408 2469//1537 961//1591
f 1810//2128 908//2232 1791//1596
f 1982//1879 1768//2409 191//484
f 1137//881 1704//2173 1825//2236
f 1804//69 1846//1534 1758//2350
f 2004//2410 2044//2399 1737//2389
f 913//1571 1969//1582 902//1490
f 2498//2402 1795//254 1801//2411
f 915//2395 1844//2365 1712//2110
f 1689//2412 915//2395 1712//2110
f 1740//2413 1752//2363 1541//1804
f 695//1286 661//1337 199//2414
f 1865//2260 1693//2163 1782//2394
f 1824//2063 1464//2174 1809//2097
f 1829//1599 1765//1036 1718//1519
f 1816//2415 1768//2409 1982//1879
f 1816//2415 1622//2416 1768//2409
f 1622//2416 2165//2417 1681//2418
f 1768//2409 1622//2416 1681//2418
f 670//1486 1772//1508 228//1507
f 1283//2419 1459//882 52//558
f 1785//2179 1444//888 1749//2157
f 1675//2420 1075//1553 1685//1552
f 1567//2004 1781//2356 1704//2173
f 1858//2421 1857//2422 1848//2190
f 1526//2069 1752//2363 1688//2362
f 1791//1596 2160//1598 1810//2128
f 908//2232 1658//2222 1791//1596
f 1813//2423 1773//1656 1558//1658
f 1845//2396 1792//2326 1530//2281
f 69//191 376//1688 165//476
f 3//1740 1832//2258 1834//1738
f 1722//1483 1516//120 1507//122
f 1801//2411 1821//2424 1994//2403
f 1833//2425 1982//1879 2046//2426
f 1821//2424 1833//2425 2046//2426
f 1833//2425 1816//2415 1982//1879
f 1022//532 1785//2179 1749//2157
f 2160//1598 2170//1782 1810//2128
f 1147//1726 1719//1294 1726//301
f 1683//121 1840//2357 1507//122
f 1467//2378 1719//1723 1793//2270
f 1795//254 1802//256 1801//2411
f 1802//256 1811//2427 1801//2411
f 1801//2411 1811//2427 1821//2424
f 1690//2428 2165//2417 1622//2416
f 1934//2346 1480//2219 1925//84
f 229//789 1468//1034 1091//1798
f 1780//1465 2164//1464 1742//2125
f 1672//2070 1742//2125 858//1967
f 1833//2425 1417//2429 1816//2415
f 1417//2429 1622//2416 1816//2415
f 1831//2430 2165//2417 1690//2428
f 1668//1657 1663//2221 1558//1658
f 1719//1723 1747//1315 1826//2067
f 1760//2280 1750//2248 1664//2108
f 1817//2431 1690//2428 1622//2416
f 1530//2281 1792//2326 1777//2117
f 948//255 1796//1824 1802//256
f 1796//1824 1811//2427 1802//256
f 1515//2432 1817//2431 1622//2416
f 1695//2405 1861//2404 1831//2430
f 1783//1623 1663//2221 1658//2222
f 1749//2157 1410//2156 1022//532
f 854//682 1796//1824 948//255
f 1811//2433 1842//2434 1833//2425
f 1821//2424 1811//2427 1833//2425
f 1833//2425 1842//2434 1417//2429
f 1622//2416 1417//2429 1515//2432
f 127//330 1804//69 1845//2396
f 1686//2255 1626//2118 1837//2291
f 1608//2435 1690//2428 1817//2431
f 1523//1626 1775//1456 1762//1627
f 127//330 1845//2396 1836//2377
f 1812//308 1805//119 1708//1535
f 1523//1626 1677//1174 1775//1456
f 1780//1465 1772//1508 670//1486
f 1758//2350 1754//2308 1792//2326
f 1204//1421 1796//1824 854//682
f 1822//1694 1842//2434 1811//2427
f 1608//2435 1831//2430 1690//2428
f 1822//1694 1811//2427 1796//1824
f 1842//2434 1416//2436 1417//2429
f 1417//2429 1416//2436 1515//2432
f 1515//2432 1608//2435 1817//2431
f 1728//2437 1831//2430 1608//2435
f 908//2232 1783//1623 1658//2222
f 127//330 1836//2377 316//1778
f 1805//119 1148//332 1824//2063
f 852//2203 1745//1518 1672//2070
f 1478//2234 1093//2193 1928//1721
f 1822//1694 1843//1531 1842//2434
f 1843//1531 959//2438 1842//2434
f 1842//2434 959//2438 1416//2436
f 1728//2437 1695//2405 1831//2430
f 1728//2437 1860//2406 1695//2405
f 2346//2439 446//2440 2337//2441
f 1602//2279 1837//2291 861//2274
f 1087//1313 1096//784 1835//1314
f 1708//1535 1824//2063 1809//2097
f 2004//2410 1737//2389 505//824
f 1567//2004 1748//1922 1781//2356
f 520//2019 1543//2372 1883//2442
f 1760//2280 1664//2108 1712//2110
f 128//538 1336//929 72//930
f 2053//2041 1883//2442 1543//2372
f 1822//1694 180//1532 1843//1531
f 1786//2443 1608//2435 1515//2432
f 929//207 2462//326 519//688
f 512//1185 2402//2444 506//1572
f 1212//1966 1703//2268 1683//121
f 1830//2341 1829//1599 1739//1600
f 2053//2041 1543//2372 1771//806
f 1416//2436 1769//2445 1515//2432
f 1769//2445 1786//2443 1515//2432
f 1786//2443 1728//2437 1608//2435
f 1712//2110 1808//2109 1689//2412
f 1794//1622 1558//1658 1783//1623
f 1497//2352 1735//2208 1776//2210
f 1127//1837 1567//2004 1137//881
f 1123//1833 1748//1922 1567//2004
f 36//826 205//765 1185//1697
f 959//2438 1734//2446 1416//2436
f 1738//2134 1733//2136 1541//1804
f 1774//1628 1762//1627 1974//2447
f 1752//2363 1554//2364 1541//1804
f 1752//2363 1740//2413 1688//2362
f 1526//2069 1875//1805 1554//2364
f 1468//1034 1829//1599 1830//2341
f 1755//1556 908//2232 1810//2128
f 1716//2101 1599//2053 1814//2282
f 1806//2124 1780//1465 1742//2125
f 2308//2448 2349//2448 2340//2448
f 1832//2258 915//2395 1689//2412
f 1713//2349 1468//1034 1830//2341
f 1814//2282 1599//2053 1346//2449
f 1832//2258 1689//2412 1766//2366
f 1022//532 1684//1362 1785//2179
f 1093//2193 1153//1700 1116//2450
f 1672//2070 678//1545 1742//2125
f 1675//2451 1685//2194 1093//2193
f 1841//1482 1743//2135 1722//1483
f 1814//2282 2053//2041 1581//2133
f 1464//2174 1746//2064 1809//2097
f 2485//600 2497//498 2493//601
f 1416//2436 1734//2446 1769//2445
f 1665//2452 1728//2437 1786//2443
f 1665//2452 1951//2453 1728//2437
f 1951//2453 1860//2406 1728//2437
f 1951//2453 2094//1139 1860//2406
f 1844//2365 1836//2377 1818//2351
f 316//1778 1836//2377 1844//2365
f 1776//2210 1531//2052 1787//2051
f 1719//1723 1826//2067 1793//2270
f 2147//2160 1401//1742 29//1865
f 2111//1514 2121//2454 1548//2345
f 1741//1968 1259//2336 1779//2269
f 1843//1531 347//1533 1834//1738
f 1843//1531 1734//2446 959//2438
f 1766//2366 1769//2445 1734//2446
f 957//2367 1766//2366 1734//2446
f 1766//2366 1786//2443 1769//2445
f 1766//2366 1689//2412 1786//2443
f 1689//2412 1665//2452 1786//2443
f 1754//2308 1691//2056 1777//2117
f 1507//122 1840//2357 1790//2068
f 1761//2072 1470//2296 1461//2316
f 1523//1626 1679//2369 1793//2270
f 1091//1798 1468//1034 1098//1815
f 1820//1291 1730//514 1838//464
f 1843//1531 1834//1738 1734//2446
f 1808//2109 1951//2453 1665//2452
f 1588//2209 1727//2226 1531//2052
f 893//2257 915//2395 1832//2258
f 1523//1626 1774//1628 1679//2369
f 272//1179 2488//640 710//1290
f 1093//2193 1116//2450 1675//2451
f 2340//2455 2349//2456 2348//2457
f 1832//2258 1734//2446 1834//1738
f 1832//2258 957//2367 1734//2446
f 1951//2453 1808//2109 2094//1139
f 1685//2194 1692//2458 1505//2185
f 1043//966 295//1767 698//970
f 2143//2261 1779//2269 2121//2454
f 1689//2412 1808//2109 1665//2452
f 1693//2163 1714//2024 1763//886
f 1738//2134 2157//1803 1516//2141
f 1114//2245 1921//1273 236//1272
f 1268//2029 1333//977 1520//1894
f 1149//1560 1108//2302 431//1561
f 508//1907 2144//1892 1912//1978
f 1957//88 1108//2302 1537//89
f 431//1561 1108//2302 1957//88
f 1018//2459 1108//2302 2167//2312
f 1338//2038 1957//88 1681//2418
f 2163//2460 1957//88 1338//2038
f 1983//398 1390//2461 2093//2462
f 30//16 557//510 37//559
f 1714//2024 2173//1678 2172//2463
f 1983//398 1984//2034 1390//2461
f 1984//2034 2065//2464 1390//2461
f 884//240 1762//1627 897//253
f 2065//2464 1984//2034 1214//2465
f 1950//2466 1974//2447 1762//1627
f 884//240 1950//2466 1762//1627
f 2012//2467 1698//2468 1861//2404
f 1214//2465 2116//1971 803//2020
f 1950//2466 1938//2469 1974//2447
f 1938//2469 1967//2470 1974//2447
f 1900//466 1761//2072 1461//2316
f 865//250 1929//2471 884//240
f 884//240 1929//2471 1950//2466
f 2062//171 2071//2472 2042//1289
f 919//1458 1985//2473 1732//1013
f 1593//2228 502//2230 2146//2474
f 1995//2475 1213//1270 2098//1005
f 1522//1150 2476//620 1651//482
f 2174//1676 1849//2476 2175//1328
f 1480//2219 1989//1844 1499//2207
f 1929//2471 1938//2469 1950//2466
f 1605//2031 2058//2033 1574//2120
f 2097//2032 1605//2031 2133//2044
f 1912//1978 2014//2477 1886//1905
f 2092//2478 2082//2479 2083//2480
f 206//2328 1930//2481 505//824
f 2101//2213 2100//2482 2092//2478
f 2073//2214 2101//2213 2092//2478
f 839//1226 1910//2398 865//250
f 1910//2398 1901//2483 1929//2471
f 865//250 1910//2398 1929//2471
f 1967//2470 1788//2353 1975//2375
f 2073//2214 2092//2478 2063//2309
f 2101//2213 1593//2228 2100//2482
f 2015//2484 1876//1951 1698//2468
f 1853//2485 1884//2486 2014//2477
f 1831//2430 1698//2468 2165//2417
f 1316//397 273//399 81//2332
f 1901//2483 1920//2487 1929//2471
f 1929//2471 1920//2487 1938//2469
f 1920//2487 1968//2488 1967//2470
f 1938//2469 1920//2487 1967//2470
f 1849//2476 2174//1676 1700//2025
f 2173//1678 1700//2025 2174//1676
f 2062//171 2072//1288 2091//2489
f 803//2490 2467//1488 2059//808
f 2239//2491 1736//2492 2240//2493
f 1505//2185 1357//2187 1685//2194
f 1358//2061 1686//2255 1476//2062
f 1967//2470 1968//2488 1788//2353
f 1968//2488 1969//2354 1788//2353
f 2065//2464 2110//175 2156//1395
f 2065//2464 1214//2465 2110//175
f 2110//175 1214//2465 503//2494
f 273//399 2093//2462 1018//2495
f 273//399 1983//398 2093//2462
f 532//1903 1886//1905 2155//2496
f 2034//174 2021//497 1947//223
f 216//1557 1810//2128 585//2129
f 1912//1978 543//1949 2014//2477
f 1390//2461 2051//90 1537//89
f 1872//1225 1873//1944 1910//2398
f 1984//2034 2045//1964 1214//2465
f 597//1904 1912//1978 1886//1905
f 1593//2228 2146//2474 2100//2482
f 2071//2472 2062//171 2090//1222
f 2034//174 2046//2426 1982//1879
f 2034//174 1947//223 2046//2426
f 1214//2465 2045//1964 2116//1971
f 1873//1944 1887//1943 1910//2398
f 1887//1943 1901//2483 1910//2398
f 1562//2180 1447//1212 1106//1409
f 2163//2460 431//1561 1957//88
f 1948//1793 1972//212 1936//1417
f 1972//212 1948//1793 1992//213
f 2014//2477 2015//2484 2013//2497
f 1853//2485 2014//2477 2013//2497
f 1550//2498 1884//2486 1853//2485
f 1947//223 2468//225 1994//2403
f 1355//2499 1550//2498 2154//1999
f 1355//2499 1884//2486 1550//2498
f 2081//868 2108//2500 2128//1584
f 2024//2318 1965//1910 1492//2287
f 2024//2318 2032//2501 1965//1910
f 2116//1971 1604//2021 803//2020
f 1901//2483 1911//2502 1920//2487
f 1939//2503 1968//2488 1920//2487
f 1911//2502 1939//2503 1920//2487
f 872//1606 1626//2118 1666//1511
f 2062//171 2091//2489 2120//172
f 1819//2370 1927//2059 1759//1820
f 1021//1487 1674//629 1780//1465
f 872//1606 1673//1100 1756//1099
f 1550//2498 501//1374 2171//1425
f 1378//1424 1550//2498 2171//1425
f 2146//2474 2162//1906 2145//2504
f 1358//2061 482//2017 192//2026
f 2109//173 2120//172 2119//2505
f 1866//427 1872//1225 2227//1276
f 1391//2506 2012//2467 1860//2406
f 2136//2507 2137//2000 2161//1423
f 2162//1906 1661//2244 236//1272
f 1887//1943 1894//2045 1901//2483
f 1901//2483 1894//2045 1911//2502
f 505//824 1707//2391 206//2328
f 2120//172 2137//2000 2136//2507
f 2142//628 2164//1464 1674//629
f 1860//2406 2012//2467 1861//2404
f 1894//2045 1939//2503 1911//2502
f 2080//2178 2060//869 2118//1935
f 2162//1906 236//1272 508//1907
f 2164//1464 1815//2337 1742//2125
f 1018//2495 2093//2462 1537//89
f 2154//1999 1378//1424 2161//1423
f 2041//2508 2098//1005 2491//325
f 2043//1872 2042//1289 2032//2501
f 1108//2302 1018//2459 1537//89
f 1465//1725 2094//1139 1808//2109
f 502//2230 1643//2242 1661//2244
f 2467//1692 1618//2267 1656//1691
f 2119//2505 2136//2507 2135//2509
f 2119//2505 2108//2500 2071//2472
f 878//1181 1183//1323 1195//743
f 2101//2213 1594//2276 1593//2228
f 2033//2510 2370//1993 2063//2309
f 2482//1175 2491//325 2098//1005
f 1282//1924 2406//1954 1275//1604
f 2003//2511 1948//1793 1956//1864
f 2043//1872 2032//2501 2024//2323
f 2025//429 2043//1872 2024//2323
f 2154//1999 1550//2498 1378//1424
f 1795//254 2498//2402 1764//420
f 2142//628 1548//2345 2164//1464
f 2431//1636 2454//1189 2422//1637
f 1981//2512 2011//2513 1993//2514
f 2349//2376 2391//1351 2362//2515
f 502//2230 2162//1906 2146//2474
f 2025//429 2024//2323 2360//430
f 2129//2516 2120//172 2091//2489
f 1732//1013 1985//2473 2007//1609
f 2171//1425 1308//1373 209//2517
f 1930//2481 1995//2475 2041//2508
f 1390//2461 1238//483 2051//90
f 1866//427 1878//426 1887//1943
f 1878//426 1894//2045 1887//1943
f 1965//1910 2032//2501 2011//2513
f 874//475 2480//477 2492//246
f 2071//2472 2108//2500 2069//2518
f 1358//2061 1731//2018 482//2017
f 430//176 2021//497 2034//174
f 1965//1910 2003//2511 1964//1863
f 1855//2519 1889//1632 831//1479
f 1668//1657 1773//1656 2150//2520
f 1390//2461 2156//1395 1238//483
f 898//1267 869//1010 1903//1130
f 2391//1351 2407//1463 2362//2515
f 2121//2454 2111//1514 2074//909
f 1548//2345 1259//2336 2164//1464
f 2099//2521 2129//2516 2091//2489
f 1550//2498 1853//2485 501//1374
f 1853//2485 1852//1375 501//1374
f 952//1527 2017//2522 969//908
f 2085//2523 2121//2454 2074//909
f 2130//1839 2006//2524 1391//2506
f 2144//1892 1367//1950 543//1949
f 2100//2482 2146//2474 2099//2521
f 1545//1569 1319//1851 113//2098
f 1903//1130 1922//2525 898//1267
f 1922//2525 1931//1265 898//1267
f 585//2129 2170//1782 1641//1784
f 2007//1609 2017//2522 952//1527
f 2017//2522 2074//909 969//908
f 1558//1658 1753//2347 1813//2423
f 837//2003 2005//2028 1517//1076
f 2005//2028 2006//2524 2130//1839
f 1532//2080 1474//441 1528//2526
f 2003//2511 1981//2512 1948//1793
f 2070//2527 2071//2472 2069//2518
f 1922//2525 919//1458 1931//1265
f 2017//2522 2085//2523 2074//909
f 2085//2523 2104//2528 2121//2454
f 2100//2482 2099//2521 2082//2479
f 2156//1395 2110//175 2034//174
f 505//824 2474//324 2004//2410
f 1903//1130 871//1679 1922//2525
f 1922//2525 1952//2529 919//1458
f 919//1458 1952//2529 1985//2473
f 1985//2473 2001//2530 2007//1609
f 2001//2530 2036//2531 2017//2522
f 2007//1609 2001//2530 2017//2522
f 2017//2522 2036//2531 2085//2523
f 2036//2531 2047//2532 2085//2523
f 2047//2532 2075//2533 2085//2523
f 2075//2533 2104//2528 2085//2523
f 1948//1793 1993//2514 2023//1794
f 2400//1462 2422//1637 2407//1463
f 2011//2513 2070//2527 1993//2514
f 2033//2510 2043//1872 2025//429
f 2012//2467 2015//2484 1698//2468
f 1876//1951 1338//2038 2165//2417
f 871//1679 1940//2534 1922//2525
f 1985//2473 1976//2535 2001//2530
f 2121//2454 2104//2528 2143//2261
f 1051//1708 1413//2536 1456//1392
f 2358//1213 1362//2105 2379//2104
f 1859//1025 1789//1024 1870//1292
f 2090//1222 2109//173 2071//2472
f 1405//456 1398//73 1885//2103
f 1886//1905 1884//2486 1355//2499
f 1922//2525 1960//2537 1952//2538
f 1952//2529 1960//2537 1985//2473
f 1960//2537 1976//2535 1985//2473
f 1956//1864 1948//1793 1936//1417
f 2135//2509 209//2517 2128//1584
f 2157//1803 1875//1805 1212//1966
f 2160//1598 2168//1597 2169//2539
f 1900//466 1461//2316 1918//1193
f 2001//2530 2018//2540 2036//2531
f 2075//2533 2086//2541 2104//2528
f 2111//1514 2142//628 2103//1515
f 1937//1194 1956//1864 1936//1417
f 2023//1794 2070//2527 2061//1611
f 2135//2509 2128//1584 2108//2500
f 2042//1289 2071//2472 2011//2513
f 2138//1420 413//1442 2383//2542
f 2033//2510 2072//1288 2043//1872
f 1922//2525 1940//2534 1960//2537
f 2070//2527 2069//2518 2061//1611
f 2069//2518 2108//2500 2061//1611
f 2108//2500 2119//2505 2135//2509
f 1855//2519 1904//2543 1889//1632
f 1889//1632 1904//2543 871//1679
f 871//1679 1904//2543 1940//2534
f 1976//2535 2018//2540 2001//2530
f 2036//2531 2018//2540 2047//2532
f 2122//2544 2143//2261 2104//2528
f 216//1557 1642//1886 489//1885
f 2148//2348 984//2262 2143//2261
f 1975//2375 1974//2447 1967//2470
f 2157//1803 1683//121 1516//2141
f 1614//2229 1593//2228 1594//2276
f 2269//2407 2270//2545 2276//2546
f 1926//1998 2147//2160 29//1865
f 2082//2479 2091//2489 2072//1288
f 430//176 503//2494 2059//808
f 1904//2543 1905//2547 1940//2534
f 1940//2534 1961//2548 1960//2537
f 1961//2548 1976//2535 1960//2537
f 2087//2549 2086//2541 2075//2533
f 2065//2464 2156//1395 1390//2461
f 1820//1291 1838//464 1900//466
f 534//1075 1308//1373 837//2003
f 2167//2340 273//399 1018//2495
f 831//1479 1850//1495 1855//2519
f 2019//2550 2037//2551 2018//2540
f 2018//2540 2037//2551 2047//2532
f 2037//2551 2075//2533 2047//2532
f 2086//2541 2095//2552 2104//2528
f 2095//2552 2122//2544 2104//2528
f 2122//2544 2148//2348 2143//2261
f 1926//1998 1213//1270 1995//2475
f 1405//456 1885//2103 1761//2072
f 2006//2524 2013//2497 2012//2467
f 2211//1633 2233//1379 2216//1634
f 1855//2519 1890//2553 1904//2543
f 1904//2543 1895//2554 1905//2547
f 1905//2547 1932//2555 1940//2534
f 1961//2548 1977//2556 1976//2535
f 1976//2535 1986//2557 2018//2540
f 2484//948 2476//947 1518//2246
f 1870//2235 1411//2218 1859//2217
f 1548//2345 2142//628 2111//1514
f 1904//2543 1890//2553 1895//2554
f 1895//2554 1932//2555 1905//2547
f 1940//2534 1932//2555 1961//2548
f 1976//2535 1977//2556 1986//2557
f 1986//2558 2008//2558 2018//2558
f 2018//2540 2008//2559 2019//2550
f 2087//2549 2075//2533 2037//2551
f 2087//2549 2095//2552 2086//2541
f 2094//1139 1391//2506 1860//2406
f 1852//1375 1853//2485 2006//2524
f 1853//2485 2013//2497 2006//2524
f 929//207 979//689 850//208
f 1855//2519 1874//2560 1890//2553
f 2008//2559 2028//2561 2019//2550
f 1993//2514 2070//2527 2023//1794
f 1705//1958 1799//2009 1998//62
f 1491//2161 2147//2160 206//2328
f 1851//1650 1856//2562 1855//2519
f 1895//2554 1890//2553 1874//2560
f 2038//2563 2019//2550 2028//2561
f 2038//2563 2048//2564 2037//2551
f 2019//2550 2038//2563 2037//2551
f 2048//2564 2067//2565 2087//2549
f 2037//2551 2048//2564 2087//2549
f 2087//2549 2067//2565 2095//2552
f 2095//2552 2149//2566 2122//2544
f 2149//2566 2148//2348 2122//2544
f 1308//1373 2005//2028 837//2003
f 209//2517 1308//1373 1387//1670
f 1601//2058 2102//2049 1927//2059
f 254//2567 170//459 201//630
f 1800//2568 1403//887 1763//886
f 1510//2220 1346//2449 1740//2413
f 870//1012 871//1679 1903//1130
f 1919//1962 1650//2335 1619//1963
f 2148//2348 1667//2569 1753//2347
f 1932//2555 1923//2570 1961//2548
f 1977//2556 1953//2571 1986//2557
f 2067//2565 2112//2572 2095//2552
f 2112//2572 2149//2566 2095//2552
f 2148//2348 2149//2566 1667//2569
f 2422//1637 2421//2211 2407//1463
f 1926//1998 2026//1281 1213//1270
f 1912//1978 2144//1892 543//1949
f 2128//1584 1387//1670 2153//1663
f 1733//2136 1510//2220 1740//2413
f 990//1896 853//837 2489//637
f 503//2494 1214//2465 803//2020
f 1921//1273 431//1561 2163//2460
f 2146//2474 2145//2504 2129//2516
f 2144//1892 1921//1273 2163//2460
f 1855//2519 1856//2562 1874//2560
f 1895//2554 1923//2570 1932//2555
f 1923//2570 1941//2573 1961//2548
f 1961//2548 1941//2573 1977//2556
f 2048//2564 2076//2574 2067//2565
f 2076//2574 2113//2575 2067//2565
f 2067//2565 2113//2575 2112//2572
f 1723//1638 1900//466 1937//1194
f 1870//1292 1900//466 1723//1638
f 1367//1950 2163//2460 1338//2038
f 520//2019 1346//2449 1510//2220
f 1698//2468 1831//2430 1861//2404
f 1984//2034 1919//1962 2045//1964
f 1895//2554 1891//2576 1923//2570
f 2008//2559 1986//2557 2028//2561
f 1948//1793 1981//2512 1993//2514
f 1883//2442 1346//2449 520//2019
f 1883//2442 1814//2282 1346//2449
f 1930//2481 206//2328 2147//2160
f 2499//573 2486//572 1447//1212
f 1891//2576 1906//2577 1923//2570
f 1923//2578 1953//2578 1941//2578
f 1953//2571 1977//2556 1941//2573
f 1953//2571 1987//2579 1986//2557
f 2113//2575 2123//2580 2112//2572
f 2123//2580 2149//2566 2112//2572
f 1387//1670 1308//1373 1226//216
f 1599//2053 1688//2362 1346//2449
f 2093//2462 1390//2461 1537//89
f 2003//2511 2011//2513 1981//2512
f 1987//2579 2028//2561 1986//2557
f 2038//2563 2049//2581 2048//2564
f 2048//2564 2049//2581 2076//2574
f 1813//2423 1667//2569 2149//2566
f 2123//2580 1813//2423 2149//2566
f 1461//2316 1469//1909 1964//1863
f 1757//2149 1510//2220 1743//2135
f 505//824 1930//2481 1999//825
f 2223//2582 1784//2199 1789//1024
f 1532//2080 1522//2583 1651//2081
f 1906//2577 1913//2584 1923//2570
f 1913//2584 1943//2585 1923//2570
f 1943//2585 1942//2586 1923//2570
f 1923//2570 1942//2586 1953//2571
f 1942//2586 1987//2579 1953//2571
f 1308//1373 1852//1375 2005//2028
f 2053//2041 1814//2282 1883//2442
f 1733//2136 1740//2413 1541//1804
f 2154//1999 1886//1905 1355//2499
f 1503//440 1528//2526 1474//441
f 1874//2560 1879//2587 1895//2554
f 1895//2554 1879//2587 1891//2576
f 2076//2574 2124//2588 2113//2575
f 2113//2575 2124//2588 2123//2580
f 1896//2589 1891//2576 1879//2587
f 1891//2576 1896//2589 1906//2577
f 1942//2586 1962//2590 1987//2579
f 1962//2590 2009//2591 2028//2561
f 1987//2579 1962//2590 2028//2561
f 2009//2591 2038//2563 2028//2561
f 2109//173 2119//2505 2071//2472
f 1918//1193 1956//1864 1937//1194
f 1851//1650 1864//2592 1856//2562
f 1896//2589 1897//2593 1906//2577
f 1906//2577 1897//2593 1913//2584
f 1943//2585 1962//2590 1942//2586
f 2049//2581 2077//2594 2076//2574
f 2124//2588 2125//2595 2123//2580
f 1930//2481 2147//2160 1926//1998
f 1902//1349 1894//2045 1878//426
f 482//2017 1510//2220 1757//2149
f 2129//2516 2137//2000 2120//172
f 503//2494 803//2020 2059//808
f 1847//1580 1857//2422 1851//1650
f 1851//1650 1857//2422 1864//2592
f 2039//2596 2038//2563 2009//2591
f 2038//2563 2039//2596 2049//2581
f 2076//2574 2077//2594 2124//2588
f 2150//2520 1813//2423 2123//2580
f 482//2017 520//2019 1510//2220
f 1994//2403 1821//2424 2046//2426
f 2044//2399 2004//2410 1764//420
f 1864//2592 1867//2597 1856//2562
f 1867//2597 1874//2560 1856//2562
f 1897//2593 1944//2598 1913//2584
f 1943//2585 1944//2598 1962//2590
f 2124//2588 2126//2599 2125//2595
f 2150//2520 2123//2580 2125//2595
f 2099//2521 2146//2474 2129//2516
f 2041//2508 1995//2475 2098//1005
f 1605//2031 1641//1784 2151//1783
f 1847//1580 1959//2600 1857//2422
f 1874//2560 1867//2597 1879//2587
f 1913//2584 1944//2598 1943//2585
f 1944//2598 1963//2601 1962//2590
f 2077//2594 2096//2602 2124//2588
f 2096//2602 2126//2599 2124//2588
f 2126//2599 2150//2520 2125//2595
f 941//2334 1650//2335 1919//1962
f 2135//2509 2136//2507 209//2517
f 1884//2486 1886//1905 2014//2477
f 2049//2581 2029//2603 2077//2594
f 1388//1353 2127//1118 1389//2204
f 1389//2204 2127//1118 1566//2275
f 1930//2481 1926//1998 1995//2475
f 941//2334 1919//1962 1316//397
f 2110//175 503//2494 430//176
f 1867//2597 1880//2604 1879//2587
f 1879//2587 1880//2605 1896//2589
f 1897//2593 1907//2606 1944//2598
f 1963//2601 1978//2607 1962//2590
f 1962//2590 1978//2607 2009//2591
f 2039//2596 2029//2603 2049//2581
f 2077//2594 2078//2608 2096//2602
f 822//1182 823//1549 827//1301
f 2166//2272 1668//1657 2150//2520
f 81//2332 941//2334 1316//397
f 2204//1635 2216//1634 2203//2609
f 2011//2513 2071//2472 2070//2527
f 1880//2605 1892//2610 1896//2589
f 1892//2610 1907//2606 1897//2593
f 1896//2589 1892//2610 1897//2593
f 1907//2606 1914//2611 1944//2598
f 1978//2607 2010//2612 2009//2591
f 2010//2612 2039//2596 2009//2591
f 1688//2362 1740//2413 1346//2449
f 1789//1024 1820//1291 1870//1292
f 2130//1839 1391//2506 2094//1139
f 1944//2598 1945//2613 1963//2601
f 2029//2603 2078//2608 2077//2594
f 1767//205 2150//2520 2126//2599
f 1767//205 2166//2272 2150//2520
f 803//2020 2022//2022 2467//2293
f 1503//440 1927//2059 2102//2049
f 1914//2611 1954//2614 1944//2598
f 1944//2598 1954//2614 1945//2613
f 1963//2601 1970//2615 1978//2607
f 2078//2608 2105//2616 2096//2602
f 2105//2616 2126//2599 2096//2602
f 1965//1910 2011//2513 2003//2511
f 192//2026 1626//2118 1358//2061
f 2101//2213 1559//2212 1594//2276
f 1930//2481 2041//2508 1999//825
f 1698//2468 1876//1951 2165//2417
f 1398//73 1871//455 891//74
f 2165//2417 1338//2038 1681//2418
f 1970//2615 2010//2612 1978//2607
f 2010//2612 2030//2617 2029//2603
f 2039//2596 2010//2612 2029//2603
f 2030//2617 2055//2618 2078//2608
f 2029//2603 2030//2617 2078//2608
f 1849//2476 1848//2190 2175//1328
f 1871//455 1862//454 891//74
f 543//1949 2015//2484 2014//2477
f 1857//2422 1858//2421 1864//2592
f 1864//2592 1858//2421 1867//2597
f 1963//2601 1945//2613 1970//2615
f 2055//2618 2088//2619 2078//2608
f 2078//2608 2088//2619 2105//2616
f 2105//2616 2131//2620 2126//2599
f 2126//2599 2131//2620 1767//205
f 2063//2309 2083//2480 2033//2510
f 2161//1423 2171//1425 209//2517
f 2032//2501 2042//1289 2011//2513
f 1813//2423 2150//2520 1773//1656
f 1914//2611 1908//2621 1954//2614
f 1970//2615 1979//2622 2010//2612
f 2088//2619 2131//2620 2105//2616
f 2015//2484 543//1949 1876//1951
f 1694//1305 1692//2623 1048//1306
f 1395//2188 2207//2624 1859//2217
f 1395//2188 1393//2154 2207//2624
f 1730//514 1784//2199 1736//1512
f 2500//1320 2466//1381 2470//1321
f 1709//1510 1701//1509 1757//2149
f 1945//2613 1979//2622 1970//2615
f 2030//2617 2050//2625 2055//2618
f 2350//2626 2317//2626 2286//2626
f 2154//1999 2155//2496 1886//1905
f 871//1679 860//1625 1889//1632
f 2161//1423 209//2517 2136//2507
f 2497//498 2463//244 2493//601
f 2190//2627 2204//2628 2203//2629
f 1800//2155 2179//2153 1404//2152
f 2477//1538 2469//1537 1385//407
f 1385//407 1715//2630 2477//1538
f 2128//1584 209//2517 1387//1670
f 1858//2421 1868//2264 1867//2597
f 1867//2597 1881//2631 1880//2604
f 1893//2632 1892//2610 1880//2605
f 1881//2631 1893//2632 1880//2604
f 1893//2632 1907//2606 1892//2610
f 1907//2606 1908//2621 1914//2611
f 1954//2614 1979//2622 1945//2613
f 1979//2622 1980//2633 2010//2612
f 2131//2620 2159//203 1767//205
f 1765//1036 93//1035 339//788
f 1761//2072 1877//465 1405//456
f 523//1142 1347//2634 515//1197
f 1541//1804 2157//1803 1738//2134
f 2144//1892 2163//2460 1367//1950
f 1380//1098 1389//2204 1566//2275
f 2317//2635 2392//2636 2316//1350
f 1994//2403 2498//2402 1801//2411
f 1867//2597 1868//2264 1881//2631
f 1980//2633 2050//2625 2030//2617
f 2010//2612 1980//2633 2030//2617
f 2050//2625 2089//2637 2055//2618
f 2055//2618 2089//2637 2088//2619
f 2088//2619 2114//2638 2131//2620
f 1538//2079 1651//2081 1659//2088
f 2145//2504 2155//2496 2129//2516
f 2140//1340 29//1865 1928//1721
f 2370//1993 2033//2510 2025//429
f 2252//2639 2239//2491 2240//2493
f 2239//1513 2252//2640 1862//454
f 2392//2636 2391//1351 2316//1350
f 2469//1537 2501//408 1385//407
f 2477//1538 1715//2630 1710//1674
f 502//2230 1614//2229 1643//2242
f 2438//1284 1227//1932 2431//2641
f 1915//2642 1907//2606 1893//2632
f 1915//2642 1908//2621 1907//2606
f 1954//2614 1908//2621 1979//2622
f 1908//2621 1988//2643 1979//2622
f 1979//2622 1988//2643 1980//2633
f 2114//2638 2159//203 2131//2620
f 2155//2496 2154//1999 2129//2516
f 508//1907 1966//1274 2144//1892
f 872//1606 1756//1099 1626//2118
f 1710//1674 1715//2630 1505//2185
f 236//1272 1966//1274 508//1907
f 2272//72 2284//2644 1398//73
f 2325//2645 2355//1296 2319//1459
f 1548//2345 2121//2454 1779//2269
f 1532//2080 1528//2526 1522//2583
f 1980//2633 2056//2646 2050//2625
f 2050//2625 2056//2646 2089//2637
f 2013//2497 2015//2484 2012//2467
f 1964//1863 2003//2511 1956//1864
f 2006//2524 2012//2467 1391//2506
f 1565//439 1927//2059 1503//440
f 2244//2647 2243//2648 2226//2649
f 5//2186 1715//2630 1385//407
f 1858//2421 1848//2190 1868//2264
f 1915//2642 1946//2650 1908//2621
f 1946//2650 1988//2643 1908//2621
f 1980//2633 2020//2651 2056//2646
f 2115//2652 2159//203 2114//2638
f 2092//2478 2083//2480 2063//2309
f 1398//73 2284//2644 1687//1941
f 2162//1906 2155//2496 2145//2504
f 519//688 2475//638 2488//640
f 2158//2653 5//2186 1385//407
f 5//2186 1505//2185 1715//2630
f 1692//2458 1694//2241 1505//2185
f 1988//2643 2020//2651 1980//2633
f 2115//2652 2169//2539 2159//203
f 2169//2539 2168//1597 2159//203
f 2083//2480 2082//2479 2072//1288
f 1316//397 1984//2034 1983//398
f 1488//220 1619//1963 1650//2335
f 2083//2480 2072//1288 2033//2510
f 2361//2654 1210//2654 1233//2654
f 1933//2076 1946//2650 1915//2642
f 2056//2646 2079//2655 2089//2637
f 2088//2619 2115//2652 2114//2638
f 2099//2521 2091//2489 2082//2479
f 2162//1906 532//1903 2155//2496
f 1852//1375 2006//2524 2005//2028
f 2023//1794 2061//1611 2052//1610
f 2176//1579 2184//922 2175//1328
f 2162//1906 985//1908 532//1903
f 1909//2656 1893//2632 1881//2631
f 1909//2656 1915//2642 1893//2632
f 1988//2643 2040//2657 2020//2651
f 2040//2657 2056//2646 2020//2651
f 2089//2637 2079//2655 2088//2619
f 2088//2619 2079//2655 2115//2652
f 1782//2394 1444//888 1882//1502
f 1216//2658 1215//2659 2320//2660
f 867//1565 1939//1491 1894//2045
f 867//1565 903//1489 1939//1491
f 1372//2007 2398//2023 1379//1937
f 1863//235 504//406 2027//636
f 2158//2653 1385//407 504//406
f 1868//2264 1782//2394 1881//2631
f 1909//2656 1933//2076 1915//2642
f 2040//2657 1988//2643 1946//2650
f 1481//2286 2024//2318 1492//2287
f 2120//172 2136//2507 2119//2505
f 1522//1150 1528//1955 1518//1151
f 1871//455 1398//73 1405//456
f 1221//1593 1408//1595 1399//1731
f 1357//2187 5//2186 2158//2653
f 2179//1640 1800//2568 1763//886
f 1868//2264 1865//2260 1782//2394
f 1882//1502 1881//2631 1782//2394
f 1882//1502 1909//2656 1881//2631
f 2040//2657 2057//2661 2056//2646
f 2106//2662 2079//2655 2056//2646
f 2057//2661 2106//2662 2056//2646
f 2106//2662 2132//2663 2079//2655
f 2132//2663 2115//2652 2079//2655
f 2115//2652 2132//2663 2169//2539
f 532//1903 985//1908 597//1904
f 2092//2478 2100//2482 2082//2479
f 1210//2664 1221//1593 1399//1731
f 1399//2046 1233//2048 1210//2665
f 2130//1839 2002//1117 1517//1076
f 1849//2259 1865//2260 1868//2264
f 1933//2076 2040//2657 1946//2650
f 52//558 1269//513 30//16
f 1667//2569 1813//2423 1753//2347
f 1997//1957 1380//1098 1673//1100
f 940//1818 1008//2073 1088//2078
f 1947//223 1994//2403 2046//2426
f 1882//1502 1916//1364 1909//2666
f 1924//1236 1933//2076 1909//2656
f 1533//2075 2040//2657 1933//2076
f 1533//2075 1534//2119 2040//2657
f 2058//2033 2040//2657 1534//2119
f 2058//2033 2057//2661 2040//2657
f 1238//483 191//484 1768//2409
f 1997//1957 1389//2204 1380//1098
f 1875//1805 1541//1804 1554//2364
f 1854//1770 504//406 1863//235
f 1854//1770 2158//2653 504//406
f 2396//2667 1275//1604 2406//1954
f 2426//2668 2443//1854 153//1913
f 1916//2669 1924//1236 1909//2656
f 1925//84 1935//83 1934//2346
f 1870//2235 1723//1452 1426//2206
f 2058//2033 2097//2032 2057//2661
f 2097//2032 2106//2662 2057//2661
f 2132//2663 2151//1783 2169//2539
f 2151//1783 2160//1598 2169//2539
f 1106//1409 1635//2205 1562//2180
f 1957//88 1768//2409 1681//2418
f 1957//88 2051//90 1768//2409
f 526//1298 535//590 33//842
f 1614//2229 1594//2276 1609//2251
f 2233//1379 2229//2278 2216//1634
f 2496//236 2027//636 2084//1050
f 2496//236 1863//235 2027//636
f 2117//234 1854//1770 1863//235
f 2016//1342 2158//2653 1854//1770
f 2016//1342 1504//1341 1357//2187
f 2158//2653 2016//1342 1357//2187
f 1114//2245 236//1272 1661//2244
f 2129//2516 2154//1999 2137//2000
f 2133//2044 2106//2662 2097//2032
f 2491//325 1999//825 2041//2508
f 2051//90 1238//483 1768//2409
f 2061//1611 2108//2500 2081//868
f 2189//2035 2195//1653 2186//2002
f 2348//2457 2349//2456 2362//2670
f 1701//1509 192//2026 482//2017
f 505//824 1737//2393 1707//2391
f 2133//2044 2132//2663 2106//2662
f 2132//2663 2133//2044 2151//1783
f 2151//1783 2170//1782 2160//1598
f 502//2230 1661//2244 2162//1906
f 1998//62 1389//2204 1997//1957
f 2297//2671 2352//2672 2329//2673
f 2352//2672 2364//2674 2329//2673
f 2394//2675 2414//2676 2364//2674
f 2352//2672 2394//2675 2364//2674
f 2402//2444 512//1185 2415//2677
f 2255//2678 2254//2679 2243//2680
f 2446//2681 1365//1032 2456//2682
f 2271//2683 2282//2683 2298//2683
f 846//267 2283//2684 2264//268
f 2293//2685 2310//2686 2318//2687
f 2254//2679 2295//2688 2294//2689
f 2283//2684 2290//2690 2278//511
f 2270//2545 2294//2689 2293//2685
f 2423//2691 2455//2231 2400//1462
f 2281//2692 2287//1378 2267//1377
f 2190//2627 2191//2693 2204//2628
f 2271//2694 2263//2695 2282//2696
f 2334//2697 2329//2697 2364//2697
f 2424//2698 2432//2699 2409//2700
f 2282//2696 2263//2695 2298//2701
f 1409//759 1659//2088 1958//760
f 2263//2702 2302//2703 2298//2704
f 2297//2671 2329//2673 2296//2705
f 1256//2706 446//2440 2346//2439
f 1958//481 2502//28 2478//971
f 2437//1982 2399//1981 2444//2707
f 263//368 2366//1551 2359//467
f 849//1476 827//1301 823//1549
f 2311//1063 2325//2645 2290//2690
f 2499//573 2379//2104 2434//27
f 2446//2681 2456//2682 2423//2691
f 947//1211 2358//1213 2379//2104
f 2499//573 947//1211 2379//2104
f 2205//1654 2195//1653 2212//2708
f 2245//2709 2237//1275 2227//1276
f 2245//2709 2256//2710 2237//1275
f 2256//2111 2263//2695 2271//2694
f 556//1675 571//1052 2305//1064
f 1528//1955 2068//1380 1518//1151
f 2424//2698 2439//987 2432//2699
f 2302//2703 2352//2672 2297//2671
f 1866//427 2237//1275 826//428
f 2248//2711 2242//2712 2211//1633
f 2334//2713 2364//2713 2363//2713
f 2235//2714 2244//2647 2226//2649
f 2255//2678 2295//2688 2254//2679
f 2329//2673 2324//2715 2296//2705
f 2439//2716 2447//1376 1973//1401
f 2329//2717 2334//2718 2324//2719
f 2409//2700 2432//2699 2414//2676
f 2293//2685 2318//2687 2276//2546
f 866//2215 2425//2720 2416//2721
f 1487//2722 1493//2723 2372//2343
f 2237//1275 2231//2724 2230//2725
f 2415//2677 512//1185 17//1287
f 2035//1822 1236//539 26//540
f 921//136 2138//1420 688//159
f 2491//325 2482//1175 2462//326
f 6//1355 181//871 197//873
f 2481//421 948//255 1795//254
f 2138//1420 2383//2542 2382//1252
f 2377//2726 2394//2675 2352//2672
f 2377//2726 506//1572 2394//2675
f 2394//2675 506//1572 2402//2727
f 2401//2728 2402//2727 2415//2729
f 2394//2675 2402//2727 2401//2728
f 2318//2730 2326//2167 2276//2731
f 2439//987 2457//986 2432//2699
f 2298//2704 2302//2703 2297//2671
f 2244//2647 2249//2732 2243//2648
f 2404//2733 1100//75 2382//1252
f 2238//2734 2245//2709 2227//1276
f 2245//2709 2257//2735 2256//2710
f 2257//2735 2263//2702 2256//2710
f 2324//2719 2334//2718 2328//2736
f 2257//2735 2289//2737 2263//2702
f 2289//2737 2302//2703 2263//2702
f 2236//2738 2231//2113 2250//2112
f 2138//1420 2382//1252 688//159
f 2383//2542 2404//2733 2382//1252
f 1100//75 2404//2733 2343//2739
f 2353//1574 2352//2672 2302//2703
f 2353//1574 2377//2726 2352//2672
f 2237//1275 2230//2725 2220//721
f 2335//1300 2355//1296 2325//2645
f 2308//2740 2340//2740 2315//2740
f 2253//2239 2269//2407 2276//2546
f 2311//1063 2335//1300 2325//2645
f 2439//2716 2424//1608 511//1385
f 2268//2361 2267//1377 2248//2711
f 2383//2542 413//1442 2404//2733
f 123//1825 971//1438 832//2741
f 2234//2238 2243//2680 2269//2407
f 2225//2237 2213//2116 2234//2238
f 2219//2742 2213//2116 2225//2237
f 2195//1653 2196//2743 2212//2708
f 1544//2310 2418//285 1549//2288
f 413//1442 866//2215 2404//2733
f 2404//2733 866//2215 2416//2721
f 2416//2721 2417//2744 2404//2733
f 2404//2733 2417//2744 2343//2739
f 2415//2729 2409//2700 2401//2728
f 2196//2743 2219//2742 2212//2708
f 2268//2361 2248//2711 2218//2360
f 2206//2745 2214//2115 2197//2746
f 2417//2744 2332//2747 2343//2739
f 2343//2739 2332//2747 832//2741
f 2330//1573 2302//2703 2289//2737
f 2330//1573 2353//1574 2302//2703
f 2453//1190 2454//1189 515//1690
f 2218//2360 2248//2711 2217//2748
f 2218//2360 2217//2748 2205//1654
f 2276//2731 2281//2692 2268//2361
f 2178//1480 2197//2746 2177//1581
f 2197//2746 2189//2035 2177//1581
f 2332//2747 2066//2749 832//2741
f 832//2741 2066//2749 123//1825
f 2231//2113 2236//2738 2230//2750
f 669//35 950//1318 1144//33
f 2217//2748 2211//1633 2199//2751
f 1216//2658 1209//2752 1217//2753
f 2066//2749 2365//2754 123//1825
f 2230//2725 2226//2755 2214//2115
f 2290//2690 2325//2645 2304//1461
f 2325//2645 2319//1459 2304//1461
f 2217//2748 2248//2711 2211//1633
f 2191//2693 2192//1652 2199//2756
f 510//1297 525//1299 2035//1822
f 2417//2744 1917//2757 2332//2747
f 2332//2747 1917//2757 2066//2749
f 2408//2758 2413//334 2341//333
f 2248//2711 2267//1377 2242//2712
f 2326//2167 2333//1445 2281//2692
f 1340//2042 2365//2754 2066//2749
f 2440//1946 1302//1953 1340//2042
f 2226//2649 2230//2759 2235//2714
f 1153//1700 1163//1810 1116//2450
f 2431//2641 2455//2760 2438//1284
f 2416//2721 2425//2720 2417//2744
f 2495//580 2474//324 2462//326
f 2290//2690 2304//1461 2277//2761
f 825//1384 2227//1276 1872//1225
f 151//1710 239//1709 1038//702
f 9//739 151//1710 1038//702
f 545//111 928//1669 2381//25
f 2440//1946 2406//1954 1384//1928
f 928//1669 1596//78 2381//25
f 2186//2002 2188//923 2185//2762
f 2456//2682 26//2763 1888//2764
f 2287//1378 2333//1445 2262//1881
f 2425//2720 2342//2765 2417//2744
f 2342//2765 1917//2757 2417//2744
f 1917//2757 877//2766 2066//2749
f 2336//2767 1340//2042 2066//2749
f 2336//2767 2440//1946 1340//2042
f 2328//2736 2351//2768 2327//2769
f 825//1384 2238//2734 2227//1276
f 2351//2768 2368//2166 2327//2165
f 1222//1927 2388//1969 1211//1979
f 678//1545 756//1517 734//183
f 428//1550 263//368 1343//370
f 2188//2770 2191//2693 2190//2627
f 2341//333 2376//335 2333//1445
f 2066//2749 877//2766 2336//2767
f 2290//2690 2277//2761 2278//511
f 739//1026 634//359 592//266
f 675//1058 304//262 14//229
f 2384//1590 675//1058 14//229
f 2199//2751 2211//1633 2204//1635
f 2191//2693 2199//2756 2204//2628
f 2322//2771 2318//2687 2310//2686
f 2287//1378 2262//1881 2233//1379
f 2185//2762 2188//923 2184//922
f 2386//2772 2425//2720 845//2159
f 2384//1590 572//1059 675//1058
f 1128//816 123//1825 2365//2754
f 832//2741 971//1438 2343//2739
f 2188//2770 2186//2002 2191//2693
f 2185//2762 2184//922 2176//1579
f 2345//2773 1917//2757 2342//2765
f 2345//2773 877//2766 1917//2757
f 2336//2767 2406//1954 2440//1946
f 971//1438 1100//75 2343//2739
f 2299//2774 2289//2737 2257//2735
f 2299//2774 2303//1612 2289//2737
f 2249//2732 2255//2775 2243//2648
f 506//1572 513//1123 512//1185
f 2437//1850 955//1441 1219//1440
f 1587//1667 2398//2023 1324//1668
f 877//2766 2396//2667 2336//2767
f 2336//2767 2396//2667 2406//1954
f 2463//244 2479//653 879//245
f 2376//335 2412//2776 2350//1446
f 2281//2692 2267//1377 2268//2361
f 2303//1612 2330//1573 2289//2737
f 624//296 635//985 159//654
f 1996//1053 2356//1344 1561//112
f 2449//284 2436//283 1996//1053
f 2356//1344 2054//2777 2451//1602
f 928//1669 2398//2023 1587//1667
f 2333//1445 2350//1446 2262//1881
f 2035//1031 26//2763 2456//2682
f 2346//2778 2342//2765 2425//2720
f 2346//2778 2345//2773 2342//2765
f 1544//2310 2380//2779 2418//285
f 2412//2776 2392//2780 2350//1446
f 622//1157 509//1799 1151//1354
f 2436//283 2054//2777 1996//1053
f 545//111 2451//1602 928//1669
f 2326//2167 2341//333 2333//1445
f 2346//2781 2425//2720 2386//2772
f 1365//1032 2035//1031 2456//2682
f 2369//1541 2377//2726 2353//1574
f 2369//1541 506//1572 2377//2726
f 2451//1602 900//2782 928//1669
f 900//2782 2398//2023 928//1669
f 1235//1283 1888//1282 1244//168
f 2337//1368 2345//2773 2346//2778
f 877//2766 772//2040 2396//2667
f 772//2040 1275//1604 2396//2667
f 2432//2699 2446//2681 2414//2676
f 2294//2689 2295//2688 2310//2686
f 2369//1541 2330//1573 828//1542
f 2418//285 2419//2783 2436//283
f 2450//2784 2429//2785 2436//283
f 2436//283 2429//2785 2054//2777
f 2490//1293 2494//499 1656//1691
f 1321//1911 155//1755 2338//1754
f 1256//1994 2346//2786 2386//2016
f 2448//2787 877//2766 2345//2773
f 877//2766 2448//2787 772//2040
f 2446//2681 2423//2691 2414//2676
f 2351//2768 2334//2718 2363//2788
f 2243//2680 2254//2679 2269//2407
f 2380//2779 2419//2783 2418//285
f 2419//2783 2450//2784 2436//283
f 2283//2684 2278//511 2264//268
f 822//1182 2197//2746 823//2789
f 1008//2073 1759//1820 1565//439
f 2448//2787 2345//2773 2337//1368
f 2270//2545 2293//2685 2276//2546
f 2323//2790 2324//2715 2328//2736
f 2429//2785 1012//2791 2054//2777
f 2226//2755 2243//2680 2213//2116
f 2395//228 325//199 772//2040
f 2370//1993 2367//431 2380//2779
f 2054//2777 2435//2792 2451//1602
f 2435//2792 2397//2793 2451//1602
f 2451//1602 2397//2793 900//2782
f 1774//1628 1974//2447 1975//2375
f 2305//1064 2290//2690 2283//2684
f 846//267 2305//1064 2283//2684
f 2320//2660 1215//2659 2285//2794
f 2139//2795 2448//2787 2337//1368
f 2448//2787 2395//228 772//2040
f 1232//1995 1231//1987 1216//1989
f 2272//2796 2285//2796 2284//2796
f 2367//431 2371//2797 2380//2779
f 2371//2797 2405//2798 2380//2779
f 2380//2779 2405//2798 2419//2783
f 2419//2783 2429//2785 2450//2784
f 2429//2785 176//2799 1012//2791
f 2397//2793 2373//2800 900//2782
f 2373//2800 2398//2023 900//2782
f 2373//2800 1379//1937 2398//2023
f 2372//2343 1500//2801 1508//2317
f 1133//105 1303//1568 1142//1329
f 2252//2639 2273//2802 2272//2803
f 891//2804 2252//2804 2272//2804
f 2419//2783 2405//2798 2429//2785
f 2405//2798 2430//2805 2429//2785
f 2429//2785 2430//2805 176//2799
f 2189//2035 2186//2002 2181//2036
f 2212//2708 2219//2742 2218//2360
f 2312//1048 2139//2795 2337//1368
f 2139//2795 2384//1590 2448//2787
f 2448//2787 2384//1590 2395//228
f 899//2806 855//1399 843//1398
f 2272//2803 2273//2802 2285//2794
f 2331//1460 2303//1612 2299//2774
f 176//2799 2435//2792 2054//2777
f 1012//2807 176//2807 2054//2807
f 2177//1581 2185//2762 2176//1579
f 2218//2360 2219//2742 2225//2237
f 1216//2808 1220//2808 1215//2808
f 2378//1078 2139//2795 2312//1048
f 2384//1590 14//229 2395//228
f 2324//2715 2295//2688 2255//2678
f 2240//2493 2273//2802 2252//2639
f 2371//2797 2387//2809 2405//2798
f 2410//2810 2430//2805 2405//2798
f 2430//2805 2442//2811 176//2799
f 2435//2792 2344//2812 2397//2793
f 2397//2793 2344//2812 2373//2800
f 2456//2682 1888//2764 2455//2760
f 2242//2712 2267//1377 2233//1379
f 2233//1379 2262//1881 2229//2278
f 2378//1078 2384//1590 2139//2795
f 2323//2790 2310//2686 2295//2688
f 2323//2790 2322//2771 2310//2686
f 2240//2493 2274//2813 2273//2802
f 974//1500 841//1567 990//1566
f 2490//1293 1447//1212 2486//572
f 2387//2809 2410//2810 2405//2798
f 2442//2811 2141//2814 176//2799
f 2344//2812 1778//2815 2373//2800
f 972//2816 1379//1937 2373//2800
f 1778//2815 972//2816 2373//2800
f 1379//1937 972//2816 428//1550
f 1211//1979 2437//1850 1223//1775
f 1228//1940 1215//2817 1220//1972
f 702//1077 2378//1078 2312//1048
f 17//1287 518//1263 2415//2677
f 1888//1282 26//540 1244//168
f 2324//2715 2323//2790 2295//2688
f 2305//1064 2311//1063 2290//2690
f 2307//2818 2285//2794 2273//2802
f 2274//2813 2307//2818 2273//2802
f 2307//2818 2320//2660 2285//2794
f 2369//1541 531//1124 506//1572
f 2435//2792 2258//2819 2344//2812
f 2296//2705 2324//2715 2288//2820
f 1233//2037 1217//2006 2361//2821
f 2360//430 2371//2797 2367//431
f 2410//2810 2442//2811 2430//2805
f 176//2799 2141//2814 2258//2819
f 176//2799 2258//2819 2435//2792
f 539//1199 2331//1460 66//776
f 2350//1446 2392//2780 2317//2822
f 2268//2361 2225//2237 2253//2239
f 1508//2317 1500//2801 2371//2797
f 2360//430 1508//2317 2371//2797
f 2371//2797 1500//2801 2387//2809
f 972//2816 2366//1551 428//1550
f 1626//2118 1686//2255 1358//2061
f 1759//1820 1807//1819 1819//2370
f 2277//2761 2257//2735 2245//2709
f 2277//2761 2299//2774 2257//2735
f 1784//2823 2228//2824 1736//2492
f 2265//2825 2240//2493 1736//2492
f 2228//2824 2265//2825 1736//2492
f 2265//2825 2274//2813 2240//2493
f 1209//2752 2320//2660 2307//2818
f 2320//2660 1209//2752 1216//2658
f 1555//40 1584//41 1560//2344
f 2387//2809 1500//2801 2372//2343
f 2410//2810 2420//2826 2442//2811
f 2433//2827 972//2816 1778//2815
f 2433//2827 2366//1551 972//2816
f 955//1441 522//1141 1225//1439
f 2339//2828 2307//2818 2274//2813
f 2372//2343 1493//2723 2387//2809
f 2411//2829 2420//2826 2410//2810
f 2420//2826 954//2830 2442//2811
f 2442//2811 954//2830 2141//2814
f 2344//2812 2433//2827 1778//2815
f 2205//1654 2212//2708 2218//2360
f 2328//2736 2334//2718 2351//2768
f 2394//2675 2401//2728 2414//2676
f 2250//2112 2256//2111 2271//2694
f 2339//2828 1209//2752 2307//2818
f 2328//2736 2322//2771 2323//2790
f 866//2215 845//2159 2425//2720
f 3//1740 316//1778 893//2257
f 2387//2809 2411//2829 2410//2810
f 2441//2831 2141//2814 954//2830
f 2141//2814 2441//2831 2258//2819
f 2354//2832 2433//2827 2344//2812
f 2254//2679 2294//2689 2270//2545
f 2269//2407 2254//2679 2270//2545
f 863//1662 2305//1064 846//267
f 2441//2831 2354//2832 2258//2819
f 2258//2819 2354//2832 2344//2812
f 2319//1459 2355//1296 51//584
f 2223//2833 2228//2824 1784//2823
f 1493//2723 2411//2829 2387//2809
f 1560//2344 2449//284 1555//40
f 2288//2820 2324//2715 2255//2678
f 825//1384 2251//512 2238//2734
f 2251//512 2245//2709 2238//2734
f 1299//593 84//592 1312//1876
f 2246//2834 2265//2825 2228//2824
f 2313//2835 2274//2813 2265//2825
f 2313//2835 2339//2828 2274//2813
f 2251//512 2277//2761 2245//2709
f 2319//1459 51//584 2331//1460
f 891//74 1862//454 2252//2640
f 2443//1854 954//2830 2420//2826
f 2443//1854 2441//2831 954//2830
f 511//1385 2447//1376 2439//2716
f 2242//2712 2233//1379 2211//1633
f 188//248 15//564 814//551
f 2443//1854 2426//2668 2441//2831
f 2426//2668 2354//2832 2441//2831
f 2306//2836 2403//2837 2433//2827
f 2433//2827 2403//2837 2366//1551
f 539//1199 2303//1612 2331//1460
f 2246//2834 2228//2824 2223//2833
f 1030//854 1819//1764 1807//1841
f 2354//2832 2306//2836 2433//2827
f 2413//334 2412//2776 2376//335
f 2438//1284 2455//2760 1888//2764
f 1848//2190 1857//2422 2176//2189
f 2207//2838 2208//2839 2223//2833
f 2208//2839 2246//2834 2223//2833
f 1209//2752 2339//2828 1217//2753
f 2339//2828 2361//2840 1217//2841
f 1221//1593 1210//2842 2388//1969
f 554//404 109//403 78//417
f 386//161 1375//163 95//150
f 2327//2165 2326//2167 2318//2730
f 2179//2843 2182//2844 1393//2845
f 2182//2844 2208//2846 1393//2845
f 1393//2847 2208//2839 2207//2838
f 2361//2840 2399//1981 2388//2848
f 2388//2848 2399//1981 1211//1983
f 2306//2836 2354//2832 2426//2668
f 2403//2837 2359//467 2366//1551
f 2214//2115 2226//2755 2213//2116
f 2268//2361 2253//2239 2276//2546
f 889//2849 2200//2850 2179//2851
f 2200//2850 2182//2852 2179//2851
f 2200//2850 2221//2853 2182//2852
f 2221//2853 2208//2839 2182//2852
f 2314//2854 2265//2825 2246//2834
f 2314//2854 2313//2835 2265//2825
f 2339//2828 2374//2855 2361//2840
f 2478//971 2434//27 2379//2104
f 2205//1654 2217//2748 2199//2751
f 2208//2839 2259//2856 2246//2834
f 2259//2856 2275//2857 2246//2834
f 2314//2854 2321//2858 2313//2835
f 2313//2835 2347//2859 2339//2828
f 2347//2859 2374//2855 2339//2828
f 2374//2855 2399//1981 2361//2840
f 153//1913 154//1917 2426//2668
f 154//1917 2306//2836 2426//2668
f 2385//500 2359//467 2403//2837
f 2221//2853 2259//2856 2208//2839
f 2306//2836 2357//2860 2403//2837
f 2357//2860 2385//500 2403//2837
f 2237//1275 2256//2710 2231//2724
f 2172//2861 2180//1677 889//2849
f 2180//1677 2200//2850 889//2849
f 2200//2850 2201//2862 2221//2853
f 2246//2834 2291//2863 2314//2854
f 2374//2855 2444//2864 2399//1981
f 571//1052 555//1107 2311//1063
f 2192//1652 2205//1654 2199//2756
f 2173//1678 2180//1677 2172//2865
f 2279//2866 2246//2834 2275//2857
f 2279//2866 2291//2863 2246//2834
f 2292//2867 2314//2854 2291//2863
f 2321//2858 2362//2515 2313//2835
f 2362//2515 2347//2859 2313//2835
f 2347//2859 2389//2868 2374//2855
f 2444//2707 955//2869 2437//1982
f 2292//2870 2291//2871 2279//2872
f 2452//2873 2444//2864 2374//2855
f 2054//2777 2356//1344 1996//1053
f 2338//1754 2306//2836 154//1917
f 2186//2002 2192//1652 2191//2693
f 2193//2874 2201//2862 2200//2850
f 2259//2856 2221//2853 2201//2862
f 2247//2875 2259//2856 2201//2862
f 2452//2876 955//2869 2444//2707
f 2278//511 2277//2761 2251//512
f 2338//1754 2357//2860 2306//2836
f 2181//2036 2186//2002 2185//2762
f 2276//2731 2326//2167 2281//2692
f 2432//2699 2457//986 2446//2681
f 2198//2877 2201//2878 2193//2879
f 2198//2877 2232//2880 2201//2878
f 2232//2880 2247//2881 2201//2878
f 2389//2868 2452//2873 2374//2855
f 2452//2876 1630//2882 955//2869
f 1403//887 1749//2157 1444//888
f 1555//40 1996//1053 1561//112
f 2357//2860 2427//2883 2385//500
f 2385//500 2428//1177 230//468
f 2409//2700 2415//2729 2424//2698
f 2304//1461 2331//1460 2299//2774
f 2193//2874 2200//2850 2180//1677
f 2445//1191 2452//2873 2389//2868
f 1565//439 1759//1820 1927//2059
f 2380//2779 1544//2310 2370//1993
f 2338//1754 2427//2883 2357//2860
f 2427//2883 2428//1177 2385//500
f 230//468 222//596 253//554
f 2202//2884 2198//2877 2193//2879
f 2202//2884 2209//2885 2198//2877
f 2209//2885 2241//2886 2198//2877
f 2241//2886 2232//2880 2198//2877
f 2266//2386 2275//2857 2259//2856
f 2365//2754 1340//2042 1128//816
f 2415//2677 518//1263 2424//1608
f 2338//1754 170//459 2427//2883
f 170//459 2428//1177 2427//2883
f 2181//2036 2185//2762 2177//1581
f 2196//2743 2195//1653 2189//2035
f 2183//924 2193//2874 2180//1677
f 2453//1190 1630//2887 2452//2873
f 2197//2746 2214//2115 2189//2035
f 2401//2728 2409//2700 2414//2676
f 822//1182 2220//721 2197//2746
f 1210//2888 2361//2840 2388//2848
f 2187//2889 2193//2874 2183//924
f 2187//2890 2202//2884 2193//2879
f 2266//2386 2279//2866 2275//2857
f 2279//2872 2300//2891 2292//2870
f 2375//2892 2347//2859 2362//2515
f 2375//2892 2390//2893 2347//2859
f 2390//2893 2389//2868 2347//2859
f 2453//1190 2452//2873 2445//1191
f 1347//1956 1630//2887 2453//1190
f 1630//1444 1347//2634 522//1141
f 2220//721 2206//2745 2197//2746
f 2262//1881 2350//1446 2286//1882
f 170//459 254//2567 2428//1177
f 2457//986 1973//988 2446//2681
f 1973//988 1365//1032 2446//2681
f 2174//1676 2183//924 2180//1677
f 2194//2894 2202//2884 2187//2890
f 2222//2895 2241//2886 2209//2885
f 2222//2895 2260//2896 2241//2886
f 2266//2386 2259//2856 2247//2875
f 2390//2893 2445//1191 2389//2868
f 2264//268 2251//512 825//1384
f 2363//2788 2368//2166 2351//2768
f 2326//2167 2393//2371 2341//333
f 1855//2519 1850//1495 1851//1650
f 2210//2897 2209//2885 2202//2884
f 2210//2897 2222//2895 2209//2885
f 2261//1883 2260//2896 2222//2895
f 2280//2898 2279//2866 2266//2386
f 2280//2899 2300//2891 2279//2872
f 251//432 263//368 2359//467
f 2277//2761 2304//1461 2299//2774
f 2220//721 2230//2725 2206//2745
f 2202//2884 2194//2894 2210//2897
f 2213//2116 2243//2680 2234//2238
f 2328//2736 2327//2769 2322//2771
f 2294//2689 2310//2686 2293//2685
f 2214//2900 2196//2900 2189//2900
f 2196//2743 2213//2116 2219//2742
f 2224//2271 2222//2895 2210//2897
f 2421//2211 2390//2893 2375//2892
f 2206//2745 2230//2725 2214//2115
f 2194//2894 2203//2629 2210//2897
f 2224//2271 2261//1883 2222//2895
f 2421//2211 2445//1191 2390//2893
f 2322//2771 2327//2769 2318//2687
f 2393//2371 2408//2758 2341//333
f 1365//1032 1973//988 510//1030
f 2216//1634 2210//2897 2203//2609
f 2216//1634 2224//2271 2210//2897
f 2266//2386 2308//2385 2280//2898
f 2280//2899 2308//2901 2300//2891
f 2407//1463 2421//2211 2375//2892
f 2175//1328 2183//924 2174//1676
f 2194//2894 2190//2627 2203//2629
f 2454//1189 2445//1191 2421//2211
f 522//1141 1347//2634 523//1142
f 2456//2682 2455//2231 2423//2691
f 823//2789 2197//2746 2178//1480
f 2281//2692 2333//1445 2287//1378
f 2188//923 2187//2889 2183//924
f 2188//2770 2190//2627 2194//2894
f 2187//2890 2188//2770 2194//2894
f 2308//2901 2315//2902 2300//2891
f 2407//1463 2375//2892 2362//2515
f 2443//1854 2420//2826 2503//2903
f 2420//2826 2411//2829 2503//2903
f 2411//2829 1493//2723 2503//2903
f 1493//2723 1487//2722 2503//2903
f 1487//2722 1318//2904 2503//2903
f 1318//2904 1320//1852 2503//2903
f 1320//1852 2443//1854 2503//2903
